#ifndef __TFT_PICTURE
#define __TFT_PICTURE
#include "stm32f4xx.h"

const uint16_t picture_160x128[] = {
    0xF2D4, 0x33DD, 0x74E5, 0x74DD, 0x95E5, 0xF6E5, 0x17EE, 0x37EE, 0x58EE, 0x58F6, 0x79F6, 0x79F6, 0x78F6, 0x78F6, 0x79F6, 0x79F6,
    0x79F6, 0x78F6, 0x98EE, 0x99EE, 0x78F6, 0x57EE, 0x57F6, 0x37EE, 0x37EE, 0x95DD, 0xC939, 0xB252, 0xB14A, 0xB14A, 0x9052, 0xB14A,
    0xB14A, 0xB14A, 0x6F4A, 0x6C52, 0x6D93, 0x6FBC, 0x13D5, 0xF2CC, 0xB1BC, 0xB1BC, 0x91BC, 0xB1BC, 0xB1C4, 0xB1BC, 0xB1BC, 0xB1BC,
    0xB1BC, 0xB2BC, 0xB1BC, 0xB1C4, 0xB1C4, 0xB2C4, 0xD2C4, 0xD2C4, 0xD2C4, 0xD2C4, 0xF2C4, 0xF2C4, 0xF2C4, 0xF1C4, 0xF2C4, 0x12C5,
    0x12C5, 0x12C5, 0x13CD, 0x13CD, 0x12C5, 0x12C5, 0x12C5, 0x13C5, 0x13C5, 0xD2BC, 0x0FAC, 0x8DA3, 0x4D9B, 0x6E9B, 0xCB82, 0x2F42,
    0xB252, 0xB152, 0xB14A, 0xB14A, 0xB152, 0xB152, 0xB152, 0xB152, 0xB152, 0x125B, 0xB052, 0x0C42, 0xCB31, 0x4821, 0xE610, 0xC839,
    0xEB82, 0x4DA3, 0x4C9B, 0x2C93, 0xCB92, 0x0C9B, 0x4C93, 0x4C93, 0x6D9B, 0x8E62, 0xB052, 0xB04A, 0x904A, 0x6F4A, 0x6F4A, 0x6F4A,
    0x6F4A, 0x8F4A, 0x9052, 0x8F4A, 0x6F4A, 0x6F4A, 0x6F4A, 0x4E4A, 0x4E4A, 0x4E4A, 0x4D4A, 0x4D4A, 0x2D42, 0x0C42, 0x0C42, 0x0C3A,
    0xEB39, 0xEB39, 0xCA31, 0xAA31, 0x8931, 0x6829, 0x6829, 0x4829, 0x4729, 0x6729, 0x4729, 0x4729, 0x4729, 0x4729, 0x2729, 0x2729,
    0x2621, 0x2729, 0x2729, 0x2621, 0x2621, 0x2621, 0x2621, 0x2621, 0x0621, 0x0621, 0x2621, 0x2621, 0x2621, 0x2621, 0x2621, 0x0621,
    0xD2D4, 0x12DD, 0x53DD, 0x74DD, 0x95E5, 0xD6E5, 0x16EE, 0x37EE, 0x57EE, 0x58F6, 0x78F6, 0x78F6, 0x58F6, 0x78F6, 0x78F6, 0x78F6,
    0x78F6, 0x78F6, 0x78F6, 0x78F6, 0x78F6, 0x57EE, 0x37EE, 0x17EE, 0x17EE, 0xF6ED, 0x6A5A, 0x0F42, 0x7042, 0x5042, 0x504A, 0x5042,
    0x5042, 0x4F42, 0x714A, 0x303A, 0xCD31, 0xEA49, 0xEB7A, 0xEEA3, 0xF1D4, 0xD2C4, 0x71BC, 0x71BC, 0x90BC, 0x91BC, 0x71BC, 0x71BC,
    0x71BC, 0x71BC, 0x90BC, 0x90C4, 0x90C4, 0x90C4, 0x91BC, 0xB1BC, 0xB1C4, 0xB1C4, 0xD1C4, 0xD1C4, 0xD1C4, 0xF1C4, 0xF1C4, 0xF2C4,
    0xF2C4, 0xF2C4, 0xF2C4, 0xF2C4, 0xF2C4, 0xF2C4, 0xF2C4, 0xF2C4, 0xF2C4, 0xF2C4, 0x70B4, 0xADA3, 0x2C9B, 0x0BA3, 0xAEAB, 0xA851,
    0x5042, 0x5042, 0x7042, 0x7042, 0x5042, 0x5042, 0x5042, 0x714A, 0xB252, 0x0D3A, 0x2821, 0xE710, 0x8500, 0xE620, 0xC751, 0xCA92,
    0x2BA3, 0x0B93, 0xAA8A, 0x0EA4, 0x74DD, 0xEFC3, 0xC751, 0xCA8A, 0x8972, 0x0721, 0x2E3A, 0x6F42, 0x4F42, 0x0E42, 0x0E42, 0x2E42,
    0x2E42, 0x2E42, 0x2F42, 0x2E42, 0x2E42, 0x2E42, 0x0E42, 0x0D42, 0x0D42, 0x0C3A, 0x0C3A, 0x0C3A, 0xEC39, 0xEC39, 0xCB39, 0xCB31,
    0xAA31, 0x8A31, 0x8931, 0x6929, 0x4729, 0x4721, 0x2721, 0x0721, 0x0621, 0x0621, 0x0621, 0xE620, 0xE518, 0xE518, 0xE518, 0xE518,
    0xC518, 0xC518, 0xC518, 0xC518, 0xC518, 0xC518, 0xC518, 0xC418, 0xA518, 0xC518, 0xC518, 0xC518, 0xC518, 0xC418, 0xC418, 0xC518,
    0xB2DC, 0xF3DC, 0x53DD, 0x74DD, 0xB5E5, 0xD6E5, 0x17EE, 0x37EE, 0x58F6, 0x78F6, 0x78F6, 0x78F6, 0x58F6, 0x58F6, 0x78F6, 0x58F6,
    0x78F6, 0x78F6, 0x78F6, 0x58F6, 0x78F6, 0x58F6, 0x38F6, 0x38EE, 0x37EE, 0x37F6, 0xCE9B, 0x2929, 0x7042, 0x5042, 0x5042, 0x5042,
    0x7042, 0x7042, 0x4F42, 0x5042, 0x7142, 0x303A, 0x4A21, 0x6829, 0xAB6A, 0x0EAC, 0xD1CC, 0xD1CC, 0xB1BC, 0x90BC, 0x91BC, 0x71BC,
    0x71BC, 0x70BC, 0x70BC, 0x90BC, 0xB1C4, 0xB1C4, 0xD1C4, 0xD1C4, 0xD1C4, 0xD2C4, 0xF2C4, 0xF2C4, 0xF2C4, 0x12C5, 0x12C5, 0xF2C4,
    0xF2C4, 0xF2C4, 0xF2C4, 0xF2C4, 0xF2C4, 0xF2C4, 0xF2C4, 0xF2C4, 0xF2C4, 0xF2C4, 0xF2C4, 0xB1BC, 0xADA3, 0xEB9A, 0x2BA3, 0xA98A,
    0xAA39, 0x924A, 0xB152, 0xB24A, 0x914A, 0x914A, 0xB252, 0x704A, 0x8A29, 0xA708, 0x8500, 0xA508, 0x8749, 0xEA92, 0x8CB3, 0x2FBC,
    0xB1CC, 0xEFBB, 0x8DAB, 0x076A, 0x2FAC, 0x6C93, 0x0872, 0xAA92, 0x287A, 0xA661, 0xA949, 0x6F42, 0x4F42, 0x2F42, 0x2E42, 0x2E42,
    0x4F42, 0x4F42, 0x4E42, 0x2E42, 0x2E42, 0x2E42, 0x2E42, 0x0D42, 0x0D42, 0x0D3A, 0x0C3A, 0x0C3A, 0x0C3A, 0xEC39, 0xEB39, 0xCB39,
    0xCA31, 0xAA31, 0x8A31, 0x8931, 0x6829, 0x6729, 0x4729, 0x2721, 0x0621, 0x0621, 0x0521, 0x0621, 0xE620, 0xE520, 0xE618, 0xC518,
    0xC518, 0xC518, 0xC518, 0xC518, 0xC518, 0xC518, 0xC518, 0xC418, 0xC518, 0xC518, 0xC518, 0xC518, 0xC518, 0xC518, 0xC518, 0xC518,
    0xB2D4, 0x13DD, 0x53DD, 0x75E5, 0xB5E5, 0xF6ED, 0x17EE, 0x38F6, 0x58F6, 0x78F6, 0x78F6, 0x78F6, 0x58F6, 0x78F6, 0x78F6, 0x58F6,
    0x58F6, 0x78F6, 0x78F6, 0x78F6, 0x78F6, 0x78F6, 0x59F6, 0x58F6, 0x57EE, 0x37F6, 0xB1BC, 0x6931, 0xAC31, 0x704A, 0x5042, 0x5042,
    0x7042, 0x7042, 0x5042, 0x5042, 0x7042, 0x7042, 0x7042, 0xED31, 0x2A19, 0x8931, 0x6B62, 0x8D93, 0x90C4, 0x12D5, 0xD1CC, 0x91C4,
    0x70BC, 0x70BC, 0x91C4, 0x91BC, 0x91BC, 0xD1C4, 0x12C5, 0xF2CC, 0xF2C4, 0xF2C4, 0xF2C4, 0xF2C4, 0xF2C4, 0xF2C4, 0x12C5, 0xF2C4,
    0xF2C4, 0xF2C4, 0xF2C4, 0xF2C4, 0xF2C4, 0xF2C4, 0xF2C4, 0xF2C4, 0xF2C4, 0xF1C4, 0xF1C4, 0x12CD, 0xD1C4, 0xEEB3, 0x0A9B, 0x2BA3,
    0x6651, 0x0E32, 0xCD31, 0xED39, 0x0E3A, 0x2E42, 0xED39, 0x2821, 0x4500, 0xE618, 0x8749, 0x6982, 0x6BAB, 0x4CAB, 0x8CAB, 0x4FC4,
    0x70C4, 0xADAB, 0xCA8A, 0x8982, 0x287A, 0xAA92, 0x6DB3, 0x498A, 0x8DAB, 0x30C4, 0x4CA3, 0x2F3A, 0x9042, 0x5042, 0x2F3A, 0x4F42,
    0x4F42, 0x6F3A, 0x6E3A, 0x4E42, 0x2E3A, 0x2E3A, 0x2E42, 0x2D42, 0x0D42, 0x2D42, 0x0D42, 0x0D3A, 0xEC39, 0x0C3A, 0xEB39, 0xEB39,
    0xCB31, 0xAA31, 0xAA31, 0xAA31, 0x8931, 0x6829, 0x4729, 0x2729, 0x0721, 0x0621, 0x0621, 0x0621, 0xE620, 0xE620, 0xE618, 0xC618,
    0xC518, 0xC518, 0xC518, 0xC518, 0xC518, 0xC518, 0xC518, 0xC518, 0xC518, 0xC518, 0xC518, 0xC518, 0xC518, 0xC518, 0xC518, 0xC518,
    0xD2D4, 0x33DD, 0x73DD, 0x75E5, 0xD5E5, 0xF6ED, 0x17EE, 0x58F6, 0x58F6, 0x78F6, 0x78F6, 0x78F6, 0x58F6, 0x58F6, 0x58F6, 0x58F6,
    0x78F6, 0x78F6, 0x78F6, 0x78F6, 0x98F6, 0x99F6, 0x79F6, 0x78F6, 0x58EE, 0x37EE, 0xB5DD, 0x8831, 0x2921, 0x704A, 0x7042, 0x5042,
    0x5042, 0x5042, 0x5042, 0x7042, 0x7042, 0x8F42, 0x904A, 0x8F4A, 0x2F42, 0xAD29, 0x4B19, 0x0D32, 0x8C5A, 0x0C7B, 0x0FB4, 0x90C4,
    0xF1D4, 0xF2D4, 0xB1C4, 0x91BC, 0x91BC, 0x91C4, 0xB1C4, 0xF2C4, 0xF2C4, 0xF2C4, 0xF2C4, 0xF2C4, 0xF2C4, 0xF2C4, 0xF1C4, 0xF2C4,
    0xF2C4, 0xF2C4, 0xF2C4, 0xF2C4, 0xF2C4, 0xF2C4, 0xF2C4, 0xF2C4, 0xF2C4, 0xF2C4, 0xF1C4, 0xF1C4, 0x32CD, 0x33CD, 0x50B4, 0x0B9B,
    0x4AA3, 0x6310, 0x8610, 0xC618, 0xE618, 0xE718, 0xA610, 0x8510, 0x6741, 0xCA8A, 0x6CAB, 0x6DB3, 0x2B9B, 0x0A9B, 0x0B9B, 0xCA92,
    0xCA92, 0xAA8A, 0xCA92, 0x2BA3, 0x2CA3, 0x2B9B, 0x4C9B, 0xF3C4, 0x5CFF, 0xBEFF, 0x4C83, 0xC810, 0xAC29, 0xEC31, 0x2E3A, 0xCE29,
    0x9042, 0x6F42, 0x6E42, 0x4E42, 0x2E3A, 0x2E3A, 0x2D42, 0x2D42, 0x2D42, 0x0D42, 0x0D42, 0x0D42, 0x0D3A, 0x0C3A, 0x0C3A, 0xEB39,
    0xCB39, 0xCB31, 0xAA31, 0xAA31, 0x6931, 0x6929, 0x4829, 0x2729, 0x2721, 0x0721, 0x0721, 0xE620, 0xE620, 0xE620, 0xE618, 0xE618,
    0xE618, 0xC518, 0xC518, 0xC518, 0xC518, 0xC518, 0xC518, 0xC518, 0xC518, 0xC518, 0xC518, 0xA518, 0xC518, 0xC518, 0xC518, 0xC518,
    0xD2D4, 0x13DD, 0x54E5, 0x95E5, 0xD6E5, 0x16EE, 0x37EE, 0x58EE, 0x58F6, 0x78F6, 0x78F6, 0x78F6, 0x78F6, 0x78F6, 0x78F6, 0x78F6,
    0x78F6, 0x78F6, 0x78F6, 0x78F6, 0x99F6, 0x99F6, 0x99FE, 0x99F6, 0x78F6, 0x37EE, 0x98FE, 0xEA39, 0x2819, 0x8A29, 0x904A, 0x7042,
    0x5042, 0x5042, 0x5042, 0x7042, 0x7042, 0x7042, 0x7042, 0x7042, 0x704A, 0x4F42, 0xAC31, 0xEE39, 0x5032, 0xCE29, 0x2D42, 0x6C52,
    0x6E83, 0xCDA3, 0x90C4, 0x12DD, 0xD2CC, 0x91C4, 0x91BC, 0xD2C4, 0xF2C4, 0xF2C4, 0xF2C4, 0xF2C4, 0xF2C4, 0xF2C4, 0xF2C4, 0xF2C4,
    0xF2C4, 0xF2C4, 0xF2C4, 0xF2C4, 0xF2C4, 0xF2C4, 0xF2C4, 0xF2C4, 0xF2C4, 0xF2C4, 0xF2C4, 0xF2C4, 0x12C5, 0x12C5, 0x33CD, 0xEEAB,
    0x4BA3, 0x6872, 0xC418, 0x0721, 0xE718, 0x6608, 0xE620, 0x4872, 0x2BA3, 0x4C9B, 0x2B93, 0xEA8A, 0xEA92, 0x0B9B, 0xEA9A, 0xEB9A,
    0x8A92, 0x0B9B, 0x4CA3, 0x4CA3, 0xEB9A, 0x2B9B, 0xAA82, 0xDAEE, 0xF3C4, 0x50AC, 0xC749, 0xA651, 0x4872, 0xCA8A, 0x0C8B, 0x0A52,
    0xCC31, 0x0E3A, 0x6F42, 0x8F4A, 0x6F42, 0x6F42, 0x4E42, 0x4E42, 0x2E42, 0x2E42, 0x2E42, 0x2E42, 0x0D42, 0x0C3A, 0x0C3A, 0x0C3A,
    0xEB39, 0xCB39, 0xCA31, 0xAA31, 0x8931, 0x8929, 0x6829, 0x4829, 0x2721, 0x2721, 0x0721, 0x0721, 0x0621, 0xE620, 0xE618, 0xE618,
    0xE618, 0xC618, 0xC618, 0xC518, 0xC518, 0xC518, 0xC518, 0xC518, 0xC518, 0xC518, 0xA518, 0xA518, 0xA518, 0xC518, 0xC518, 0xC518,
    0xD2DC, 0x13DD, 0x54E5, 0x95E5, 0xD6E5, 0x17EE, 0x38EE, 0x58F6, 0x78F6, 0x78F6, 0x98F6, 0x78F6, 0x78F6, 0x78F6, 0x78F6, 0x78F6,
    0x78F6, 0x99F6, 0x99F6, 0x99F6, 0x99F6, 0xB9F6, 0xB9F6, 0x99FE, 0x78F6, 0x38F6, 0x58FE, 0x9083, 0x8B29, 0x0619, 0xED39, 0x704A,
    0x5042, 0x5042, 0x4F42, 0x5042, 0x7042, 0x7042, 0x7042, 0x5042, 0x7042, 0x5042, 0x704A, 0xCC31, 0xED39, 0x904A, 0x7142, 0x1032,
    0xEF29, 0xED39, 0x6C52, 0xEB7A, 0x0FAC, 0xB1CC, 0x33DD, 0xF2CC, 0xF2C4, 0xF2C4, 0xF2C4, 0xF2C4, 0xF2C4, 0xF2C4, 0xF2C4, 0xF2C4,
    0xF2C4, 0xF2C4, 0xF2C4, 0xF2C4, 0xF2C4, 0xF2C4, 0xF2C4, 0xF2C4, 0xF2C4, 0xF2C4, 0xF2C4, 0xF2C4, 0x12C5, 0xF2C4, 0xF2C4, 0xD1C4,
    0xADAB, 0x4BAB, 0x0762, 0x4729, 0xE620, 0xC851, 0x0B93, 0xADAB, 0x6CA3, 0x4C9B, 0x8D9B, 0xCEA3, 0x50B4, 0x70C4, 0x0FB4, 0xEEB3,
    0xCEAB, 0x0EB4, 0x2FBC, 0x2FBC, 0x6CA3, 0x0B9B, 0x8982, 0x287A, 0x2782, 0x488A, 0x4BA3, 0xCAA2, 0xAA9A, 0x6CB3, 0x4CAB, 0x8CB3,
    0x6741, 0xE718, 0x4929, 0xCB31, 0x2D42, 0x2D42, 0x0D42, 0x0D42, 0xED39, 0x0D3A, 0x0D3A, 0x0D3A, 0x0D42, 0x0D3A, 0x0D3A, 0x0C42,
    0x0C42, 0x0C42, 0xEB39, 0xCB39, 0xAA31, 0xA931, 0x8929, 0x6829, 0x4829, 0x2729, 0x2621, 0x2621, 0x0621, 0x0621, 0xE620, 0xE620,
    0xE618, 0xE618, 0xC618, 0xC618, 0xE518, 0xC518, 0xC518, 0xC518, 0xC518, 0xC518, 0xA518, 0xA418, 0xC518, 0xC518, 0xC518, 0xC518,
    0xD2DC, 0x13DD, 0x54DD, 0x75E5, 0xD6ED, 0x17EE, 0x37EE, 0x58F6, 0x78F6, 0x78F6, 0x98F6, 0x98F6, 0x98F6, 0x98F6, 0x78F6, 0x78F6,
    0x99F6, 0x99F6, 0xB9F6, 0xB9F6, 0xB9FE, 0xBAF6, 0xDAFE, 0xB9FE, 0x99FE, 0x58F6, 0x58F6, 0x92BC, 0xAC31, 0x4A29, 0x0921, 0x2F42,
    0x5042, 0x5042, 0x4F42, 0x5042, 0x5042, 0x7042, 0x7042, 0x5042, 0x704A, 0xCD31, 0xED39, 0x2E42, 0xAC31, 0xED39, 0x6F42, 0x7042,
    0x7042, 0x7242, 0x3032, 0x6C21, 0x8929, 0x094A, 0x4D8B, 0xD1C4, 0x94E5, 0x53D5, 0xF2C4, 0xF2C4, 0x12C5, 0x12CD, 0x12C5, 0xF2C4,
    0xF2C4, 0xF1C4, 0xF1C4, 0xF2C4, 0xF2C4, 0xF2C4, 0xF2C4, 0xF2C4, 0xF2C4, 0xF2C4, 0xF2C4, 0xF2C4, 0xF2C4, 0xF2C4, 0xF2C4, 0xF2C4,
    0x70BC, 0xCEB3, 0x8DA3, 0x487A, 0x898A, 0xEEBB, 0x0FB4, 0x90BC, 0xB1C4, 0xD1C4, 0xD2C4, 0x12CD, 0x13CD, 0x12CD, 0x12CD, 0x32CD,
    0x73CD, 0x12CD, 0x50BC, 0xADAB, 0x6C9B, 0x2B9B, 0x4B9B, 0x0A9B, 0x0B9B, 0xCA92, 0x898A, 0x0FAC, 0x2FB4, 0xA98A, 0x6CAB, 0x2CA3,
    0xC859, 0xC618, 0xC618, 0xC610, 0xE718, 0x0719, 0x0721, 0x0721, 0x2721, 0x2821, 0x2821, 0x2821, 0x4821, 0x2929, 0x4929, 0x4929,
    0x6929, 0x8931, 0x8931, 0x8931, 0x8931, 0x8929, 0x6829, 0x4829, 0x2829, 0x2729, 0x2629, 0x2621, 0x2621, 0x0621, 0xE620, 0x0621,
    0xE618, 0xE620, 0xE518, 0xE518, 0xE518, 0xC518, 0xC518, 0xC518, 0xC518, 0xC518, 0xC518, 0xC518, 0xC518, 0xC518, 0xC518, 0xC518,
    0xD2DC, 0x13DD, 0x33E5, 0x75E5, 0xD5ED, 0x16EE, 0x37EE, 0x58F6, 0x78F6, 0x79F6, 0x99F6, 0x99F6, 0x99F6, 0x99F6, 0x99F6, 0x99F6,
    0x99F6, 0xB9F6, 0xB9F6, 0xB9FE, 0xDAFE, 0xDAFE, 0xFAFE, 0xDAFE, 0xD9FE, 0x99F6, 0x58F6, 0x17EE, 0x2921, 0xED39, 0x2821, 0x4929,
    0x704A, 0x504A, 0x5042, 0x7042, 0x7042, 0x7042, 0x7042, 0x7042, 0x7042, 0x6F42, 0xAC31, 0x8C31, 0xCC31, 0xAC31, 0xED39, 0x704A,
    0x7042, 0x7042, 0x7042, 0x714A, 0x0F3A, 0x4B19, 0xE810, 0xEA41, 0x2D7B, 0x4FB4, 0x53DD, 0x73DD, 0x52D5, 0x12CD, 0xF2CC, 0xF1C4,
    0xF1C4, 0xF1C4, 0xD1C4, 0xF2C4, 0xF2C4, 0xF2C4, 0xF2C4, 0xF2C4, 0xD2C4, 0xF2C4, 0xF2C4, 0xF2C4, 0xF2C4, 0xF2C4, 0x12C5, 0xF2C4,
    0xD1C4, 0x50BC, 0x50BC, 0x4CA3, 0xCA9A, 0x0B9B, 0xCEAB, 0xF2CC, 0x32CD, 0x32CD, 0x12CD, 0xF2C4, 0xD2C4, 0xF2CC, 0x12CD, 0x12C5,
    0x90BC, 0xEEAB, 0x8CA3, 0x4C9B, 0x0B9B, 0x0A9B, 0x2B9B, 0x0B9B, 0x0B9B, 0x4C9B, 0x14D5, 0x5CFF, 0xFFFF, 0x897A, 0xC761, 0xA620,
    0x0721, 0xA510, 0xE718, 0x0719, 0xE618, 0xE618, 0xE618, 0xE618, 0xE618, 0xE618, 0xE618, 0xE618, 0xE618, 0xC618, 0xE618, 0xE618,
    0xE618, 0xE618, 0xE618, 0x0621, 0x0721, 0x0721, 0x0721, 0x0721, 0xE720, 0x0621, 0x0621, 0x2621, 0x0621, 0xE620, 0xE520, 0xE518,
    0xE518, 0xE518, 0xE520, 0xE518, 0xE518, 0xC518, 0xC518, 0xC518, 0xC518, 0xC518, 0xC518, 0xC518, 0xC518, 0xC518, 0xC518, 0xC418,
    0xD2DC, 0xF2DC, 0x33E5, 0x75E5, 0xD6ED, 0x16EE, 0x37F6, 0x58EE, 0x98F6, 0x99F6, 0x99F6, 0x99F6, 0x99F6, 0x99F6, 0x99F6, 0xB9F6,
    0xB9F6, 0xD9F6, 0xD9F6, 0xDAFE, 0xFAFE, 0xFBFE, 0x1BFF, 0xFBFE, 0xDAFE, 0xB9F6, 0x78F6, 0x99FE, 0x0B42, 0xCD31, 0xEC39, 0xE818,
    0xCC39, 0x704A, 0x5042, 0x5042, 0x704A, 0x7042, 0x7042, 0x7042, 0x7042, 0x704A, 0x704A, 0xCD31, 0xAC31, 0xCC31, 0x8B31, 0xED39,
    0x7042, 0x7042, 0x5042, 0x5042, 0x704A, 0x2F42, 0xCD31, 0x6C21, 0x0A11, 0x6A29, 0xED72, 0xF0A3, 0x2EB4, 0x32DD, 0x53DD, 0x13CD,
    0xF1C4, 0x11C5, 0xF2C4, 0xF2C4, 0xF2C4, 0xF2C4, 0xF1C4, 0xF2C4, 0xD1C4, 0xF1C4, 0xF1C4, 0xF2C4, 0x12C5, 0x12C5, 0x12C5, 0xF2C4,
    0xF2CC, 0x70BC, 0x70BC, 0x2FBC, 0x4C9B, 0xAA8A, 0xCA92, 0x0FB4, 0x91BC, 0xD1C4, 0xF2C4, 0xF2C4, 0xF2C4, 0xD1C4, 0x50BC, 0xEEB3,
    0x6CA3, 0x6C9B, 0x6C9B, 0x4C9B, 0x8CA3, 0xEEAB, 0x50BC, 0x0FB4, 0xAEAB, 0xAEAB, 0x18E6, 0xD3C4, 0xB2B4, 0x897A, 0xC751, 0xE859,
    0x4C8B, 0x8A6A, 0xA510, 0xE718, 0x0719, 0xE718, 0xE718, 0xE718, 0xE618, 0xE618, 0xE618, 0xE618, 0xE618, 0xC618, 0xC618, 0xE618,
    0xC618, 0xC618, 0xC618, 0xC618, 0xE618, 0xC618, 0xC618, 0xC618, 0xC518, 0xC518, 0xE518, 0xE518, 0xE618, 0xE518, 0xE618, 0xC518,
    0xC518, 0xC518, 0xE518, 0xE518, 0xC518, 0xC518, 0xC518, 0xC518, 0xC518, 0xC518, 0xC518, 0xC518, 0xC518, 0xC518, 0xC518, 0xC518,
    0xB2D4, 0xF2DC, 0x33DD, 0x95E5, 0xD6E5, 0x16EE, 0x37EE, 0x58F6, 0x98F6, 0xB9F6, 0xB9F6, 0xB9F6, 0xB9F6, 0xB9F6, 0xB9FE, 0xB9FE,
    0xD9FE, 0xDAFE, 0xFAFE, 0xFAFE, 0x1BFF, 0x1BFF, 0x1BFF, 0x1BFF, 0xFBFE, 0xDAF6, 0x98F6, 0x5AFE, 0x2F63, 0x8B29, 0xED39, 0xCC39,
    0xE818, 0x2E42, 0x704A, 0x5042, 0x704A, 0x7042, 0x7042, 0x7042, 0x7042, 0x7042, 0x704A, 0x704A, 0xCD39, 0x8B31, 0xAB31, 0xAC31,
    0x0E42, 0x7042, 0x7042, 0x7042, 0x7042, 0x914A, 0x5042, 0x2E3A, 0xAC31, 0x8C29, 0x2B19, 0xAD29, 0xEC39, 0x8C5A, 0xCE9B, 0xD0C4,
    0xB3DD, 0x53D5, 0x12CD, 0xF2C4, 0xF2C4, 0xF2C4, 0xD1C4, 0xD1C4, 0xD1C4, 0xF1C4, 0xF1C4, 0xF2C4, 0x12C5, 0xF2CC, 0xF2C4, 0xF2C4,
    0x12CD, 0xB1BC, 0x90BC, 0x70BC, 0x2FB4, 0x6CA3, 0x4CA3, 0xADA3, 0x0FB4, 0x4FBC, 0x70BC, 0x70BC, 0x90BC, 0x4FB4, 0xCDAB, 0xADA3,
    0xCDA3, 0xEEAB, 0x2FB4, 0x70BC, 0xD2C4, 0x12CD, 0x12C5, 0xF2C4, 0xD2C4, 0x70BC, 0x8D9B, 0x898A, 0x4882, 0x2B9B, 0x8CAB, 0xADB3,
    0x6BA3, 0xCDAB, 0x6A6A, 0x0721, 0xE718, 0xE718, 0xE618, 0xC618, 0xE618, 0xE618, 0xE518, 0xC618, 0xE618, 0xE618, 0xC618, 0xC618,
    0xE618, 0xC618, 0xC518, 0xC518, 0xE510, 0xC518, 0xC518, 0xC518, 0xC518, 0xC518, 0xC518, 0xC618, 0xC518, 0xC518, 0xC618, 0xC518,
    0xC518, 0xC518, 0xC518, 0xC518, 0xC518, 0xC518, 0xE518, 0xC518, 0xC518, 0xC518, 0xC518, 0xC418, 0xC518, 0xC418, 0xC518, 0xC518,
    0xB2D4, 0xF2DC, 0x33DD, 0x95E5, 0xD6E5, 0x16EE, 0x37EE, 0x78F6, 0x99F6, 0xB9F6, 0xB9FE, 0xB9F6, 0xD9FE, 0xD9FE, 0xD9FE, 0xD9FE,
    0xDAFE, 0xDAFE, 0xFAFE, 0x1AFF, 0x1BFF, 0x3BFF, 0x1BFF, 0x3BFF, 0x1BFF, 0xDAFE, 0xB9F6, 0x59FE, 0x717B, 0xED39, 0x8B31, 0xED39,
    0xAB31, 0x0921, 0x904A, 0x7042, 0x7042, 0x7042, 0x7042, 0x7042, 0x7042, 0x5042, 0x504A, 0x504A, 0x514A, 0x2F42, 0xAC31, 0xAB31,
    0xAC31, 0x0E42, 0x704A, 0x7042, 0x7042, 0x7042, 0x704A, 0x914A, 0x2F42, 0xED39, 0x8C31, 0xAC31, 0x2F3A, 0x0F32, 0xED31, 0x2B42,
    0x8D83, 0x6FB4, 0xB4E5, 0x53D5, 0xF2C4, 0xF2C4, 0xD1C4, 0xD1C4, 0xF2C4, 0xF1C4, 0xF1C4, 0xF2C4, 0xF2CC, 0xF2C4, 0xF2C4, 0xF2C4,
    0xF2CC, 0xD1C4, 0x90BC, 0x91C4, 0x91C4, 0x70BC, 0x0FB4, 0xCEAB, 0x0EB4, 0x2FB4, 0x4FBC, 0x4FBC, 0x2FB4, 0x2FB4, 0x4FB4, 0x70BC,
    0x90BC, 0xF2CC, 0x33CD, 0x33CD, 0x13CD, 0xF2CC, 0xD2C4, 0xF2C4, 0x12C5, 0x73CD, 0x73CD, 0x6FC4, 0x6CA3, 0x0B9B, 0x4C9B, 0x4C9B,
    0x2B9B, 0x8DA3, 0xADA3, 0x0621, 0xE618, 0xE618, 0xE618, 0xE618, 0xE618, 0xE618, 0xE618, 0xE618, 0xE618, 0xE618, 0xE618, 0xE618,
    0xE618, 0xC618, 0xC518, 0xC518, 0xE610, 0xC618, 0xC618, 0xC618, 0xC618, 0xE618, 0xE618, 0xC618, 0xC518, 0xC518, 0xC518, 0xC518,
    0xC518, 0xC518, 0xC518, 0xC518, 0xC518, 0xC518, 0xC518, 0xC518, 0xC518, 0xC518, 0xC518, 0xC418, 0xC418, 0xC418, 0xC418, 0xC418,
    0xD2DC, 0xF2DC, 0x34DD, 0x75E5, 0xD6ED, 0x16EE, 0x37EE, 0x78F6, 0x99F6, 0xB9F6, 0xB9F6, 0xBAFE, 0xDAFE, 0xDAFE, 0xDAFE, 0xFAFE,
    0xFAFE, 0xFAFE, 0x1BFF, 0x1BFF, 0x3BFF, 0x3BFF, 0x3BFF, 0x3BFF, 0x1BFF, 0xFAFE, 0xBAF6, 0x98F6, 0xB27B, 0x904A, 0xCC31, 0xAC31,
    0x0D3A, 0x6A29, 0x6A21, 0x904A, 0x7042, 0x7042, 0x7042, 0x7042, 0x5042, 0x7042, 0x7042, 0x5042, 0x5042, 0x704A, 0x5042, 0xED39,
    0xAB29, 0xAC39, 0x4F42, 0x7142, 0x7042, 0x704A, 0x704A, 0x5042, 0x714A, 0x7042, 0xED31, 0xAB29, 0xAB31, 0x0E42, 0x914A, 0x503A,
    0xCD29, 0xCA39, 0x2D7B, 0x90BC, 0x94E5, 0x32CD, 0xD1C4, 0xF2C4, 0xF2C4, 0xF2C4, 0xF2C4, 0xF2CC, 0xF2C4, 0xF2C4, 0x12C5, 0xF2C4,
    0xF2C4, 0xD2C4, 0xB1C4, 0x91C4, 0xB1C4, 0xF2C4, 0x70BC, 0x0FB4, 0x0FB4, 0x50B4, 0x90BC, 0xB0C4, 0xB0BC, 0x91C4, 0xB1C4, 0xD1C4,
    0xF2CC, 0xF2C4, 0xF2C4, 0xF2C4, 0xF2C4, 0xF2C4, 0xF2C4, 0x33CD, 0x33CD, 0xF2C4, 0x4FBC, 0xEB92, 0xCA92, 0x2C9B, 0x6CA3, 0xADAB,
    0xCDB3, 0x8DA3, 0xC849, 0xE718, 0x0721, 0x0719, 0x0721, 0x0719, 0x0619, 0xE718, 0xE618, 0xE618, 0xE618, 0xE618, 0xE618, 0xE618,
    0xE618, 0xC618, 0xC618, 0xE618, 0xE618, 0xE618, 0xE618, 0xE618, 0xE618, 0xE618, 0xC618, 0xC518, 0xC518, 0xC518, 0xC518, 0xC518,
    0xC518, 0xC518, 0xC518, 0xC518, 0xC518, 0xC518, 0xA518, 0xA518, 0xC518, 0xC518, 0xC518, 0xC518, 0xC518, 0xC518, 0xC518, 0xC518,
    0xD2DC, 0xF2D4, 0x34DD, 0x75E5, 0xD6ED, 0x16EE, 0x37EE, 0x78F6, 0x99F6, 0xD9F6, 0xDAFE, 0xDAFE, 0xDAFE, 0xDAFE, 0xFAFE, 0x1BFF,
    0x1BFF, 0x1BFF, 0x1BFF, 0x3BFF, 0x3BFF, 0x3BFF, 0x3BFF, 0x3BFF, 0x1BFF, 0xFAFE, 0xD9FE, 0x99F6, 0xF28B, 0x5042, 0x6F4A, 0xCC31,
    0xAC31, 0x2E42, 0x4A21, 0xEC31, 0x704A, 0x5042, 0x7042, 0x7042, 0x5042, 0x7042, 0x7042, 0x5042, 0x5042, 0x5042, 0x7042, 0x904A,
    0xED39, 0x8B29, 0xCC31, 0x704A, 0x714A, 0x7042, 0x7042, 0x7042, 0x5042, 0x7042, 0x7042, 0x0E3A, 0xAC31, 0xAB31, 0x0D3A, 0x904A,
    0xB242, 0x7142, 0xAE29, 0x2C4A, 0x0B73, 0x4FAC, 0xF2C4, 0x12CD, 0xF2CC, 0xF2C4, 0x12C5, 0x12C5, 0x11C5, 0x11C5, 0x12C5, 0x12C5,
    0x12C5, 0xF2C4, 0xB1C4, 0xB1C4, 0xB1C4, 0xF1C4, 0xF2C4, 0x70BC, 0x50BC, 0x70BC, 0xB1BC, 0xD1BC, 0xD1C4, 0xF2C4, 0xF2CC, 0xF2CC,
    0xF2C4, 0xF2C4, 0xF2CC, 0xF2C4, 0x12C5, 0xF2CC, 0xB1C4, 0x90C4, 0xEEB3, 0xEBA2, 0x088A, 0xCEBB, 0x8992, 0x2B9B, 0xADAB, 0xA982,
    0x486A, 0x4731, 0xA710, 0xE718, 0xC618, 0xC618, 0xA610, 0x8510, 0xA510, 0xA510, 0xC618, 0xC618, 0xE618, 0xE620, 0xC618, 0xE618,
    0xE618, 0xE618, 0xE618, 0xE618, 0xE618, 0xE618, 0xE618, 0xE618, 0xE618, 0xE618, 0xC618, 0xC618, 0xC518, 0xC518, 0xC618, 0xC518,
    0xC518, 0xC518, 0xC518, 0xC518, 0xC518, 0xC518, 0xC518, 0xC518, 0xC518, 0xA518, 0xC518, 0xC518, 0xA518, 0xC518, 0xC518, 0xC518,
    0xF2E4, 0xF2DC, 0x33DD, 0x75E5, 0xD6ED, 0x16EE, 0x37F6, 0x78F6, 0xB9F6, 0xDAFE, 0xFAFE, 0xDAFE, 0xDAFE, 0xFAFE, 0xFAFE, 0x1BFF,
    0x1BFF, 0x3BFF, 0x3BFF, 0x5BFF, 0x5CFF, 0x5CFF, 0x5BFF, 0x5BFF, 0x3BFF, 0x1AFF, 0xD9FE, 0x9AFE, 0xB3AC, 0x4F42, 0x714A, 0x2F42,
    0x8B29, 0xCC31, 0x2E42, 0x2921, 0x4F42, 0x5042, 0x5042, 0x5042, 0x5042, 0x5042, 0x5042, 0x5042, 0x5042, 0x5042, 0x7042, 0x7042,
    0x914A, 0xEE39, 0x8B29, 0xED39, 0x7042, 0xB14A, 0x704A, 0x7042, 0x7042, 0x7042, 0x5042, 0x714A, 0x2E42, 0xAB31, 0xAB31, 0xED39,
    0x7042, 0xB24A, 0x914A, 0x7142, 0x8931, 0x50CC, 0x70B4, 0x4FB4, 0x12CD, 0x32CD, 0x12C5, 0xF2C4, 0xF2C4, 0x12C5, 0x11C5, 0xF2C4,
    0xF2C4, 0xF2C4, 0xD2C4, 0xB1BC, 0xB1C4, 0xD1C4, 0x12C5, 0xD2C4, 0x91C4, 0xB1C4, 0xD1C4, 0xD1C4, 0xF2C4, 0xF2C4, 0xF2C4, 0xF2C4,
    0xF2C4, 0xF2C4, 0xF2C4, 0x12CD, 0xF2C4, 0x91C4, 0x0EBC, 0x8CAB, 0x4CAB, 0x30B4, 0x37DE, 0xDAEE, 0x5CFF, 0x8D9B, 0xE761, 0x6410,
    0x6700, 0xC908, 0x0719, 0x8310, 0x6308, 0x8310, 0x8410, 0xA510, 0xA510, 0xC518, 0xC510, 0xE618, 0xC518, 0xC518, 0xC518, 0xC518,
    0xA410, 0xA410, 0xA510, 0xC510, 0xC618, 0xE618, 0xE618, 0xE618, 0xE618, 0xE618, 0xE618, 0xE618, 0xC518, 0xC518, 0xC518, 0xC518,
    0xC518, 0xC518, 0xC518, 0xC518, 0xC518, 0xC518, 0xC518, 0xC518, 0xC518, 0xA518, 0xC518, 0xA518, 0xA518, 0xC518, 0xC518, 0xC518,
    0xD2E4, 0xF2DC, 0x33DD, 0x75E5, 0xD5E5, 0x16EE, 0x37F6, 0x78F6, 0xB9FE, 0xD9FE, 0xDAFE, 0xDAFE, 0xDAFE, 0xFAFE, 0x1AFF, 0x3BFF,
    0x3BFF, 0x3BFF, 0x3BFF, 0x5CFF, 0x5CFF, 0x5CFF, 0x5CFF, 0x5CFF, 0x5BFF, 0x1BFF, 0xDAFE, 0xB8F6, 0x35C5, 0x704A, 0x7042, 0x914A,
    0xED31, 0xAB29, 0xAC31, 0xED39, 0x6B29, 0x714A, 0x5042, 0x5042, 0x5042, 0x5042, 0x5042, 0x5042, 0x5042, 0x7042, 0x7042, 0x7042,
    0x7042, 0x904A, 0x2F3A, 0x8B29, 0xCC31, 0x4F42, 0x914A, 0x7042, 0x7042, 0x7042, 0x7042, 0x7042, 0x7042, 0x2E3A, 0xED39, 0xAC31,
    0xCC31, 0x4F42, 0x904A, 0x904A, 0xAF6A, 0x54F5, 0x14E5, 0xD2CC, 0x70B4, 0x4FB4, 0x12CD, 0x12CD, 0xF2C4, 0xF2C4, 0xF2C4, 0xF2C4,
    0xF2C4, 0xF2C4, 0xF2C4, 0xD1C4, 0xD1C4, 0xF2C4, 0xF2C4, 0xF2C4, 0xF2C4, 0xF2C4, 0xF2C4, 0xF2C4, 0xF2C4, 0xF2C4, 0xF2C4, 0xF2C4,
    0xF2C4, 0xF2C4, 0xF2C4, 0xD1C4, 0x70BC, 0x2FB4, 0x2FB4, 0xAEAB, 0x8DA3, 0x0FA4, 0x3BFF, 0xB5CD, 0x17DE, 0x4C8B, 0x8649, 0x0A5A,
    0x4C62, 0x8841, 0x0719, 0x4929, 0x4829, 0x4829, 0x6929, 0x0C42, 0x4E4A, 0x2E42, 0xED39, 0xCC31, 0x8A29, 0x6929, 0x8A29, 0xCA31,
    0x6929, 0x2821, 0x0721, 0xE618, 0xC518, 0xA410, 0x8410, 0xA410, 0x8410, 0xA518, 0xC618, 0xC618, 0xE618, 0xC518, 0xC518, 0xC518,
    0xC518, 0xC518, 0xC518, 0xC518, 0xC518, 0xA518, 0xC518, 0xC518, 0xC518, 0xA518, 0xC518, 0xC518, 0xC518, 0xC518, 0xC518, 0xC518,
    0xB1D4, 0xF2DC, 0x13DD, 0x54DD, 0xB5E5, 0x16E6, 0x37EE, 0x78F6, 0x99F6, 0xB9F6, 0xDAFE, 0xDAFE, 0xFAFE, 0xFAFE, 0x1BFF, 0x3BFF,
    0x5BFF, 0x3BFF, 0x3CFF, 0x5CFF, 0x5CFF, 0x5CFF, 0x5CFF, 0x5CFF, 0x5BFF, 0x1BFF, 0xDAFE, 0xB8F6, 0x97D5, 0x9052, 0x7042, 0x7042,
    0x7042, 0xCC31, 0xAB31, 0xCD39, 0xAB31, 0xCC31, 0x704A, 0x5042, 0x704A, 0x7042, 0x5042, 0x5042, 0x4F42, 0x6F42, 0x7042, 0x7042,
    0x7042, 0x7042, 0x714A, 0x2E42, 0x8B31, 0xAB31, 0x2E3A, 0x704A, 0x7042, 0x5042, 0x7042, 0x7042, 0x7042, 0x714A, 0x7042, 0x0E3A,
    0xAC31, 0xAB31, 0x2E42, 0x904A, 0x5042, 0xED8A, 0xD6FD, 0x78FE, 0x16E6, 0x74C5, 0x70B4, 0x70BC, 0x13CD, 0x12CD, 0xF2C4, 0xF2C4,
    0xF2C4, 0xF2C4, 0xF2C4, 0xF2C4, 0xF2C4, 0x12C5, 0xF2C4, 0xD2C4, 0xF2C4, 0xF2C4, 0xF2C4, 0xF2C4, 0xF2C4, 0xF2C4, 0xF2C4, 0xF2C4,
    0xF2C4, 0xF2C4, 0xF2C4, 0xD1C4, 0xB1BC, 0xB1C4, 0xB1C4, 0x91BC, 0x90BC, 0x8D9B, 0x0C9B, 0x898A, 0x4882, 0x2B9B, 0x6CA3, 0x8DB3,
    0x8CB3, 0x4CB3, 0x2731, 0x6A29, 0xCC39, 0x2E42, 0x0D3A, 0x4E42, 0x6F4A, 0x6F4A, 0x6F42, 0x6F42, 0x2E42, 0x0E3A, 0xED39, 0x0E3A,
    0x4F42, 0x7042, 0x4F4A, 0x4F42, 0x0D42, 0xAB31, 0x8A29, 0xAA31, 0x0719, 0xE620, 0xC518, 0xC418, 0xA410, 0xA510, 0xC510, 0xE518,
    0xC518, 0xC518, 0xC518, 0xE618, 0xC518, 0xC518, 0xC518, 0xC518, 0xC518, 0xA518, 0xA518, 0xA518, 0xA518, 0xC518, 0xC518, 0xC518,
    0xCEAB, 0xF3DC, 0x13DD, 0x54DD, 0xB5E5, 0x16E6, 0x58F6, 0x99F6, 0xB9F6, 0xB9FE, 0xDAFE, 0xFAFE, 0xFAFE, 0x1BFF, 0x3BFF, 0x5BFF,
    0x5BFF, 0x5BFF, 0x5BFF, 0x5BFF, 0x5BFF, 0x5BFF, 0x5CFF, 0x5CFF, 0x5BFF, 0x1BFF, 0xDBFE, 0xB8F6, 0x96D5, 0xB052, 0x7042, 0x5042,
    0x5042, 0x4F42, 0xAC31, 0xAB31, 0xED39, 0xAC31, 0x4F4A, 0x7042, 0x704A, 0x7042, 0x5042, 0x5042, 0x5042, 0x7042, 0x7042, 0x7042,
    0x7042, 0x7042, 0x5042, 0x7042, 0x4F42, 0xED31, 0xAC31, 0x2E42, 0x704A, 0x5042, 0x7042, 0x7042, 0x5042, 0x5142, 0x7042, 0x904A,
    0x0E3A, 0xAC31, 0xAB31, 0xED39, 0x914A, 0x6F4A, 0xD2EC, 0xD2EC, 0x96ED, 0x79FE, 0x37E6, 0x53C5, 0x91BC, 0x70BC, 0x12CD, 0x12CD,
    0xF2C4, 0xF2C4, 0xF2C4, 0xF2C4, 0xF2C4, 0xF2C4, 0x12C5, 0xF2C4, 0xF2C4, 0xF2C4, 0xF2C4, 0x12C5, 0x12C5, 0xF2C4, 0xF2C4, 0xF2C4,
    0xF2C4, 0xF2C4, 0xF2C4, 0x12CD, 0x12CD, 0xF2CC, 0xF2CC, 0x12CD, 0x12CD, 0x32D5, 0x70BC, 0xEEAB, 0x4C9B, 0x4CA3, 0x6DA3, 0x6D9B,
    0x6DA3, 0xCFC3, 0x2639, 0x2821, 0x6A29, 0xED31, 0x4F42, 0x6F4A, 0x6E42, 0x4E42, 0x4E42, 0x4F42, 0x6F4A, 0x6F42, 0x4F42, 0x2F42,
    0x0E3A, 0x2E3A, 0x4F42, 0x6F42, 0x6F42, 0x6F4A, 0x704A, 0x7042, 0x6F42, 0x2E42, 0x0D3A, 0xCB31, 0x6929, 0x2619, 0x0619, 0xA410,
    0xA410, 0xA518, 0xC518, 0xC518, 0xC618, 0xC518, 0xC518, 0xC518, 0xC518, 0xC518, 0xA518, 0xA518, 0xC518, 0xC518, 0xC518, 0xC518,
    0xCEAB, 0x13D5, 0x13DD, 0x54DD, 0xB6E5, 0x16EE, 0x58F6, 0x99F6, 0xB9F6, 0xB9FE, 0xDAFE, 0xFAFE, 0x1AFF, 0x1BFF, 0x3BFF, 0x5BFF,
    0x5BFF, 0x5BFF, 0x5BFF, 0x5BFF, 0x5BFF, 0x5BFF, 0x5CFF, 0x5CFF, 0x5BFF, 0x1BFF, 0xDBFE, 0xB8F6, 0xB6DD, 0xB052, 0x7042, 0x704A,
    0x7042, 0x714A, 0x0E3A, 0xAB31, 0xAB31, 0xED39, 0xCD39, 0x914A, 0x7042, 0x5042, 0x5042, 0x5042, 0x7042, 0x7042, 0x704A, 0x704A,
    0x704A, 0x704A, 0x7042, 0x6F42, 0x704A, 0x7042, 0xED39, 0xAC31, 0x2E42, 0x704A, 0x7042, 0x7042, 0x7042, 0x5042, 0x7042, 0x7042,
    0x7042, 0x2F42, 0xCC31, 0x8A29, 0xCC39, 0xD14A, 0x6E93, 0x54F5, 0x71DC, 0xD2DC, 0x54DD, 0x58EE, 0xB5D5, 0xF2C4, 0xB0BC, 0xB1C4,
    0x12CD, 0x12CD, 0x12C5, 0xF2C4, 0xF2C4, 0xF2C4, 0x11C5, 0x12C5, 0xF2C4, 0xF2C4, 0xF2C4, 0x11C5, 0x11C5, 0xF2C4, 0xF2C4, 0xF2C4,
    0xF2C4, 0xF2C4, 0xF2C4, 0xF2C4, 0xF2CC, 0xF2CC, 0xF2CC, 0x12CD, 0x12CD, 0xF2CC, 0x53D5, 0x53D5, 0xCEAB, 0x6DA3, 0xCDB3, 0xADB3,
    0xACB3, 0xCA8A, 0x4A29, 0xCE41, 0xAC29, 0x8C29, 0xED31, 0x4F42, 0x4F42, 0x4F42, 0x2F42, 0x2F42, 0x2F42, 0x4F42, 0x4F42, 0x6E42,
    0x6E42, 0x4E42, 0x6F42, 0x4F42, 0x4F42, 0x2E42, 0x2E42, 0x2E42, 0x2E42, 0x4F42, 0x2E42, 0x4F42, 0x6F42, 0x4E3A, 0x0D3A, 0xAA29,
    0x4829, 0x0721, 0x0621, 0xE518, 0xC510, 0xA510, 0xA518, 0xA518, 0xC518, 0xC518, 0xC518, 0xC518, 0xC518, 0xC518, 0xC518, 0xC518,
    0xCEAB, 0x13DD, 0x33DD, 0x74E5, 0xD6E5, 0x16EE, 0x58F6, 0x99F6, 0xB9F6, 0xB9FE, 0xDAFE, 0xFAFE, 0x1BFF, 0x3BFF, 0x3BFF, 0x5BFF,
    0x5BFF, 0x5BFF, 0x5BFF, 0x5BFF, 0x5BFF, 0x5BFF, 0x5BFF, 0x5BFF, 0x3BFF, 0x1BFF, 0xDAFE, 0x99EE, 0xD6DD, 0xB052, 0x7042, 0x704A,
    0x7042, 0x5042, 0x7042, 0xEC31, 0xAB31, 0xCB31, 0xAB31, 0x0E3A, 0x704A, 0x7042, 0x7042, 0x7042, 0x7042, 0x7042, 0x704A, 0x704A,
    0x704A, 0x7042, 0x7042, 0x7042, 0x7042, 0x7042, 0x5042, 0xED39, 0xAC31, 0x2F42, 0x914A, 0x7042, 0x7042, 0x7042, 0x7042, 0x7042,
    0x5042, 0x7042, 0x5042, 0xCC31, 0x8C31, 0xCC39, 0x2C3A, 0xF3CC, 0xD6FD, 0x54ED, 0x33E5, 0x74E5, 0x75E5, 0xB5DD, 0xF2BC, 0xADA3,
    0x0FB4, 0xB1C4, 0x12CD, 0x12CD, 0xF2C4, 0xF2C4, 0xF2C4, 0x12C5, 0xF2C4, 0xF2C4, 0xF2C4, 0xF2C4, 0xF2C4, 0xF2C4, 0xF2C4, 0xF2C4,
    0xF2C4, 0xF2CC, 0xF2C4, 0xD1C4, 0xF1C4, 0xF2C4, 0x12CD, 0x4FBC, 0x91BC, 0xD2C4, 0x50B4, 0xD1CC, 0x0EB4, 0x8CA3, 0x0B93, 0x0C83,
    0x2A52, 0xAB31, 0x0F3A, 0x504A, 0x704A, 0x0F3A, 0x0E3A, 0x4F42, 0x5042, 0x4F42, 0x4F42, 0x4F42, 0x4F42, 0x4F42, 0x4F42, 0x4F42,
    0x4F42, 0x4F42, 0x4F42, 0x4E42, 0x2E42, 0x4F42, 0x4E42, 0x2E42, 0x2E42, 0x2E42, 0x2E42, 0x2E42, 0x2D42, 0x2D42, 0x0D42, 0x2E42,
    0x2E42, 0xED39, 0xCB31, 0xAA31, 0x4829, 0x0721, 0xE618, 0xE618, 0xA410, 0xA410, 0xC518, 0xC518, 0xA518, 0xA518, 0xC518, 0xE518,
    0x8D9B, 0x12DD, 0x34DD, 0x74E5, 0xD6E5, 0x17EE, 0x58F6, 0x99F6, 0xB9F6, 0xD9F6, 0xDAFE, 0xFAFE, 0x1BFF, 0x3BFF, 0x3BFF, 0x5BFF,
    0x5BFF, 0x5BFF, 0x5BFF, 0x5BFF, 0x5BFF, 0x5BFF, 0x5BFF, 0x5BFF, 0x5BFF, 0x1BFF, 0xDAFE, 0x7AF6, 0xD6E5, 0xB05A, 0x7042, 0x7042,
    0x7042, 0x5042, 0x7042, 0x2E3A, 0xAB31, 0xAB31, 0xCC31, 0x8C31, 0x5042, 0x704A, 0x7042, 0x7042, 0x7042, 0x7042, 0x704A, 0x704A,
    0x7042, 0x7042, 0x704A, 0x704A, 0x7042, 0x5042, 0x5042, 0x7042, 0xED39, 0xAC31, 0x4F42, 0x704A, 0x704A, 0x7042, 0x7042, 0x7042,
    0x7042, 0x7042, 0x7042, 0x7042, 0xED31, 0x8B31, 0x4B21, 0x6931, 0x37F6, 0x17F6, 0x37F6, 0x99FE, 0xDAFE, 0x78F6, 0x98F6, 0x53BD,
    0x6C93, 0xEA92, 0xADAB, 0x33CD, 0x12C5, 0xF1C4, 0xF2C4, 0xF2C4, 0xF2C4, 0xF2C4, 0xF2C4, 0xF2C4, 0xF2C4, 0xF2C4, 0xF2C4, 0xF2C4,
    0x12C5, 0xF2CC, 0xF2CC, 0x32CD, 0xB4DD, 0x12CD, 0x8DAB, 0xD2C4, 0xD6ED, 0x99FE, 0xF9FE, 0xE759, 0x4639, 0x4731, 0x0621, 0x8B29,
    0x3032, 0x7142, 0x5042, 0x5042, 0x5042, 0x7042, 0x7042, 0x4F42, 0x4F42, 0x4F42, 0x4F42, 0x4F42, 0x4F42, 0x4F42, 0x4F42, 0x4F42,
    0x4F42, 0x4F42, 0x4F42, 0x2E42, 0x2F42, 0x4F42, 0x4E42, 0x4E42, 0x4E42, 0x2E42, 0x2E42, 0x2E42, 0x2E42, 0x0E42, 0x0D42, 0x0D3A,
    0xED39, 0xEC39, 0xCC39, 0xEC31, 0xCC39, 0xAC31, 0x8A31, 0x6929, 0x0721, 0x0621, 0xC518, 0xC518, 0x8410, 0xA418, 0xA410, 0xA410,
    0x2C93, 0x12DD, 0x33DD, 0x74E5, 0xD6E5, 0x17EE, 0x58F6, 0x99F6, 0xB9F6, 0xDAF6, 0xFAFE, 0x1BFF, 0x1BFF, 0x3BFF, 0x5BFF, 0x5BFF,
    0x5BFF, 0x5BFF, 0x5BFF, 0x5BFF, 0x5BFF, 0x5BFF, 0x5BFF, 0x5BFF, 0x3BFF, 0x1BFF, 0xD9FE, 0x99EE, 0xD5E5, 0xB05A, 0x7042, 0x7042,
    0x7042, 0x7042, 0x9042, 0x4F42, 0xCC31, 0xAB31, 0xAC31, 0xCC31, 0xCC31, 0x704A, 0x704A, 0x7042, 0x7042, 0x7042, 0x7042, 0x7042,
    0x5042, 0x7042, 0x704A, 0x704A, 0x7042, 0x5042, 0x7042, 0x7042, 0x7042, 0xED39, 0xAC31, 0x2F42, 0x7042, 0x7042, 0x7042, 0x7042,
    0x7042, 0x7042, 0x7042, 0x7042, 0x2E42, 0x8B31, 0x8B31, 0x4B21, 0xCC62, 0x3BFF, 0xDAFE, 0xFAFE, 0x3BFF, 0x5BFF, 0x7CFF, 0x7CFF,
    0xB9EE, 0x53D5, 0xACBB, 0xA992, 0xD1BC, 0xD1C4, 0xF2C4, 0xF2C4, 0xF2C4, 0xF2C4, 0x12C5, 0xF2C4, 0x11C5, 0xF2C4, 0xF2C4, 0xF2C4,
    0xF1C4, 0x12CD, 0x32CD, 0x90BC, 0x4CA3, 0x8DBB, 0xB7DD, 0x5DFF, 0x59FE, 0x54D5, 0x519C, 0xC610, 0x8608, 0xC710, 0x2919, 0x8C29,
    0x714A, 0x5042, 0x5042, 0x5042, 0x5042, 0x5042, 0x7042, 0x6F42, 0x4F42, 0x4F42, 0x4F42, 0x4F42, 0x4F42, 0x4F42, 0x4F42, 0x4F42,
    0x4F42, 0x4F42, 0x6F42, 0x4F42, 0x2F42, 0x4E42, 0x4E42, 0x4F42, 0x2F42, 0x4E42, 0x4E42, 0x2E42, 0x2E42, 0x2E42, 0x2D42, 0x0D3A,
    0x0D3A, 0xED39, 0xEC39, 0xEC39, 0xCC39, 0xAB39, 0xAB31, 0x8A31, 0x6A31, 0x4929, 0x2829, 0x0721, 0xE618, 0xE618, 0xA510, 0x8410,
    0x4C9B, 0x12DD, 0x33DD, 0x75E5, 0xD6E5, 0x17EE, 0x58F6, 0x99F6, 0xD9F6, 0xFAF6, 0xFAFE, 0x1BFF, 0x3BFF, 0x3BFF, 0x5BFF, 0x5BFF,
    0x5BFF, 0x5BFF, 0x5BFF, 0x5BFF, 0x5BFF, 0x5BFF, 0x5BFF, 0x5BFF, 0x3BFF, 0x1BFF, 0xDAFE, 0xB8EE, 0xD5E5, 0x9052, 0x5042, 0x7042,
    0x7042, 0x7042, 0x7042, 0x7042, 0x4F42, 0xCC31, 0xAB31, 0xCC39, 0xAB31, 0xCC31, 0x704A, 0x7042, 0x7042, 0x7042, 0x7042, 0x5042,
    0x5042, 0x7042, 0x7042, 0x7042, 0x7042, 0x7042, 0x7042, 0x7042, 0x7042, 0x5042, 0xCC31, 0xCD39, 0x6F42, 0x7042, 0x7042, 0x5042,
    0x7042, 0x7042, 0x7042, 0x7042, 0x6F42, 0xCC31, 0xAB31, 0xAC31, 0x4919, 0x309C, 0xBDFF, 0xFAFE, 0x5BFF, 0x5BFF, 0x5BFF, 0x5CFF,
    0x9DFF, 0x9DFF, 0x3BFF, 0xEDB3, 0x288A, 0xB1BC, 0xF2C4, 0xF2CC, 0xD2C4, 0xF2C4, 0x12C5, 0x12C5, 0x11C5, 0x12C5, 0xF1C4, 0xF1C4,
    0xF1C4, 0xD1C4, 0x2EB4, 0x0B93, 0xA669, 0xCB9A, 0xFFFF, 0xFFFF, 0x5CFF, 0x085A, 0x0400, 0xC710, 0x0721, 0x2929, 0x8B29, 0x0E3A,
    0x7042, 0x5042, 0x5042, 0x5042, 0x5042, 0x7042, 0x704A, 0x6F42, 0x4F42, 0x4F42, 0x4F42, 0x4F42, 0x4F42, 0x4F42, 0x4F42, 0x4F42,
    0x4F42, 0x6F42, 0x6F42, 0x4F42, 0x4F42, 0x4E42, 0x4E42, 0x4F42, 0x4F42, 0x4F42, 0x2E42, 0x4E42, 0x4E42, 0x2E42, 0x2E42, 0x0E42,
    0x0D42, 0x0D3A, 0x0D3A, 0xEC39, 0xEC39, 0xCB31, 0xAB31, 0x8B31, 0x8A31, 0x6929, 0x4929, 0x2929, 0x2821, 0x2821, 0x0821, 0x0721,
    0x6CAB, 0x13DD, 0x34DD, 0x75E5, 0xD6ED, 0x17EE, 0x58F6, 0x99F6, 0xB9F6, 0xFAF6, 0xFAFE, 0x1BFF, 0x3BFF, 0x3BFF, 0x5BFF, 0x5BFF,
    0x5BFF, 0x5BFF, 0x5BFF, 0x5BFF, 0x5BFF, 0x5BFF, 0x5BFF, 0x5BFF, 0x3BFF, 0x1BFF, 0xBAFE, 0x98F6, 0xB6E5, 0x9052, 0x5142, 0x7042,
    0x7042, 0x7042, 0x7042, 0x5042, 0x7042, 0x2F42, 0xCC31, 0xCC31, 0xCC39, 0x8A29, 0xEC39, 0x704A, 0x7042, 0x7042, 0x7042, 0x7042,
    0x7042, 0x7042, 0x7042, 0x5042, 0x5042, 0x5042, 0x7042, 0x7042, 0x7042, 0x7042, 0x2F42, 0xCC31, 0x0D3A, 0x6F42, 0x7042, 0x7042,
    0x7042, 0x7042, 0x7042, 0x7042, 0x7042, 0x4F42, 0xEC39, 0xAB31, 0xAB31, 0xE818, 0xD6CD, 0xBDFF, 0x5BFF, 0x5BFF, 0x5BFF, 0x5BFF,
    0x3BFF, 0x5BFF, 0x7CFF, 0xBDFF, 0x2FBC, 0x498A, 0xF2CC, 0xF2CC, 0xF2C4, 0xF2C4, 0x12C5, 0xF2C4, 0xF2C4, 0x11C5, 0xF1C4, 0xF1C4,
    0xF2CC, 0x2FB4, 0xEEB3, 0xB1C4, 0x33CD, 0xADA3, 0xCEA3, 0xCEA3, 0x6D93, 0x0531, 0x0821, 0xE718, 0x0719, 0x2821, 0x0E3A, 0x504A,
    0x5042, 0x5042, 0x5042, 0x4F42, 0x4F42, 0x6F42, 0x6F4A, 0x6F42, 0x4F42, 0x4F42, 0x4F42, 0x4F42, 0x4F42, 0x4F42, 0x4F42, 0x4F42,
    0x4F42, 0x4F42, 0x4F4A, 0x4F42, 0x4F42, 0x4F42, 0x4E42, 0x4F42, 0x4F42, 0x4E42, 0x4E42, 0x2E42, 0x2E42, 0x2E42, 0x2E42, 0x0E42,
    0x2E42, 0x0D3A, 0x0D3A, 0xED39, 0xEC39, 0xCC31, 0xCB31, 0xAB31, 0xAA31, 0x8A29, 0x6929, 0x4929, 0x4821, 0x2821, 0x0721, 0xE720,
    0x6CAB, 0xF3DC, 0x54E5, 0x75E5, 0xD6ED, 0x17EE, 0x78F6, 0x99F6, 0xB9FE, 0xFAFE, 0x1BFF, 0x3BFF, 0x3BFF, 0x3BFF, 0x5BFF, 0x5BFF,
    0x5BFF, 0x3BFF, 0x3BFF, 0x3BFF, 0x3BFF, 0x5BFF, 0x5BFF, 0x5BFF, 0x5BFF, 0x1AFF, 0xBAFE, 0x79F6, 0x95DD, 0x9052, 0x5142, 0x7042,
    0x5042, 0x5042, 0x5042, 0x5042, 0x5042, 0x7042, 0x2E3A, 0xAB31, 0xCC31, 0xCC31, 0x6B29, 0x0E3A, 0x704A, 0x7042, 0x7042, 0x7042,
    0x7042, 0x9042, 0x7042, 0x5042, 0x5042, 0x5042, 0x7042, 0x7042, 0x7042, 0x7042, 0x7042, 0x2F3A, 0xCD31, 0x0E3A, 0x904A, 0x7042,
    0x704A, 0x5042, 0x7042, 0x7042, 0x7042, 0x7042, 0x7042, 0xED39, 0xCB31, 0xAC31, 0xA939, 0xFBE6, 0x7CFF, 0x5BFF, 0x5BFF, 0x5BFF,
    0x5BFF, 0x3BFF, 0x3BFF, 0x7CFF, 0xFEFF, 0x13CD, 0x4CA3, 0x0FB4, 0xD1C4, 0x12CD, 0x12CD, 0xF2CC, 0xF2C4, 0xF2C4, 0xF1C4, 0xF2C4,
    0xF2C4, 0xD1C4, 0x33CD, 0x12CD, 0x12CD, 0x54D5, 0xEEB3, 0x888A, 0x0782, 0x6641, 0x0719, 0x0719, 0x0719, 0xE718, 0x2821, 0x704A,
    0x5042, 0x5042, 0x5042, 0x7042, 0x4F42, 0x6F42, 0x6F42, 0x6F42, 0x6F42, 0x4F42, 0x4F42, 0x4F42, 0x4F42, 0x504A, 0x4F42, 0x4F42,
    0x4F42, 0x4F42, 0x4F4A, 0x4F42, 0x4F42, 0x4F42, 0x4E42, 0x4F42, 0x4F42, 0x4E42, 0x4E42, 0x4E42, 0x4E42, 0x2E42, 0x2E42, 0x0D3A,
    0x2E42, 0x2E42, 0x0E42, 0x0D42, 0xEC39, 0xEC39, 0xCC39, 0xCB39, 0xAB31, 0xAB29, 0x8A29, 0x6929, 0x4921, 0x4821, 0x2821, 0x0721,
    0xADAB, 0xF2DC, 0x34E5, 0x75E5, 0xD6ED, 0x37EE, 0x78F6, 0x99F6, 0xD9FE, 0xFAFE, 0x1BFF, 0x3BFF, 0x5BFF, 0x5BFF, 0x5BFF, 0x5BFF,
    0x5BFF, 0x3BFF, 0x5BFF, 0x3BFF, 0x3BFF, 0x3BFF, 0x5BFF, 0x5BFF, 0x5BFF, 0xFAFE, 0xD9FE, 0x79F6, 0x95DD, 0x8F52, 0x5042, 0x7042,
    0x5042, 0x5042, 0x5042, 0x5042, 0x5042, 0x5042, 0x704A, 0x0D3A, 0xAC31, 0xCC31, 0xAC31, 0x8B29, 0x2F42, 0x704A, 0x7042, 0x7042,
    0x704A, 0x904A, 0x704A, 0x7042, 0x5042, 0x7042, 0x7042, 0x7042, 0x7042, 0x7042, 0x7042, 0x704A, 0x0E3A, 0xAC31, 0x0E42, 0x914A,
    0x504A, 0x514A, 0x5042, 0x704A, 0x704A, 0x7042, 0x7042, 0x7042, 0xEE39, 0xAC39, 0x8C29, 0x6B52, 0x9DFF, 0x7CFF, 0x5BFF, 0x5BFF,
    0x5BFF, 0x5BFF, 0x5BFF, 0x5BFF, 0x5BFF, 0xFEFF, 0x78E6, 0x33C5, 0x90C4, 0x2FB4, 0x90BC, 0x53DD, 0x32D5, 0x12CD, 0x12CD, 0xF2C4,
    0xD1C4, 0x33CD, 0x12CD, 0x13CD, 0x12CD, 0xF2CC, 0x32D5, 0x73DD, 0x4BA3, 0xA651, 0x0719, 0x0719, 0x0719, 0x0719, 0xC618, 0xEC39,
    0x7042, 0x5042, 0x5042, 0x5042, 0x5042, 0x4F42, 0x2F42, 0x2F42, 0x4F42, 0x704A, 0x4F4A, 0x4F42, 0x7042, 0x6F4A, 0x4F4A, 0x4F4A,
    0x4F4A, 0x4F42, 0x4F42, 0x4F42, 0x4F42, 0x4F42, 0x4F42, 0x4F42, 0x4F42, 0x4E42, 0x4E42, 0x4F42, 0x4E42, 0x4E42, 0x2E42, 0x2E42,
    0x2E42, 0x2E42, 0x2E42, 0x2D3A, 0x0D3A, 0xED39, 0xED39, 0xCC39, 0xCC31, 0xAB31, 0xAB31, 0x8A29, 0x6929, 0x4929, 0x4829, 0x2821,
    0xADB3, 0xF2D4, 0x34DD, 0x75E5, 0xF6ED, 0x37EE, 0x78F6, 0x99F6, 0xDAFE, 0xFBFE, 0x1BFF, 0x3BFF, 0x5BFF, 0x5BFF, 0x5BFF, 0x5BFF,
    0x5BFF, 0x7DFF, 0x3CFF, 0x3BFF, 0x3BFF, 0x3BFF, 0x5BFF, 0x5BFF, 0x3BFF, 0xFBFE, 0xBAFE, 0x79F6, 0x95D5, 0xB052, 0x504A, 0x5042,
    0x5042, 0x5042, 0x5042, 0x5042, 0x5042, 0x5042, 0x7042, 0x7042, 0xED39, 0xAC31, 0xCC39, 0x6A29, 0x8B31, 0x5042, 0x7042, 0x7042,
    0x7042, 0x9042, 0x7042, 0x7042, 0x7042, 0x7042, 0x7042, 0x7042, 0x7042, 0x7042, 0x9042, 0x904A, 0x704A, 0xEE39, 0x6A29, 0x504A,
    0x714A, 0x5042, 0x5042, 0x5042, 0x7042, 0x7042, 0x7042, 0x7042, 0x7042, 0xCE39, 0xAC31, 0x0A19, 0x4E6B, 0xDDFF, 0x5BFF, 0x5BFF,
    0x5BFF, 0x5BFF, 0x5BFF, 0x5BFF, 0x5BFF, 0x3BFF, 0xDDFF, 0xBDFF, 0xFAF6, 0xF6D5, 0x30A4, 0x4C8B, 0x91BC, 0xF1CC, 0xD1C4, 0x52D5,
    0x93DD, 0xF1CC, 0xF2C4, 0xF2C4, 0xD1C4, 0xF1CC, 0xF1CC, 0x6FBC, 0x0B93, 0x2639, 0x0821, 0x0721, 0x0719, 0x0721, 0x0721, 0x0821,
    0x914A, 0x5042, 0x5042, 0x5042, 0x5042, 0x4F42, 0x4F42, 0x0E3A, 0xED39, 0x2F42, 0x514A, 0x5042, 0x704A, 0x6F4A, 0x4F4A, 0x4F4A,
    0x4F42, 0x4F42, 0x4F42, 0x4F42, 0x4F42, 0x4F42, 0x4F42, 0x4F42, 0x4F42, 0x4E42, 0x4F42, 0x6F42, 0x6E42, 0x4E42, 0x2F42, 0x2F42,
    0x2E42, 0x2E42, 0x2E42, 0x2E3A, 0x0D3A, 0x0D3A, 0xED39, 0xCC39, 0xCC39, 0xCC31, 0xAB31, 0xAA29, 0x6929, 0x4929, 0x4929, 0x2821,
    0xEB92, 0x33DD, 0x54DD, 0x95E5, 0xF6ED, 0x38EE, 0x79F6, 0xB9F6, 0xDAFE, 0xFAFE, 0x1BFF, 0x3BFF, 0x3BFF, 0x3BFF, 0x3BFF, 0x3BFF,
    0x3CFF, 0x7EFF, 0x3CFF, 0x3BFF, 0x5BFF, 0x3BFF, 0x3BFF, 0x5BFF, 0x3BFF, 0xFBFE, 0xBAFE, 0x79F6, 0x34C5, 0xED39, 0x704A, 0x714A,
    0x5042, 0x5042, 0x5042, 0x5042, 0x7042, 0x7042, 0x7042, 0x7042, 0x7042, 0xED39, 0xCB31, 0xCB31, 0x8B31, 0xCD39, 0x504A, 0x5142,
    0x7042, 0x7042, 0x7042, 0x704A, 0x704A, 0x7042, 0x7042, 0x7042, 0x7042, 0x7042, 0x7042, 0x704A, 0x904A, 0x914A, 0xED39, 0x8B31,
    0x2F42, 0x7042, 0x7042, 0x7042, 0x7042, 0x7042, 0x7042, 0x7042, 0x704A, 0x714A, 0x0E3A, 0xCD31, 0xE918, 0xD4A4, 0x9DFF, 0x3BFF,
    0x5BFF, 0x5BFF, 0x5BFF, 0x5BFF, 0x5BFF, 0x5BFF, 0x5BFF, 0x5BFF, 0x9CFF, 0xFEFF, 0x1BF7, 0x90AC, 0xA518, 0xEA41, 0x4B52, 0xCC6A,
    0x4E73, 0xEA49, 0x0B42, 0x8831, 0x6831, 0x6C52, 0xAD5A, 0x8841, 0x0629, 0x2821, 0x0821, 0x0719, 0x0719, 0x0719, 0x0721, 0xE718,
    0x704A, 0x5042, 0x5042, 0x5042, 0x5042, 0x5042, 0x7042, 0x4F42, 0xED39, 0xED39, 0x3042, 0x704A, 0x7042, 0x6F42, 0x6F42, 0x4F42,
    0x4F42, 0x4F42, 0x4F42, 0x4F42, 0x4F42, 0x4F42, 0x4F42, 0x4E42, 0x4F42, 0xCE31, 0x8C29, 0x8B29, 0x8C29, 0x2E3A, 0x2E42, 0x2F42,
    0x2E42, 0x2E42, 0x2E42, 0x2E42, 0x0E3A, 0x0D3A, 0x0D3A, 0xED31, 0xEC39, 0xCC31, 0xCB31, 0xAB31, 0x8A29, 0x6A29, 0x4929, 0x2921,
    0xEA92, 0x33E5, 0x34E5, 0x95E5, 0xF6ED, 0x38F6, 0x79F6, 0xB9F6, 0xDAFE, 0xFAFE, 0x1BFF, 0x3BFF, 0x3BFF, 0x3BFF, 0x3BFF, 0x3BFF,
    0x3CFF, 0x9CFF, 0x5BFF, 0x5BFF, 0x5BFF, 0x5BFF, 0x3BFF, 0x3BFF, 0x3BFF, 0xFBFE, 0xBAFE, 0x79F6, 0x34C5, 0x0721, 0x4A29, 0x0E42,
    0xB152, 0x5042, 0x5042, 0x7042, 0x7042, 0x7042, 0x7042, 0x7042, 0x7042, 0x5042, 0xCD31, 0xAB31, 0xCC39, 0xCC31, 0x0E3A, 0x5142,
    0x7042, 0x7042, 0x7042, 0x7042, 0x704A, 0x5042, 0x5042, 0x7042, 0x7042, 0x7042, 0x7042, 0x7042, 0x7042, 0x904A, 0x914A, 0x8B29,
    0x8B31, 0x504A, 0x714A, 0x7042, 0x7042, 0x7042, 0x7042, 0x7042, 0x7042, 0x704A, 0x914A, 0x2F42, 0xCE31, 0x2921, 0x78DE, 0x9DFF,
    0x5BFF, 0x5BFF, 0x5BFF, 0x5BFF, 0x5BFF, 0x5BFF, 0x5BFF, 0x5BFF, 0x5BFF, 0x5BFF, 0x7CFF, 0xFEFF, 0x0F8C, 0x0400, 0x8D29, 0x8B29,
    0xA808, 0x0919, 0xA708, 0xC710, 0xA710, 0x4A21, 0x6A21, 0x4400, 0x2400, 0x4821, 0x0721, 0x0821, 0x0721, 0x0721, 0x0721, 0x0819,
    0x2F42, 0x5042, 0x5042, 0x5042, 0x5042, 0x5042, 0x5042, 0x5042, 0x4F42, 0x0D3A, 0xED39, 0x6F42, 0x9042, 0x6F42, 0x6F42, 0x6F42,
    0x4F42, 0x4F42, 0x4F42, 0x4F42, 0x4F42, 0x4F42, 0x4E42, 0x4F3A, 0x0E3A, 0xAF7B, 0x73BD, 0xF2CD, 0x11B5, 0x6D4A, 0x4F42, 0x2F42,
    0x4E42, 0x4E42, 0x2E42, 0x2E42, 0x0E42, 0x2D3A, 0x0D3A, 0x0D3A, 0xEC39, 0xCC31, 0xCB31, 0xCB31, 0xAA31, 0x8A29, 0x6A29, 0x4929,
    0x6DA3, 0xF2DC, 0x34E5, 0x75E5, 0xF6ED, 0x58F6, 0x99F6, 0xDAFE, 0xFAFE, 0x1AFF, 0x3BFF, 0x3BFF, 0x3BFF, 0x3BFF, 0x3BFF, 0x3BFF,
    0x3BFF, 0xBCFF, 0x5BFF, 0x5BFF, 0x5BFF, 0x5BFF, 0x5BFF, 0x5BFF, 0x3BFF, 0xFAFE, 0xB9FE, 0x79F6, 0x34C5, 0x2829, 0xC618, 0xE718,
    0xEC39, 0x704A, 0x7042, 0x7042, 0x7042, 0x5042, 0x7042, 0x7042, 0x7042, 0x5042, 0x4F42, 0xED39, 0xCC39, 0xEC39, 0xED39, 0x3042,
    0x7042, 0x704A, 0x704A, 0x7042, 0x5042, 0x5042, 0x5042, 0x7042, 0x7042, 0x7042, 0x7042, 0x7042, 0x7042, 0x7042, 0x714A, 0x6F42,
    0x6929, 0xAC31, 0x514A, 0x704A, 0x7042, 0x7042, 0x7042, 0x7042, 0x7042, 0x7042, 0x7042, 0x914A, 0x5042, 0x4C21, 0x8931, 0x5BF7,
    0x7CFF, 0x5BFF, 0x5BFF, 0x5BFF, 0x5BFF, 0x5BFF, 0x5BFF, 0x5BFF, 0x5BFF, 0x5BFF, 0x3BFF, 0x5CFF, 0xFEFF, 0x6D7B, 0x8610, 0xE818,
    0xC618, 0xC718, 0x8931, 0x2B63, 0x8718, 0xC918, 0xC820, 0x6608, 0x0300, 0x0721, 0x0819, 0xC618, 0xE720, 0x0721, 0x0721, 0x0819,
    0xCD39, 0x5042, 0x7042, 0x5042, 0x5042, 0x5042, 0x4F42, 0x4F42, 0x704A, 0x2F42, 0xCC39, 0xED39, 0x7042, 0x7042, 0x7042, 0x7042,
    0x4F42, 0x4F42, 0x4F42, 0x4F42, 0x4F42, 0x4F42, 0x4F42, 0x0E3A, 0xAE7B, 0x52BD, 0xB1A4, 0xB1A4, 0x72BD, 0x6C7B, 0xCC39, 0x2F4A,
    0x2E42, 0x2D42, 0x4E42, 0x2E42, 0x2E42, 0x2E42, 0x2E3A, 0x0D3A, 0x0D3A, 0xEC39, 0xCC39, 0xCC31, 0xAB31, 0xAB31, 0x8A29, 0x6929,
    0x8DA3, 0x12DD, 0x54E5, 0x75E5, 0xF6ED, 0x58F6, 0xB9F6, 0xDAFE, 0xFAFE, 0x1BFF, 0x3BFF, 0x3BFF, 0x3BFF, 0x3BFF, 0x5BFF, 0x5BFF,
    0x5BFF, 0x7CFF, 0x5BFF, 0x5BFF, 0x5BFF, 0x5BFF, 0x5BFF, 0x5BFF, 0x3BFF, 0x1AFF, 0xB9FE, 0x99F6, 0xF3C4, 0x4829, 0x0719, 0xE618,
    0xC618, 0xCB31, 0xB152, 0xB14A, 0x914A, 0x7042, 0x7042, 0x7042, 0x7042, 0x7042, 0x7042, 0x6F42, 0x4F42, 0xED31, 0xED31, 0x2E42,
    0x7042, 0x7042, 0x7042, 0x7042, 0x7042, 0x5042, 0x5042, 0x7042, 0x7042, 0x7042, 0x7042, 0x7042, 0x7042, 0x7042, 0x7042, 0x914A,
    0xCC31, 0x2921, 0xAC31, 0x5042, 0x704A, 0x7042, 0x7042, 0x7042, 0x7042, 0x7042, 0x7042, 0x7042, 0x9042, 0x904A, 0xAE29, 0x4D6B,
    0xDDFF, 0x3BFF, 0x5BFF, 0x5BFF, 0x5BFF, 0x5BFF, 0x5BFF, 0x5BFF, 0x5BFF, 0x5BFF, 0x5BFF, 0x5BFF, 0x5BFF, 0xFEFF, 0xCB5A, 0x0300,
    0xC618, 0xC618, 0xB1BD, 0x093A, 0xE718, 0xE941, 0x294A, 0x695A, 0xE941, 0x8610, 0x2721, 0x6639, 0xE620, 0x0821, 0x0721, 0x0821,
    0x8B31, 0x714A, 0x7042, 0x7042, 0x5042, 0x5042, 0x5042, 0x0F3A, 0x303A, 0xF05A, 0x8E4A, 0xCB39, 0x2E42, 0x4F42, 0x5042, 0x4F42,
    0x4F42, 0x4F42, 0x4F42, 0x4F42, 0x5042, 0x6F42, 0xAD31, 0x11AD, 0x6D7B, 0x0D3A, 0x6D21, 0x6D21, 0x8D29, 0x4E4A, 0xAA39, 0x0D42,
    0xED39, 0x0D3A, 0x4E42, 0x2E42, 0x2E42, 0x2E42, 0x2E42, 0x0E3A, 0x2D3A, 0x0D3A, 0xED39, 0xCC39, 0xCB39, 0xAB31, 0xAB31, 0x8A29,
    0x2FB4, 0x13DD, 0x33DD, 0x95E5, 0xF6ED, 0x58F6, 0xB9F6, 0xDAFE, 0xFAFE, 0x1BFF, 0x3BFF, 0x3BFF, 0x3BFF, 0x5BFF, 0x5BFF, 0x5BFF,
    0x5BFF, 0x7CFF, 0x5BFF, 0x5BFF, 0x5BFF, 0x5BFF, 0x5BFF, 0x5BFF, 0x3BFF, 0xFAFE, 0xB9F6, 0x99F6, 0x14C5, 0x2829, 0x0721, 0x0721,
    0x0719, 0xE618, 0x8A31, 0x0D42, 0x4F42, 0xB14A, 0x914A, 0x714A, 0x7042, 0x5042, 0x7042, 0x7042, 0x914A, 0x4F42, 0xEE39, 0x0D3A,
    0x5042, 0x7042, 0x7042, 0x904A, 0x9042, 0x7042, 0x7042, 0x5042, 0x7042, 0x7042, 0x7042, 0x7042, 0x7042, 0x7042, 0x7042, 0x5042,
    0x6F4A, 0x6921, 0x4921, 0xAD31, 0x7042, 0x7042, 0x7042, 0x5042, 0x5042, 0x7042, 0x7042, 0x7042, 0x7042, 0x7042, 0x914A, 0xEE31,
    0x5294, 0xFEFF, 0x5CFF, 0x5BFF, 0x5BFF, 0x5BFF, 0x5BFF, 0x5BFF, 0x5BFF, 0x5BFF, 0x5BFF, 0x5BFF, 0x5BFF, 0x7CFF, 0x7CF7, 0x0C6B,
    0x0300, 0x4B73, 0xF2C5, 0xE810, 0xC739, 0x8831, 0x6621, 0xA739, 0x6973, 0x0942, 0x4631, 0xAA72, 0xE720, 0x0721, 0x0721, 0x0721,
    0x4921, 0x5042, 0x303A, 0x303A, 0x5142, 0x5142, 0x313A, 0xD052, 0xEF5A, 0x2F53, 0xAE42, 0xEA39, 0x0A42, 0xEE5A, 0x6F4A, 0x2F42,
    0x704A, 0x914A, 0x704A, 0x704A, 0x4F4A, 0xCD31, 0x2F8C, 0x35EF, 0x6E4A, 0x4F42, 0x4F42, 0x4E42, 0x4F42, 0x4F42, 0x6F4A, 0xEC31,
    0xCC31, 0x2E42, 0x4F42, 0x2E42, 0x2E42, 0x2E42, 0x2E42, 0x2E42, 0x2D3A, 0x0D3A, 0xED39, 0xEC39, 0xCC31, 0xAC39, 0xAB31, 0xAB31,
    0xB1CC, 0x13DD, 0x33E5, 0x95E5, 0xF6ED, 0x78F6, 0xB9F6, 0xFAFE, 0x1BFF, 0x3BFF, 0x3BFF, 0x3BFF, 0x5BFF, 0x5BFF, 0x5BFF, 0x5BFF,
    0x5BFF, 0x5BFF, 0x5BFF, 0x5BFF, 0x5BFF, 0x5BFF, 0x5BFF, 0x5BFF, 0x3BFF, 0xFAFE, 0x99FE, 0x99F6, 0x13C5, 0x2729, 0x0721, 0x0719,
    0x0721, 0x0721, 0xC618, 0xC718, 0x0821, 0x8B29, 0xED39, 0x2F42, 0x704A, 0x914A, 0x914A, 0x7142, 0x5042, 0x704A, 0x4F42, 0x0E3A,
    0x4F42, 0x7042, 0x7042, 0x9042, 0x9042, 0x7042, 0x5042, 0x5042, 0x7042, 0x7042, 0x7042, 0x6F42, 0x6F42, 0x5042, 0x5042, 0x5042,
    0x704A, 0x0C3A, 0x4921, 0x4A21, 0xEE39, 0x704A, 0x5042, 0x5042, 0x5042, 0x7042, 0x7042, 0x7042, 0x7042, 0x7042, 0x7042, 0x7142,
    0x8D29, 0x14AD, 0xDDFF, 0x3BFF, 0x5BFF, 0x5BFF, 0x5BFF, 0x5BFF, 0x5BFF, 0x5BFF, 0x5BFF, 0x5BFF, 0x5BFF, 0x5BFF, 0xBDFF, 0xDEFF,
    0xEF83, 0xA883, 0x6EBD, 0x6408, 0xC620, 0x4A52, 0x2500, 0x4500, 0x6510, 0xE641, 0xC420, 0xAC8B, 0xA610, 0x0621, 0xE818, 0xC718,
    0xC810, 0xCD31, 0x3163, 0xF05A, 0xEE39, 0xAD29, 0xAD62, 0x2F8C, 0xCD4A, 0x4F32, 0x0F32, 0x6A21, 0xAA31, 0x8C52, 0xAF52, 0x704A,
    0x5042, 0x0E3A, 0xED39, 0xED39, 0x2E42, 0x4B4A, 0x37F7, 0xF3CD, 0xEB39, 0x4F42, 0x4F42, 0x4F42, 0x4F42, 0x4E42, 0x4E42, 0xED39,
    0xED39, 0x2E42, 0x4F42, 0x4F42, 0x4F42, 0x2E42, 0x2E42, 0x2E42, 0x0E42, 0x0D3A, 0xED39, 0xED39, 0xED39, 0xCC39, 0xCC31, 0xAB31,
    0xF3DC, 0x13D5, 0x33DD, 0x96E5, 0x16EE, 0x78F6, 0xDAF6, 0xFBFE, 0x3BFF, 0x3BFF, 0x3BFF, 0x3BFF, 0x5BFF, 0x5BFF, 0x5BFF, 0x5BFF,
    0x5BFF, 0x5BFF, 0x5BFF, 0x5BFF, 0x5BFF, 0x5BFF, 0x5BFF, 0x5BFF, 0x3BFF, 0xFAFE, 0x99FE, 0x99F6, 0xF3BC, 0x2721, 0x0719, 0x2719,
    0x0721, 0x0719, 0x0821, 0xE718, 0xC618, 0xA510, 0xC618, 0x0819, 0x4929, 0xAB31, 0x0E3A, 0x7042, 0x914A, 0x914A, 0xB24A, 0x7042,
    0x5042, 0x914A, 0x7042, 0x7042, 0x7042, 0x7042, 0x5042, 0x5042, 0x5042, 0x7042, 0x7042, 0x7042, 0x4F42, 0x5042, 0x5042, 0x5042,
    0x5042, 0x6F4A, 0xAB31, 0x2821, 0x6A29, 0x4F42, 0x714A, 0x7042, 0x7042, 0x7042, 0x7042, 0x7042, 0x7042, 0x5042, 0x7042, 0x7042,
    0x7142, 0xAD31, 0x34B5, 0xFEFF, 0x5CFF, 0x5BFF, 0x5BFF, 0x5BFF, 0x5BFF, 0x3BFF, 0x3BFF, 0x5BFF, 0x5BFF, 0x5BFF, 0x5BFF, 0x7CFF,
    0xFEFF, 0x8C7B, 0x2A9C, 0x697B, 0xE741, 0x6A83, 0xED83, 0xC839, 0x0300, 0x8210, 0x4510, 0xEEB4, 0x4731, 0xC610, 0xC720, 0xEA41,
    0xE749, 0x0C94, 0xAB8B, 0x4D9C, 0x6D9C, 0x8D9C, 0x675A, 0x8310, 0xA731, 0x2942, 0x8A29, 0xA931, 0xE610, 0x8508, 0x4829, 0x8E52,
    0x6929, 0xE718, 0x0721, 0x2821, 0x8B29, 0x51B5, 0x37F7, 0xB4C5, 0x2821, 0xCB31, 0x4E42, 0x7042, 0x6F42, 0x6F42, 0xED39, 0xCC39,
    0xED39, 0x4F42, 0x704A, 0x4F42, 0x2F42, 0x2F42, 0x4F42, 0x2E42, 0x2E42, 0x2E42, 0x0D3A, 0x0D3A, 0xED39, 0xEC39, 0xCC31, 0xAB31,
    0x12DD, 0x13D5, 0x53DD, 0x95ED, 0x17EE, 0x99F6, 0xDAFE, 0x1BFF, 0x3BFF, 0x3BFF, 0x5BFF, 0x5BFF, 0x3BFF, 0x3BFF, 0x5BFF, 0x5BFF,
    0x5BFF, 0x5BFF, 0x5BFF, 0x5BFF, 0x5BFF, 0x5BFF, 0x5BFF, 0x5BFF, 0x1BFF, 0xDAFE, 0xB9FE, 0x99F6, 0xF3B4, 0x8610, 0xE718, 0x0719,
    0x0719, 0x0721, 0x0721, 0x0721, 0x0721, 0x0721, 0x0719, 0xE618, 0xC618, 0xC518, 0xE618, 0x2821, 0xCC31, 0xAB31, 0x6A29, 0x8A29,
    0x8B31, 0x2E3A, 0x914A, 0x7042, 0x5042, 0x5042, 0x4F42, 0x4F42, 0x5042, 0x7042, 0x914A, 0x7042, 0x4F42, 0x5042, 0x5042, 0x5042,
    0x7042, 0x714A, 0x7042, 0x6921, 0x2821, 0x8B29, 0x914A, 0x704A, 0x7042, 0x6F42, 0x7042, 0x7042, 0x7042, 0x704A, 0x5042, 0x5042,
    0x7042, 0x5142, 0x8C29, 0xB5CD, 0xFEFF, 0x9DFF, 0x3BFF, 0x5BFF, 0x5BFF, 0x5BFF, 0x3BFF, 0x3BFF, 0x5BFF, 0x5BFF, 0x5BFF, 0x5BFF,
    0x7CFF, 0x5CF7, 0x2B6B, 0xF2F6, 0x8DCD, 0x2CBD, 0x0FDE, 0x93DE, 0xF0A4, 0x8639, 0x0308, 0xCA6A, 0xCFA4, 0x4829, 0x2E94, 0x8639,
    0x697B, 0x885A, 0xA508, 0x6729, 0x6852, 0x0D8C, 0x4EBD, 0xADA4, 0xA97B, 0x2652, 0xC441, 0xA439, 0x6531, 0x4629, 0x0300, 0xC618,
    0x8831, 0xC618, 0xE618, 0x0719, 0x2621, 0x37F7, 0xF6F6, 0x93BD, 0x0819, 0x4929, 0xCC31, 0x704A, 0x704A, 0xED39, 0x4A31, 0x6A31,
    0xAC31, 0x4F42, 0x0E3A, 0xED39, 0x0E3A, 0x0E42, 0x2E42, 0x2F42, 0x2E42, 0x2E42, 0x0E42, 0x0E3A, 0x0D3A, 0xEC39, 0xCC39, 0xAB31,
    0xD1D4, 0xF2DC, 0x33E5, 0x95ED, 0x37EE, 0x99F6, 0xFAFE, 0x3BFF, 0x3BFF, 0x5BFF, 0x5BFF, 0x5BFF, 0x3BFF, 0x3BFF, 0x5BFF, 0x5BFF,
    0x5BFF, 0x5BFF, 0x5BFF, 0x5BFF, 0x5BFF, 0x3BFF, 0x5BFF, 0x5BFF, 0x1BFF, 0xB9FE, 0x58F6, 0x79FE, 0xCA8A, 0x0A5A, 0xA510, 0x6508,
    0xE718, 0x0721, 0x0719, 0x0721, 0x0721, 0x2721, 0x2721, 0x0721, 0x0721, 0x0721, 0x0719, 0xE618, 0xC518, 0xC518, 0xC518, 0xC518,
    0xE718, 0x4921, 0x0E3A, 0x914A, 0x704A, 0x704A, 0x904A, 0x904A, 0x904A, 0x904A, 0xEC31, 0x2E3A, 0x914A, 0x704A, 0x7042, 0x7042,
    0x7042, 0x7042, 0x914A, 0x4E42, 0x2721, 0x4821, 0xCC31, 0x704A, 0x7042, 0x6F42, 0x7042, 0x7042, 0x7042, 0x7042, 0x7042, 0x7042,
    0x914A, 0x914A, 0xEF31, 0x2A29, 0x91B4, 0x9CFF, 0xBDFF, 0x7CFF, 0x5BFF, 0x5BFF, 0x5BFF, 0x3BFF, 0x3BFF, 0x5BFF, 0x5BFF, 0x5BFF,
    0x5BFF, 0x7CFF, 0x59D6, 0xCFA4, 0x77FF, 0x72DE, 0xF2D5, 0x2DC5, 0xB7FF, 0x78F7, 0x0C9C, 0x8983, 0xAECD, 0xD1C5, 0xCC83, 0x0521,
    0x6729, 0x4500, 0x2719, 0xE610, 0x2408, 0xE420, 0xC762, 0xADA4, 0xB0CD, 0x4EBD, 0xECAC, 0x897B, 0xA862, 0xC96A, 0xC962, 0x8410,
    0x8610, 0x4821, 0xE618, 0x0719, 0x0421, 0xB9FF, 0xD6EE, 0x54D6, 0xE939, 0x2821, 0x4929, 0x8A29, 0x8A29, 0x2821, 0x0821, 0x2821,
    0x6A29, 0xAA31, 0x8A29, 0xAB31, 0xCC31, 0xEC39, 0xED39, 0x4F42, 0x2E42, 0x2E42, 0x0E42, 0x0E3A, 0x0E3A, 0x0D3A, 0xEC39, 0xCC39,
    0x90D4, 0xF2D4, 0xF3E4, 0x95E5, 0x37EE, 0x99F6, 0xFAFE, 0x3BFF, 0x5BFF, 0x5BFF, 0x5BFF, 0x5BFF, 0x3BFF, 0x3BFF, 0x3BFF, 0x5BFF,
    0x5BFF, 0x5BFF, 0x5BFF, 0x3BFF, 0x3BFF, 0x3BFF, 0x3BFF, 0x3BFF, 0x1BFF, 0x99F6, 0x37F6, 0x70B4, 0xE9B9, 0xD5BC, 0xD183, 0xE941,
    0xA410, 0x8500, 0x0719, 0x0719, 0x0719, 0x0719, 0x0721, 0x0721, 0x0721, 0x0721, 0x0721, 0x0721, 0x0719, 0x0719, 0x0721, 0x0721,
    0x0619, 0xE618, 0xE718, 0xED39, 0x714A, 0x704A, 0x7042, 0x7042, 0x904A, 0x914A, 0x0E3A, 0x4A29, 0x8F42, 0xD252, 0xD24A, 0xB14A,
    0x904A, 0x7042, 0x7042, 0x914A, 0xCB31, 0x0721, 0x4921, 0x4F42, 0x704A, 0x7042, 0x7042, 0x7042, 0x7042, 0x7042, 0x914A, 0x914A,
    0x7042, 0x2E42, 0x8B29, 0xE820, 0x6508, 0x0B83, 0x78FE, 0xBDFF, 0x9DFF, 0x5BFF, 0x3BFF, 0x3BFF, 0x3BFF, 0x5BFF, 0x5BFF, 0x5BFF,
    0x5BFF, 0x5BFF, 0xBDFF, 0x14AD, 0x92BD, 0x99FF, 0x16EF, 0xF1D5, 0x0CBD, 0x93E6, 0xF9FF, 0x0FD6, 0xECBC, 0x6EC5, 0xA639, 0x0942,
    0x6408, 0x6829, 0x8410, 0x8539, 0xE772, 0x6662, 0x4331, 0x0329, 0x0873, 0xCCAC, 0x2CBD, 0x6EC5, 0x2DC5, 0xAA8B, 0x2A9C, 0x8983,
    0xE741, 0x6731, 0xC610, 0xE618, 0xC739, 0x98FF, 0xF6EE, 0x58FF, 0x895A, 0x0721, 0x0721, 0xE718, 0xE618, 0xE718, 0x0721, 0x0721,
    0x2821, 0x2821, 0x6929, 0x6929, 0x6A29, 0xCB31, 0x0D3A, 0x4F42, 0x2E42, 0x2E42, 0x0E42, 0x2E42, 0x0E3A, 0x0D3A, 0xEC39, 0xEC39,
    0x70CC, 0xD2D4, 0x13DD, 0x95E5, 0x37EE, 0x98F6, 0xFAFE, 0x3BFF, 0x5BFF, 0x5BFF, 0x5BFF, 0x5BFF, 0x5BFF, 0x3BFF, 0x3BFF, 0x5BFF,
    0x5BFF, 0x3BFF, 0x3BFF, 0x3BFF, 0x3BFF, 0x3BFF, 0x3BFF, 0x1BFF, 0x1BFF, 0x57EE, 0xF3CC, 0x2ED3, 0xD2DB, 0xF9C5, 0xDCE6, 0x3AD6,
    0x949C, 0xE951, 0x0619, 0x6500, 0x8608, 0xC718, 0x0719, 0x0719, 0x0719, 0x0719, 0x0721, 0x0721, 0x0719, 0x0719, 0x0719, 0x0721,
    0x0719, 0x0619, 0xE618, 0xE718, 0x2921, 0x2921, 0x2921, 0x2821, 0x2821, 0x2921, 0x8B31, 0x0921, 0x0821, 0xCB31, 0xED39, 0x2E3A,
    0x7042, 0xB24A, 0xB24A, 0x914A, 0x914A, 0x8A29, 0x0719, 0x6A29, 0x5042, 0x7042, 0x7042, 0x7042, 0x7042, 0xB14A, 0x4F42, 0xAC31,
    0x4A21, 0xE818, 0xE618, 0xE618, 0xE618, 0x4400, 0x286A, 0x74F5, 0xFAF6, 0x9DFF, 0x9DFF, 0x3BFF, 0x3BFF, 0x5BFF, 0x5BFF, 0x5BFF,
    0x5BFF, 0x5CFF, 0x3BFF, 0xFFFF, 0x34B5, 0x33CE, 0x37F7, 0x78F7, 0xB5E6, 0x2EBD, 0xF1D5, 0xB5E6, 0x2DBD, 0xACAC, 0x0521, 0x4629,
    0xA731, 0x6631, 0x0773, 0xCBBC, 0xAAB4, 0x49A4, 0x69AC, 0x49A4, 0xA793, 0x878B, 0xC893, 0xE99B, 0x099C, 0xECB4, 0x6BA4, 0xAAB4,
    0x6DC5, 0xA98B, 0xE741, 0x6608, 0xE741, 0x99FF, 0xF6EE, 0x37F7, 0x4B7B, 0xA610, 0x0619, 0x0719, 0xE618, 0xE718, 0x0619, 0x0719,
    0x0721, 0x2821, 0x2821, 0x2821, 0x4921, 0xAA29, 0xEC39, 0x0E3A, 0x0E42, 0x0E42, 0x2E42, 0x2E42, 0x0D42, 0x0D3A, 0x0D3A, 0xEC39,
    0x4FCC, 0xB1D4, 0x13DD, 0x95E5, 0x37EE, 0x98F6, 0xFAFE, 0x3BFF, 0x5BFF, 0x5BFF, 0x5BFF, 0x5BFF, 0x5BFF, 0x5BFF, 0x5BFF, 0x5BFF,
    0x5BFF, 0x3BFF, 0x3BFF, 0x3BFF, 0x3BFF, 0x3BFF, 0x1BFF, 0x1BFF, 0xFAFE, 0x13D5, 0x32DC, 0x2EE3, 0x9AD6, 0xBEF7, 0x9BDE, 0xD9CD,
    0x3BD6, 0xF5C4, 0xE779, 0x086A, 0xC849, 0xE618, 0x6500, 0x8600, 0xE710, 0x0719, 0x0721, 0x0721, 0x0719, 0x0719, 0x0719, 0x0719,
    0x0719, 0x0619, 0xE618, 0xE618, 0xC618, 0xC618, 0xC618, 0xC618, 0xC618, 0xA510, 0xA510, 0xC618, 0xC618, 0xA518, 0xA518, 0xC618,
    0x0721, 0x6A31, 0xAC31, 0x2F42, 0x914A, 0xB14A, 0x6A29, 0x2921, 0x8B31, 0x904A, 0x914A, 0x914A, 0x914A, 0xCD39, 0x2821, 0xC610,
    0xE618, 0xE618, 0xE718, 0x0719, 0x0719, 0x0721, 0x6400, 0xE869, 0xF2EC, 0x74DD, 0xB9F6, 0x9DFF, 0x9DFF, 0x5BFF, 0x5BFF, 0x5BFF,
    0x5BFF, 0x5CFF, 0x3BFF, 0x3BFF, 0xBEFF, 0xB1A4, 0x57F7, 0x37EF, 0x38EF, 0x16EF, 0x0DBD, 0xD2CD, 0xEDAC, 0xEDB4, 0xC518, 0xC618,
    0x0529, 0x477B, 0x0ABD, 0x499C, 0x0994, 0x4AA4, 0x6AA4, 0x6AA4, 0x4AA4, 0x6AAC, 0x49A4, 0x099C, 0x878B, 0x878B, 0xE993, 0x8BA4,
    0x0BB5, 0xAECD, 0xABAC, 0x264A, 0xE228, 0xF6EE, 0x16EF, 0x16EF, 0xB4E6, 0x2310, 0x6608, 0xA510, 0xC518, 0xC618, 0xE618, 0x0619,
    0x0619, 0x0721, 0x0721, 0x4821, 0x4929, 0x6929, 0x8A29, 0xAB31, 0xED39, 0x0D3A, 0x0D42, 0x2E42, 0x2E42, 0x0D3A, 0x0D3A, 0xEC39,
    0xEDBB, 0xB2D4, 0xF2DC, 0x95E5, 0x16EE, 0x78F6, 0xFAFE, 0x3BFF, 0x3BFF, 0x5BFF, 0x5BFF, 0x5BFF, 0x5BFF, 0x5BFF, 0x5BFF, 0x5BFF,
    0x3BFF, 0x3BFF, 0x3BFF, 0x3BFF, 0x3BFF, 0x3BFF, 0x1BFF, 0x1BFF, 0x53D5, 0x52DC, 0x54F4, 0xD5B4, 0xFCDE, 0x3ACE, 0x3ACE, 0x5AD6,
    0xBBDE, 0x5EEF, 0xD0CB, 0xEFCB, 0xF2E4, 0x2FC4, 0xCB7A, 0xC949, 0xC518, 0x4500, 0x4500, 0x8608, 0xC610, 0xC718, 0xE718, 0x0719,
    0x0721, 0x0719, 0xE718, 0x0719, 0x0721, 0x0721, 0x0721, 0x0819, 0xE718, 0xE710, 0xC610, 0xC510, 0xA610, 0xA610, 0x8608, 0x8508,
    0x4500, 0x2400, 0x2400, 0x8608, 0xA710, 0x0A19, 0x4B21, 0xC808, 0x8600, 0x4A21, 0xAC31, 0x2F3A, 0x8C29, 0xC718, 0xE718, 0xE718,
    0xE718, 0x0619, 0x0719, 0x0721, 0x0719, 0x2721, 0x0719, 0x8500, 0x8A82, 0x50DC, 0x70D4, 0x74E5, 0xBAF6, 0xBDFF, 0x7CFF, 0x5BFF,
    0x5BFF, 0x3CFF, 0x3CFF, 0x3BFF, 0x5CFF, 0x1BEF, 0xF0AC, 0x56FF, 0x58FF, 0x37F7, 0x16EF, 0x4FC5, 0xEC8B, 0x0EBD, 0x6408, 0x8510,
    0x477B, 0x69A4, 0xC88B, 0xA88B, 0x089C, 0x6AA4, 0x29A4, 0x6AAC, 0xECBC, 0xCBB4, 0xABAC, 0xCBB4, 0xECB4, 0xCBAC, 0x499C, 0xE893,
    0xE993, 0x299C, 0xAAAC, 0x0BBD, 0x488B, 0xCEB4, 0x57F7, 0x17EF, 0x97FF, 0xCEAC, 0xA841, 0x6931, 0x4829, 0x4729, 0xE718, 0xE618,
    0xE618, 0x0721, 0x0721, 0x0721, 0x2821, 0x4829, 0x6929, 0x8A31, 0xAB31, 0xEC39, 0x0D3A, 0x0D42, 0x2E42, 0x2D42, 0x0D3A, 0xED39,
    0x8CAB, 0x71D4, 0xD2DC, 0x54E5, 0x16EE, 0x78F6, 0xDAFE, 0x1BFF, 0x5BFF, 0x5BFF, 0x5BFF, 0x5BFF, 0x5BFF, 0x5BFF, 0x5BFF, 0x5BFF,
    0x3BFF, 0x3BFF, 0x3BFF, 0x1BFF, 0x1AFF, 0x1AFF, 0x5CFF, 0xD6DD, 0xD0CB, 0x74F4, 0x57DD, 0xDDDE, 0x9CDE, 0xDDE6, 0xFCE6, 0x1CE7,
    0x3DEF, 0xDFFF, 0x76ED, 0xAEBB, 0xB1DC, 0x33F5, 0xB5FD, 0x73F5, 0x2FBC, 0x6D93, 0x4962, 0x6739, 0xE620, 0xA510, 0x2400, 0x0300,
    0x2400, 0x2400, 0x4500, 0x4500, 0x4400, 0x4400, 0x2400, 0x6508, 0xA610, 0xC618, 0xE618, 0x0621, 0x2729, 0x4731, 0x6739, 0x6739,
    0x8741, 0x8741, 0x6741, 0x4639, 0x2639, 0x0531, 0x2631, 0x4739, 0x4731, 0x0629, 0xC520, 0x0629, 0x8410, 0x6408, 0x4400, 0x6500,
    0x6600, 0x8608, 0xA608, 0xC708, 0x0711, 0x2719, 0x2719, 0x0819, 0x8408, 0x0C9B, 0xB0D4, 0x0FCC, 0x50D4, 0x17EE, 0x3BFF, 0xBCFF,
    0x9CFF, 0x7CFF, 0x7CFF, 0x7CFF, 0x5BFF, 0xBDFF, 0xD5C5, 0x70C5, 0x32D6, 0x78F7, 0x78F7, 0xD5E6, 0x10BD, 0x4973, 0xA408, 0xA662,
    0xA78B, 0x067B, 0xA793, 0xE79B, 0x48AC, 0xC79B, 0x089C, 0x6AAC, 0x6AAC, 0x6AAC, 0xCCB4, 0x099C, 0xE89B, 0x299C, 0x6AA4, 0xECB4,
    0xCBAC, 0x0994, 0xA893, 0xC893, 0xAAAC, 0x8893, 0xF1D5, 0x58F7, 0x16E7, 0x98FF, 0x6FC5, 0x2752, 0xC518, 0x0721, 0xA831, 0x6729,
    0x0621, 0xC610, 0xE718, 0x0721, 0x0721, 0x0721, 0x2821, 0x6829, 0x6929, 0x8B31, 0xCC39, 0x0D3A, 0x2D42, 0x2E42, 0x0D42, 0x0D3A,
    0x8A82, 0x71DC, 0x91D4, 0x13DD, 0xF6ED, 0x78F6, 0xDAFE, 0x1BFF, 0x3BFF, 0x5BFF, 0x5BFF, 0x5BFF, 0x5BFF, 0x5BFF, 0x5BFF, 0x3BFF,
    0x3BFF, 0x3BFF, 0x1BFF, 0x1AFF, 0xFAFE, 0x5BFF, 0x37DE, 0xF0CB, 0x54F4, 0xF8E5, 0xFFFF, 0xFFFF, 0xBFFF, 0x5EF7, 0x3DEF, 0x7EF7,
    0x1DEF, 0xFDE6, 0x96E5, 0x2CAB, 0xD2D4, 0x53E5, 0x54ED, 0x95ED, 0xD6FD, 0x16FE, 0xF5FD, 0x53E5, 0x92CC, 0x31B4, 0x4D93, 0xAB7A,
    0x8A6A, 0x896A, 0xAA72, 0xCB7A, 0xEB82, 0xEB82, 0xEB82, 0xAEA3, 0x0FAC, 0x50BC, 0x50C4, 0x70D4, 0xB1D4, 0xD1DC, 0xD1DC, 0xD1E4,
    0xF1EC, 0xF1EC, 0xF1EC, 0xF2EC, 0x12ED, 0x12ED, 0xF1E4, 0xD1E4, 0xD1E4, 0xB1DC, 0x70D4, 0x0ECC, 0xEEC3, 0x6DA3, 0xEB8A, 0x6A72,
    0x0962, 0xA851, 0x6839, 0x2731, 0x8418, 0x2310, 0x6408, 0xA508, 0xA608, 0x2200, 0x30CC, 0x90D4, 0x70D4, 0x2FD4, 0x33DD, 0xB9F6,
    0xD9F6, 0xFAFE, 0x1AFF, 0x1BFF, 0x3BFF, 0x5CFF, 0x7CF7, 0x73BD, 0x6EBD, 0x11CE, 0xF5EE, 0x36EF, 0xF4F6, 0x6D9C, 0xC340, 0x268B,
    0x8983, 0x2A9C, 0x4AA4, 0xE99B, 0x099C, 0xCDB4, 0xF2D5, 0x53D6, 0x73DE, 0xB5E6, 0x16EF, 0x95E6, 0x54D6, 0xB2CD, 0xCDB4, 0x8BAC,
    0x099C, 0x6AAC, 0xACB4, 0x2AA4, 0x0994, 0xE89B, 0x8BAC, 0xD0D5, 0x37F7, 0x17EF, 0x35F7, 0x4EC5, 0x687B, 0x064A, 0x4529, 0x8510,
    0x0721, 0x6629, 0x0729, 0xE718, 0xE718, 0xE720, 0xE720, 0x0721, 0x4821, 0x6929, 0x8A29, 0xCB31, 0xED39, 0x0D3A, 0x0D3A, 0x0D3A,
    0x296A, 0x50D4, 0x71D4, 0xB1D4, 0xB5E5, 0x37EE, 0xB9F6, 0x1BFF, 0x3BFF, 0x5BFF, 0x5CFF, 0x5CFF, 0x5BFF, 0x5BFF, 0x3BFF, 0x3BFF,
    0x3BFF, 0x1BFF, 0x1BFF, 0xFAFE, 0x9CFF, 0x37DE, 0xD0C3, 0x33F4, 0x7BEE, 0xFFFF, 0xFFFF, 0xDFFF, 0xDFFF, 0xFFFF, 0xDFFF, 0x1DE7,
    0x7BDE, 0x7BD6, 0x39E6, 0xCFC3, 0x53E5, 0x94E5, 0x54ED, 0x74ED, 0x94ED, 0xB5ED, 0xD6F5, 0x38FE, 0x78FE, 0x37FE, 0x37FE, 0x17FE,
    0xF6FD, 0xD5FD, 0xD5FD, 0xF5FD, 0xF5FD, 0xF5FD, 0xF6FD, 0xD5FD, 0xB5F5, 0x94F5, 0x74F5, 0x74F5, 0x74F5, 0x94ED, 0x74ED, 0x74ED,
    0x74ED, 0x95ED, 0xB5F5, 0xD6F5, 0xF6F5, 0xD5F5, 0xB5ED, 0x95ED, 0x95ED, 0xB5F5, 0xB5F5, 0xB5F5, 0x94FD, 0x94FD, 0x93FD, 0x32F5,
    0x31F5, 0xF1EC, 0xB0DC, 0x70D4, 0xADB3, 0xEBA2, 0x8671, 0x0549, 0xA320, 0xC520, 0x4992, 0x4BC3, 0xADCB, 0xCBB2, 0x4CC3, 0x2FD4,
    0x74E5, 0xD6ED, 0x38FE, 0xB9FE, 0x1AFF, 0x5BFF, 0x9CFF, 0xF6C5, 0x98FF, 0x8FC5, 0xF0CD, 0x4FBD, 0x6FC5, 0xCEBC, 0x0479, 0xC570,
    0x2CA4, 0x2EBD, 0xACAC, 0x4B9C, 0x54D6, 0xF6EE, 0x37EF, 0x98F7, 0xB9FF, 0xB9FF, 0xB9FF, 0xDAFF, 0xFAFF, 0xFAFF, 0xDAFF, 0x37F7,
    0xD1CD, 0xEDBC, 0x8BB4, 0x8BAC, 0xACAC, 0xABAC, 0xCCB4, 0x6AAC, 0x8FCD, 0x59F7, 0x17EF, 0xB5EE, 0x52DE, 0x8DC5, 0x299C, 0x665A,
    0xA639, 0x2729, 0xE520, 0xE618, 0xA610, 0xE710, 0xE718, 0xE720, 0x0721, 0x2821, 0x4929, 0x6A29, 0xAB31, 0xEC39, 0x0D3A, 0x0D3A,
    0x0962, 0x2FD4, 0x30D4, 0x91D4, 0x13E5, 0x17EE, 0xB9F6, 0xFAFE, 0x3BFF, 0x5BFF, 0x5CFF, 0x5CFF, 0x5BFF, 0x3BFF, 0x3BFF, 0x3BFF,
    0x3BFF, 0x1BFF, 0xFBFE, 0x9CFF, 0x16DE, 0xCFCB, 0xB5FC, 0xFCF6, 0xFFFF, 0x5EEF, 0x3DEF, 0xBFFF, 0xDFFF, 0xDFFF, 0xBFFF, 0x5EEF,
    0x7EF7, 0xBEF7, 0x1CEF, 0x51D4, 0x54ED, 0x74ED, 0x95ED, 0xD6E5, 0xF6ED, 0x17EE, 0x17F6, 0x17F6, 0xF6ED, 0xD6ED, 0xB5E5, 0x75ED,
    0x54E5, 0x33E5, 0x33E5, 0x33E5, 0x33E5, 0x33E5, 0x33E5, 0x34E5, 0x33E5, 0x54E5, 0x54E5, 0x94E5, 0x94E5, 0x95E5, 0xD6ED, 0xF6ED,
    0xF6ED, 0xF6ED, 0x17F6, 0x37F6, 0x17F6, 0xF6ED, 0xF6ED, 0x17EE, 0x57F6, 0x58F6, 0x37EE, 0x16EE, 0xB4E5, 0x74E5, 0x53E5, 0x33E5,
    0x12DD, 0x12E5, 0xF2E4, 0xF2E4, 0x53F5, 0x73F5, 0xF2E4, 0x2FD4, 0xEBA2, 0x6A8A, 0x0F83, 0x4A8A, 0x0792, 0x2BBB, 0x0FD4, 0x92DC,
    0x58FE, 0x99FE, 0xB9FE, 0xDAFE, 0xFAFE, 0x3BFF, 0x7CFF, 0x1AEF, 0x31AD, 0xFAFF, 0x52D6, 0x6FC5, 0x6EC5, 0x4B9C, 0x2599, 0xA799,
    0x879A, 0xECB4, 0xACAC, 0x95E6, 0xD6EE, 0x36EF, 0xB9FF, 0xF6EE, 0x53D6, 0xF2CD, 0xD2CD, 0xD2CD, 0x13D6, 0x74DE, 0xB5DE, 0xD6E6,
    0x99FF, 0x38EF, 0x75DE, 0xF1CD, 0x6FC5, 0xCCB4, 0xACB4, 0xCCB4, 0x8BB4, 0x91CD, 0x17EF, 0xD6EE, 0x95E6, 0x33D6, 0xEFD5, 0xAECD,
    0xCBB4, 0xA98B, 0xA75A, 0x264A, 0xE841, 0xE620, 0xA710, 0x0719, 0x0721, 0x2821, 0x4921, 0x4929, 0x8A31, 0xCC31, 0xEC39, 0xED39,
    0xC851, 0x0ECC, 0x30D4, 0x50D4, 0xB2DC, 0xB5ED, 0x99F6, 0xFAFE, 0x3BFF, 0x5BFF, 0x5CFF, 0x5BFF, 0x3BFF, 0x3BFF, 0x1BFF, 0x3BFF,
    0x1BFF, 0xFBFE, 0x5BFF, 0x95D5, 0x90CB, 0x16F5, 0x5DFF, 0xFFF7, 0xDCE6, 0xFDE6, 0x7EF7, 0xBFFF, 0xBFFF, 0xBFFF, 0x9EF7, 0x5EF7,
    0x1DE7, 0xBCDE, 0x7BDE, 0x52D4, 0x13D5, 0x75ED, 0x95ED, 0xF6ED, 0xF7ED, 0xF7ED, 0xD6ED, 0xB5F5, 0xB5ED, 0xB5ED, 0xB5ED, 0xB5ED,
    0x74E5, 0x54E5, 0x54E5, 0x54E5, 0x54E5, 0x74E5, 0x54E5, 0x54E5, 0x54E5, 0x74E5, 0x94E5, 0x95ED, 0xB6ED, 0xF6ED, 0x37F6, 0x58F6,
    0x78FE, 0x99FE, 0xB9FE, 0xB9F6, 0x98F6, 0x98F6, 0xB9FE, 0xD9FE, 0xFAFE, 0xFAFE, 0xD9FE, 0x98F6, 0x37F6, 0xF6ED, 0xB5ED, 0xB5ED,
    0x54E5, 0x33E5, 0x12E5, 0xF2DC, 0xF2DC, 0xB1DC, 0xD2DC, 0xF2E4, 0xD1E4, 0x0CAB, 0x4F8B, 0xB594, 0x9093, 0xCCA2, 0x2DBB, 0x31D4,
    0x79FE, 0x3BFF, 0x3BFF, 0x3BFF, 0x1BFF, 0x3BFF, 0x5BFF, 0xBDFF, 0xEA62, 0x50B5, 0xF6EE, 0xB1C5, 0x30B5, 0xA88A, 0xE8A1, 0xE9B9,
    0xE7AA, 0x6DC5, 0x30B5, 0xD5E6, 0xF6E6, 0x95DE, 0xEEB4, 0x4AA4, 0x678B, 0x8793, 0xC893, 0x2A9C, 0x4AA4, 0x4BA4, 0x6BA4, 0x099C,
    0x6AA4, 0x8BA4, 0xEEAC, 0x91C5, 0x13D6, 0xF2CD, 0x0EBD, 0xACB4, 0xACBC, 0x6AB4, 0x6FC5, 0xB5EE, 0x16EF, 0x94DE, 0x73DE, 0x13D6,
    0xAFC5, 0x8EC5, 0x6DC5, 0x8B9C, 0xC98B, 0x2873, 0x2752, 0xC610, 0xA710, 0x2821, 0x2821, 0x4821, 0x6A31, 0x8B31, 0xCC39, 0x0D3A,
    0x8741, 0x0ECC, 0x30D4, 0x50D4, 0x70D4, 0x33E5, 0x58F6, 0xDAFE, 0x1BFF, 0x3BFF, 0x3BFF, 0x3BFF, 0x3BFF, 0x1BFF, 0xFAFE, 0xDAFE,
    0xFAFE, 0xFAF6, 0x34D5, 0x90DB, 0x5AFE, 0x9EEF, 0x1DDF, 0x3ACE, 0x7BD6, 0xFCE6, 0x3DEF, 0x7EF7, 0x9FFF, 0xBFFF, 0x9FFF, 0x7EF7,
    0x9FFF, 0x9EFF, 0xBFFF, 0xD0CB, 0x71D4, 0x54E5, 0x74E5, 0x75E5, 0x95ED, 0x95ED, 0x95E5, 0x74E5, 0x74ED, 0x75ED, 0x95ED, 0x95ED,
    0x74E5, 0x74ED, 0x74E5, 0x54E5, 0x54E5, 0x74ED, 0x75ED, 0x75ED, 0x74E5, 0x95E5, 0xB5ED, 0xB5ED, 0xF6F5, 0xF6F5, 0x37F6, 0x78FE,
    0xB9FE, 0xFAFE, 0xFAFE, 0xFAFE, 0xFAFE, 0x1BFF, 0x1BFF, 0x1BFF, 0x1BFF, 0x1BFF, 0x1AFF, 0xDAFE, 0x99FE, 0x78F6, 0x58F6, 0xF7ED,
    0xB6ED, 0x74ED, 0x54E5, 0x74E5, 0x95ED, 0x95ED, 0xB5ED, 0xB5ED, 0x95ED, 0xF6F5, 0x8CBB, 0x0DAB, 0x99B5, 0xF6AC, 0x919B, 0xCDAA,
    0x6EBB, 0x79FE, 0x1BFF, 0x3BFF, 0x3BFF, 0x5BFF, 0x5BFF, 0x7CFF, 0x6629, 0x2521, 0xC839, 0x284A, 0x0569, 0x67A9, 0xC7B1, 0x87A1,
    0x90CD, 0x8CA4, 0x17EF, 0x14CE, 0x90C5, 0x099C, 0x4AA4, 0x8AAC, 0x49AC, 0x0DBD, 0xF0D5, 0xAFD5, 0x0CBD, 0x89AC, 0x089C, 0x478B,
    0xC472, 0x2683, 0x4783, 0xA98B, 0x2B94, 0x2FBD, 0x4FC5, 0x4FC5, 0xEDBC, 0xCCBC, 0x4AAC, 0x8BAC, 0xB0C5, 0x94DE, 0xB5E6, 0x94DE,
    0x12CE, 0xD1CD, 0x6FBD, 0x2EBD, 0xACAC, 0x8BA4, 0x099C, 0xC772, 0xA739, 0xA610, 0x0819, 0x4821, 0x4929, 0x8A31, 0xCC31, 0x0D3A,
    0x8849, 0x0ECC, 0x30D4, 0x30D4, 0x50D4, 0xD2DC, 0xF6ED, 0xB9FE, 0x1BFF, 0x3BFF, 0x3BFF, 0x3BFF, 0x1BFF, 0xBAFE, 0x99FE, 0xFBFE,
    0x58EE, 0x13D5, 0x52EC, 0x19F6, 0x1DE7, 0x1ACE, 0x98BD, 0x1ACE, 0xBCE6, 0x1DEF, 0x7EF7, 0xBFFF, 0xDFFF, 0xDFFF, 0xFFFF, 0xFFFF,
    0xDFFF, 0xBFFF, 0x7EF7, 0x11CC, 0xEFBB, 0x54E5, 0x54E5, 0x54E5, 0x54E5, 0x74E5, 0x74E5, 0x74E5, 0x54E5, 0x54E5, 0x54ED, 0x54ED,
    0x74ED, 0x74ED, 0x74ED, 0x74ED, 0x74E5, 0x75ED, 0x75ED, 0xB5ED, 0xB5ED, 0xB5ED, 0xD5ED, 0xD6ED, 0xF6F5, 0x16F6, 0x37F6, 0x58F6,
    0xB9FE, 0xFAFE, 0x1AFF, 0x1BFF, 0x3BFF, 0x3BFF, 0x3BFF, 0x3BFF, 0x1BFF, 0x1BFF, 0xFBFE, 0xFAFE, 0xDAFE, 0xB9FE, 0x99F6, 0x38F6,
    0x37EE, 0x17EE, 0x17EE, 0x38F6, 0x58F6, 0xB9FE, 0xFAFE, 0xD9FE, 0x37F6, 0xB5ED, 0x37F6, 0xCFD3, 0x52AC, 0x57B5, 0x98BD, 0x55A4,
    0x0E9B, 0xABAA, 0xD7F5, 0xFBFE, 0x3BFF, 0x5BFF, 0x5BFF, 0xD9EE, 0xE618, 0x6608, 0x6508, 0x4400, 0xA338, 0xE589, 0x479A, 0x50BD,
    0x96F7, 0x6E9C, 0x78FF, 0x31B5, 0x6BA4, 0xECBC, 0xECB4, 0xAAAC, 0x2DBD, 0xB0CD, 0xCCB4, 0xCBB4, 0x4AA4, 0x0994, 0xC993, 0x8DA4,
    0x0FB5, 0xF3D5, 0x94E6, 0xD5E6, 0xD5EE, 0x95EE, 0xD5E6, 0xF6EE, 0x95E6, 0xB5E6, 0x12D6, 0x4FC5, 0xADAC, 0x0EBD, 0xB1CD, 0x33D6,
    0x74DE, 0x53D6, 0xF2CD, 0xB0C5, 0x6FC5, 0x2EBD, 0xACAC, 0x6BA4, 0xE99B, 0x8762, 0x2631, 0xA710, 0x6A29, 0x8A31, 0xCB31, 0x0D3A,
    0xC951, 0x0FCC, 0x50D4, 0x50D4, 0x50D4, 0x71DC, 0x74E5, 0x79F6, 0x1BFF, 0x3BFF, 0x3BFF, 0x3BFF, 0xBAFE, 0x99FE, 0xDAFE, 0xD6DD,
    0x71DC, 0x31EC, 0x97D5, 0x19C6, 0xD9C5, 0x7BDE, 0x3EEF, 0xBFFF, 0xFFFF, 0xFFFF, 0xFFFF, 0xDFFF, 0xBFFF, 0xBFFF, 0x5EF7, 0x1DEF,
    0xBCDE, 0x9BDE, 0x5BD6, 0x15E5, 0xCEBB, 0x53E5, 0x34E5, 0x54E5, 0x54E5, 0x54E5, 0x74E5, 0x74E5, 0x53E5, 0x54ED, 0x74E5, 0x95E5,
    0x95E5, 0x75ED, 0x95ED, 0x95ED, 0x95ED, 0xB5ED, 0xB5ED, 0xF6ED, 0xF6ED, 0xF6ED, 0xD6ED, 0xD6F5, 0xD6F5, 0xF6ED, 0x17F6, 0x37F6,
    0x99FE, 0xDAFE, 0x1BFF, 0x3BFF, 0x3BFF, 0x3BFF, 0x3BFF, 0x3BFF, 0x3BFF, 0x3BFF, 0x1BFF, 0x1BFF, 0x1AFF, 0xDAFE, 0xB9FE, 0x78F6,
    0x58F6, 0x78F6, 0x99F6, 0xB9FE, 0xFAFE, 0x1BFF, 0x5BFF, 0xDAFE, 0xD6F5, 0xB2E4, 0xF0D3, 0x58FE, 0x8DC3, 0xF7AC, 0xB9CD, 0xD9C5,
    0xF7B4, 0xD09B, 0x4AA2, 0x34ED, 0xFAFE, 0x7DFF, 0x5BFF, 0x5BFF, 0x0619, 0xE720, 0x0721, 0xC618, 0x454A, 0x2673, 0x6A94, 0xF1CD,
    0x32D6, 0x92BD, 0x95DE, 0xCDAC, 0x54E6, 0x90CD, 0xEDB4, 0xECB4, 0x4EBD, 0x8BAC, 0x8BAC, 0x888B, 0x6CA4, 0x91C5, 0x94E6, 0x98FF,
    0xF9FF, 0xD9FF, 0x98FF, 0x57FF, 0x37F7, 0x37F7, 0x37F7, 0x36EF, 0x37F7, 0x17EF, 0x17EF, 0xF7EE, 0xB5E6, 0x33D6, 0xB1CD, 0x90CD,
    0x12D6, 0x33D6, 0x33D6, 0x12D6, 0xF2CD, 0x90C5, 0x4FBD, 0x2EBD, 0xACAC, 0x2AA4, 0xE672, 0x0752, 0xE818, 0x6B21, 0xCB31, 0x0D3A,
    0xE859, 0x30D4, 0x50D4, 0x30D4, 0x50D4, 0x50D4, 0xF2DC, 0xD6ED, 0xBAFE, 0x1BFF, 0x5CFF, 0xDAFE, 0xDAFE, 0x98F6, 0xD2CC, 0x8ECB,
    0x11DC, 0x77DD, 0xBCCE, 0x1DEF, 0xDFFF, 0xFFFF, 0xBFFF, 0x9EF7, 0x7EF7, 0x7EF7, 0x7EF7, 0x7EF7, 0x9FFF, 0xBFFF, 0x7EF7, 0x5EF7,
    0x5EF7, 0x5EF7, 0x7FF7, 0x39F6, 0x0FCC, 0x53E5, 0x54E5, 0x54E5, 0x54E5, 0x54E5, 0x74ED, 0x74ED, 0x74E5, 0x94ED, 0x95ED, 0x96E5,
    0xB6ED, 0xB6ED, 0xB5ED, 0xB5ED, 0xB5ED, 0xF6ED, 0xF6F5, 0x16F6, 0x37F6, 0x57F6, 0x37F6, 0x17F6, 0x17F6, 0xF6ED, 0x17F6, 0x37F6,
    0x78FE, 0xB9FE, 0xDAFE, 0x1AFF, 0x3BFF, 0x3BFF, 0x3BFF, 0x5BFF, 0x3BFF, 0x3BFF, 0x3BFF, 0x3BFF, 0x3BFF, 0x1AFF, 0xDAFE, 0xB9FE,
    0x99FE, 0x99F6, 0xDAFE, 0x1AFF, 0x5BFF, 0x5BFF, 0x5BFF, 0xFAFE, 0x36F6, 0x75F5, 0x4CC3, 0x38EE, 0x50DC, 0x15B5, 0xB9C5, 0x3AD6,
    0x78BD, 0xDBD5, 0xD093, 0xECBA, 0xB3DC, 0x5CFF, 0x9CFF, 0xD9EE, 0xE618, 0xE720, 0xE720, 0xE749, 0x29A4, 0x057B, 0x8AAC, 0xE99B,
    0xEA93, 0x33DE, 0x30BD, 0xCAB4, 0xEBB4, 0xCAB4, 0xABB4, 0xCBB4, 0x8AAC, 0xECB4, 0xA993, 0x0FBD, 0x77FF, 0xFAFF, 0xF9FF, 0x78FF,
    0x57F7, 0x16EF, 0xF6EE, 0x77FF, 0xB8FF, 0x97FF, 0xB9FF, 0xB9FF, 0x98FF, 0x58F7, 0xF7EE, 0xD6E6, 0xB5E6, 0xB5E6, 0xB5E6, 0x94DE,
    0x33DE, 0x32D6, 0x53DE, 0x54DE, 0x33D6, 0x12D6, 0xB1CD, 0x4FBD, 0x4FC5, 0x0EBD, 0x2A9C, 0xEA9B, 0xC672, 0x4629, 0x8B29, 0x0D3A,
    0x4A72, 0x30CC, 0xEEC3, 0x30D4, 0x50D4, 0x70D4, 0x71D4, 0x13E5, 0xD6ED, 0xBAFE, 0x99F6, 0xD9FE, 0x95DD, 0x8FBB, 0xCFD3, 0xB7ED,
    0x1DEF, 0x7EE7, 0xFCE6, 0x3DEF, 0x9BDE, 0x1ACE, 0xD9C5, 0x3AD6, 0x9BDE, 0x1DE7, 0x5DEF, 0x7EF7, 0x9EF7, 0x9EF7, 0x9EFF, 0x9FFF,
    0x9FFF, 0x7EF7, 0x5EEF, 0x5AF6, 0x50D4, 0x94ED, 0x74E5, 0x75ED, 0x74E5, 0x75ED, 0x95ED, 0x95ED, 0x95ED, 0x95ED, 0xB5ED, 0xB6F5,
    0xD6F5, 0xF6F5, 0xF6F5, 0xD6F5, 0xF6ED, 0x17F6, 0x17F6, 0x37F6, 0x58F6, 0x78F6, 0x98FE, 0x98F6, 0x78F6, 0x58F6, 0x57F6, 0x58F6,
    0x78F6, 0x99FE, 0xB9FE, 0xFAFE, 0x1BFF, 0x3BFF, 0x3BFF, 0x5BFF, 0x5BFF, 0x5BFF, 0x5BFF, 0x5BFF, 0x3BFF, 0x3BFF, 0x1BFF, 0xFAFE,
    0xDAFE, 0xDAFE, 0x1AFF, 0x5BFF, 0x5BFF, 0x5BFF, 0x5BFF, 0x3BFF, 0x77FE, 0xD6F5, 0x33ED, 0xF6ED, 0x99FE, 0xAFAB, 0x97B5, 0xBCE6,
    0xFCE6, 0x349C, 0xB9CD, 0xD3BC, 0xECC2, 0xF0C3, 0x3BF7, 0x77CE, 0xE618, 0xE720, 0xA418, 0x6CB4, 0x8893, 0x878B, 0xEBBC, 0x4AA4,
    0xE99B, 0xF2D5, 0x6DA4, 0x299C, 0x69A4, 0xAAB4, 0xCBBC, 0xCBBC, 0x0DC5, 0x488B, 0xD1D5, 0xF5E6, 0x50AD, 0x4973, 0x4752, 0x8341,
    0x265A, 0xA97A, 0x6A9B, 0x8A93, 0x086B, 0x6C9C, 0x8CAC, 0x4FC5, 0xD2CD, 0x53D6, 0xD5E6, 0x17EF, 0x37EF, 0xF6EE, 0xD5E6, 0xD5E6,
    0xD5E6, 0xB5E6, 0x94DE, 0x74DE, 0x74DE, 0x53DE, 0x33D6, 0xF2CD, 0x90C5, 0x4FBD, 0x4FC5, 0x8CAC, 0x4AA4, 0x4783, 0xE520, 0xEE39,
    0x6DAB, 0x0FDC, 0xEED3, 0x50DC, 0x2FD4, 0x2FD4, 0x70DC, 0x70DC, 0x70D4, 0x92D4, 0x72D4, 0xD0C3, 0x2FC3, 0xF2C3, 0x9AE6, 0xBCCE,
    0xB8B5, 0x16AD, 0x95A4, 0x36B5, 0x98BD, 0x1ACE, 0xBCDE, 0x1DEF, 0x3EF7, 0x5EF7, 0x3DEF, 0xFDE6, 0xBCDE, 0x9CDE, 0x7BDE, 0x5BD6,
    0x5BDE, 0x7CDE, 0x7BDE, 0xB8DD, 0x30D4, 0x94F5, 0x74ED, 0x75ED, 0x75E5, 0x75ED, 0x95ED, 0x95ED, 0xB5ED, 0xB6F5, 0xD6F5, 0xB6F5,
    0xF6ED, 0x17F6, 0x37F6, 0x37F6, 0x38FE, 0x58FE, 0x58FE, 0x58F6, 0x99FE, 0x99FE, 0x99FE, 0xB9FE, 0xB9FE, 0x99F6, 0x99F6, 0x99F6,
    0x99F6, 0x99FE, 0xB9FE, 0xD9FE, 0xFAFE, 0x1BFF, 0x3BFF, 0x3BFF, 0x3BFF, 0x5BFF, 0x5BFF, 0x5BFF, 0x5BFF, 0x5BFF, 0x3BFF, 0x1BFF,
    0x1BFF, 0x3BFF, 0x5BFF, 0x5BFF, 0x5BFF, 0x5BFF, 0x5BFF, 0x5BFF, 0xFAFE, 0x17FE, 0xF6F5, 0xD9FE, 0x7BFF, 0xF4D4, 0x56BD, 0x1DEF,
    0x3DEF, 0x5694, 0x58C5, 0x39C6, 0xB2DC, 0x8EE3, 0xAFC3, 0xCF9B, 0xE818, 0xE720, 0x4308, 0x2DCD, 0x0683, 0xE89B, 0xABB4, 0xABB4,
    0x6AAC, 0xB0CD, 0x6DA4, 0xE89B, 0x868B, 0xE89B, 0x69AC, 0xCAAC, 0xC793, 0x0EB5, 0x71C5, 0xC669, 0x2461, 0x8250, 0x0459, 0xAA9A,
    0x0459, 0x2BA3, 0x37FE, 0xD1CC, 0x0993, 0xC97A, 0x0DAD, 0xACAC, 0x8CAC, 0x6BA4, 0x0DB5, 0x4FC5, 0x90C5, 0xF1CD, 0x53D6, 0xD5EE,
    0xD5EE, 0xD6E6, 0xD6E6, 0xD5E6, 0x95E6, 0x74DE, 0x74DE, 0x54DE, 0x12D6, 0xB1CD, 0x50C5, 0x70C5, 0xCDAC, 0x4BA4, 0x4783, 0x6631,
    0x2D93, 0xD0B3, 0x6C9B, 0x6CAB, 0x8DBB, 0x8DB3, 0x70CC, 0x33DD, 0x74DD, 0x13CD, 0x0DB3, 0x8979, 0xB293, 0xD594, 0x78AD, 0x959C,
    0xD5A4, 0x98BD, 0x5BCE, 0x3DEF, 0xBFF7, 0xDFFF, 0xDFFF, 0xBEF7, 0x9FF7, 0x7EF7, 0x9EF7, 0x9EF7, 0x9EF7, 0x9EF7, 0x9EF7, 0x5EF7,
    0x5EF7, 0x7EF7, 0x7EFF, 0xBBF6, 0x8EC3, 0xB5F5, 0x94ED, 0x95E5, 0x75ED, 0x54ED, 0x74ED, 0x95ED, 0xB5ED, 0xB5ED, 0xB6F5, 0xB6F5,
    0x16EE, 0x17F6, 0x37F6, 0x58FE, 0x58FE, 0x79FE, 0x79FE, 0x99FE, 0x99FE, 0xB9FE, 0xD9FE, 0xDAFE, 0xDAFE, 0xDAFE, 0xB9FE, 0xB9FE,
    0xB9F6, 0xB9F6, 0xB9F6, 0xB9FE, 0xDAFE, 0x1AFF, 0x1BFF, 0x3BFF, 0x3BFF, 0x5BFF, 0x5BFF, 0x5BFF, 0x5BFF, 0x5BFF, 0x3BFF, 0x1BFF,
    0x1BFF, 0x3BFF, 0x5BFF, 0x5BFF, 0x5BFF, 0x5BFF, 0x5BFF, 0x5BFF, 0x5BFF, 0x1AFF, 0x1AFF, 0x5BFF, 0x7BFF, 0xF7F5, 0x19D6, 0x39CE,
    0x9EFF, 0x79B5, 0xB9C5, 0x94AC, 0x99E6, 0x34FD, 0x51F4, 0xECAA, 0xC620, 0xE718, 0xE428, 0xCBBC, 0xC893, 0x678B, 0x6AAC, 0xCBB4,
    0xAAB4, 0x6BA4, 0x93CD, 0x29A4, 0x6AAC, 0x257B, 0xA46A, 0xE78A, 0x8A93, 0xB4D5, 0x8DB3, 0x0FD4, 0x51E4, 0xF3EC, 0x75FD, 0xB1EC,
    0x8250, 0x0349, 0x58DE, 0xFEFF, 0x5BFF, 0x32D5, 0x72CD, 0x57EF, 0xB8FF, 0x16EF, 0x94DE, 0x53DE, 0xF1D5, 0x90CD, 0x4FBD, 0xB0CD,
    0xD0CD, 0x32D6, 0xB5E6, 0xF6E6, 0xF6EE, 0xD6EE, 0xB5E6, 0x74DE, 0x53DE, 0x32D6, 0xD1CD, 0x90C5, 0x70C5, 0xEEB4, 0xACAC, 0x4783,
    0xAC6A, 0xAD6A, 0x4C52, 0xED62, 0xD17B, 0x9494, 0x328C, 0xD07B, 0xAF7B, 0x929C, 0x6E83, 0x938C, 0x98AD, 0xF9C5, 0x5AD6, 0x3ACE,
    0xDCE6, 0xDCDE, 0x1DE7, 0x7EF7, 0x7EF7, 0x7EF7, 0x7EF7, 0x9FF7, 0xBFFF, 0x9EF7, 0x9EF7, 0xBFF7, 0xBFFF, 0x9FF7, 0xDFFF, 0xFFFF,
    0xDFFF, 0x7EF7, 0x1DEF, 0x9AEE, 0x30D4, 0xD6ED, 0x94ED, 0x94E5, 0x74ED, 0x54ED, 0x54ED, 0x74ED, 0x94ED, 0xB5ED, 0xB6ED, 0xB6F5,
    0xF6F5, 0x17F6, 0x37FE, 0x78FE, 0x99FE, 0xB9FE, 0x99FE, 0x99FE, 0xB9FE, 0xDAFE, 0xFAFE, 0xFAFE, 0x1AFF, 0x1AFF, 0xFAFE, 0xDAFE,
    0xD9FE, 0xD9F6, 0xD9F6, 0xD9F6, 0xD9FE, 0xFAFE, 0x1AFF, 0x1BFF, 0x5BFF, 0x5CFF, 0x5CFF, 0x5CFF, 0x5CFF, 0x5CFF, 0x1BFF, 0x1BFF,
    0x1BFF, 0x3BFF, 0x5BFF, 0x5BFF, 0x5BFF, 0x5BFF, 0x5BFF, 0x5BFF, 0x5BFF, 0x7CFF, 0x7CFF, 0x5BFF, 0x5BFF, 0xB6ED, 0x1CF7, 0x36B5,
    0xFFFF, 0x1DE7, 0xB9C5, 0x16AD, 0x1BEF, 0xCCAA, 0x71E4, 0x72FC, 0xA320, 0x6510, 0x6762, 0x8BB4, 0x4AA4, 0x678B, 0xC893, 0x6AAC,
    0xCBBC, 0xE89B, 0xF4D5, 0x099C, 0xE77A, 0x0993, 0xEDBB, 0x92DC, 0xD6DD, 0x96ED, 0xB6F5, 0x54ED, 0x75F5, 0x95FD, 0x96FD, 0x2FCC,
    0xD3B4, 0xC320, 0x8549, 0x9DFF, 0x9CFF, 0xBDFF, 0xD7E5, 0x70BC, 0x74DE, 0xB9FF, 0x57F7, 0xD6E6, 0x98FF, 0x57F7, 0xF6EE, 0x95E6,
    0x33D6, 0xD1CD, 0xB0C5, 0xB0CD, 0x33D6, 0xF6EE, 0x17EF, 0xB5E6, 0x94DE, 0x74DE, 0x32D6, 0xF1CD, 0x90C5, 0x90C5, 0x0FBD, 0xCCB4,
    0x2A8A, 0xC889, 0x298A, 0x4A8A, 0x8B82, 0x119C, 0x7394, 0x169D, 0x16A5, 0x7394, 0x6F93, 0x32A4, 0x1AD6, 0xB8C5, 0x36B5, 0x16B5,
    0x57B5, 0x98BD, 0x78BD, 0x78BD, 0xD9C5, 0xFACD, 0x1ACE, 0x3BCE, 0x7BD6, 0x7BD6, 0x7BD6, 0x7BD6, 0x7BD6, 0x7BD6, 0x9CDE, 0x3EEF,
    0xBFFF, 0x7EF7, 0x9FFF, 0x5DF7, 0x56ED, 0x74E5, 0x94ED, 0x74ED, 0x74ED, 0x54E5, 0x54ED, 0x54ED, 0x74ED, 0x74ED, 0x95ED, 0x96ED,
    0xD6F5, 0x16F6, 0x37FE, 0x78FE, 0x98FE, 0x99FE, 0xB9FE, 0xDAFE, 0xDAFE, 0xFAFE, 0xFAFE, 0x1BFF, 0x3BFF, 0x3BFF, 0x1BFF, 0x1BFF,
    0x1BFF, 0xDAFE, 0xFAFE, 0xDAFE, 0xD9FE, 0xD9FE, 0xFAFE, 0x1BFF, 0x5BFF, 0x5BFF, 0x5CFF, 0x5CFF, 0x5CFF, 0x5CFF, 0x3BFF, 0x3BFF,
    0x1BFF, 0x3BFF, 0x3BFF, 0x5BFF, 0x5BFF, 0x5BFF, 0x5BFF, 0x5BFF, 0x5BFF, 0x5BFF, 0x5BFF, 0x5BFF, 0x7BFF, 0x55E5, 0x5DF7, 0x37B5,
    0xFFFF, 0x5EEF, 0xFAC5, 0x78BD, 0xD6D5, 0x71B4, 0xD5DD, 0x2982, 0xC620, 0x4631, 0x4662, 0x6AA4, 0x09A4, 0x8AAC, 0x468B, 0x878B,
    0x29A4, 0xAAB4, 0xEA93, 0xCCAB, 0x30BC, 0x37F6, 0x1AFF, 0x37DE, 0xD9F6, 0x99FE, 0x17FE, 0x95F5, 0x75F5, 0x95F5, 0xD6F5, 0x79EE,
    0xFFFF, 0x38CE, 0x0008, 0x91A4, 0x5BFF, 0x7CFF, 0xDDFF, 0xDBF6, 0xF2BC, 0x32CE, 0x77F7, 0xF6E6, 0xD5E6, 0xF6EE, 0x17EF, 0x37F7,
    0x57F7, 0x16EF, 0xB4E6, 0x53D6, 0xF1CD, 0xD0CD, 0x54DE, 0xD7EE, 0xD6EE, 0x95DE, 0x74DE, 0x33D6, 0xD1CD, 0x90C5, 0x70C5, 0x0EB5,
    0x0872, 0x4559, 0x6561, 0x4561, 0xC248, 0x2038, 0x6561, 0x91BC, 0x37CE, 0x3CDF, 0x12DC, 0xF5CC, 0x5EE7, 0xFCE6, 0x7EF7, 0x9FFF,
    0x5EF7, 0x1EEF, 0x1DEF, 0xDCDE, 0xBCDE, 0x9BDE, 0xBCDE, 0x9BDE, 0x3ACE, 0x3BD6, 0x3BD6, 0x5AD6, 0x5AD6, 0x5BD6, 0x5BD6, 0x9BDE,
    0x5EF7, 0xDFFF, 0xBEEF, 0xDFEF, 0x36ED, 0x14E5, 0xD6F5, 0x95ED, 0x75ED, 0x54E5, 0x54ED, 0x54ED, 0x54ED, 0x54ED, 0x54ED, 0x95ED,
    0xB6F5, 0xD6F5, 0x17FE, 0x58FE, 0x78FE, 0x99FE, 0x99FE, 0xDAFE, 0xFAFE, 0xFAFE, 0x1BFF, 0x1BFF, 0x3BFF, 0x3BFF, 0x3BFF, 0x3BFF,
    0x3BFF, 0x1BFF, 0xFAFE, 0xFAFE, 0xDAFE, 0xDAFE, 0xFAFE, 0x1BFF, 0x3BFF, 0x5CFF, 0x5CFF, 0x5CFF, 0x5CFF, 0x5CFF, 0x5BFF, 0x3BFF,
    0x3BFF, 0x3BFF, 0x3BFF, 0x3BFF, 0x3BFF, 0x3BFF, 0x3BFF, 0x3BFF, 0x5CFF, 0x5BFF, 0x5BFF, 0x5BFF, 0x7BFF, 0x75ED, 0x1BF7, 0x1AD6,
    0x7EEF, 0x5DEF, 0xFACD, 0x7AD6, 0xCFBB, 0x7DF7, 0xB8F6, 0xE839, 0xC720, 0xA96A, 0x2329, 0x299C, 0x8AAC, 0xE89B, 0x6AAC, 0x4783,
    0x4683, 0xE57A, 0xEDA3, 0x4FAC, 0x7DFF, 0x9DFF, 0x7CFF, 0xF6D5, 0xB9FE, 0x79FE, 0xF7FD, 0x96F5, 0x96F5, 0xB5F5, 0xF6FD, 0xB6E5,
    0xFFFF, 0xFFFF, 0x4852, 0x084A, 0x3BFF, 0x3BFF, 0x5BFF, 0x9DFF, 0x7CFF, 0xB4C5, 0x13CE, 0x36F7, 0xF5EE, 0x16EF, 0x16EF, 0x16EF,
    0x16EF, 0x16EF, 0x57F7, 0x58EF, 0x37EF, 0x73DE, 0xF1D5, 0xF2D5, 0x75DE, 0xB6E6, 0xB6E6, 0x75DE, 0x53DE, 0xF2CD, 0x90C5, 0x70C5,
    0x487A, 0x487A, 0x487A, 0x687A, 0x487A, 0xC669, 0x088A, 0x89AA, 0x0BB3, 0xAEA3, 0xED9A, 0x92BC, 0xB3AC, 0xF8BD, 0x3ACE, 0x3ACE,
    0xDCE6, 0x1DE7, 0x9EF7, 0xFFFF, 0xFFFF, 0xFFFF, 0xDFFF, 0x9FF7, 0x3DEF, 0xFDE6, 0xDCE6, 0xBCDE, 0x9BDE, 0x7BD6, 0x5AD6, 0x5BD6,
    0x3ACE, 0x3ACE, 0x93CC, 0xD1BB, 0x15ED, 0x13D5, 0x38F6, 0xF7F5, 0xB6F5, 0xB5F5, 0x95ED, 0x74ED, 0x54ED, 0x74ED, 0x74ED, 0x74ED,
    0xB5F5, 0xD6FD, 0xF7FD, 0x38FE, 0x58FE, 0x79FE, 0x99FE, 0xB9FE, 0xDAFE, 0xFAFE, 0xFBFE, 0x1BFF, 0x1BFF, 0x1BFF, 0x3BFF, 0x3BFF,
    0x5BFF, 0x3BFF, 0x1BFF, 0xFAFE, 0xFAFE, 0xFAFE, 0xFAFE, 0x1BFF, 0x3BFF, 0x5CFF, 0x5CFF, 0x5CFF, 0x5CFF, 0x5CFF, 0x5BFF, 0x3BFF,
    0x3BFF, 0x3BFF, 0x1BFF, 0x3BFF, 0x3BFF, 0x3BFF, 0x3BFF, 0x3BFF, 0x7CFF, 0x5BFF, 0x5BFF, 0x5CFF, 0x7CFF, 0x76F5, 0xB6D5, 0x5BDE,
    0x1DEF, 0x7EEF, 0xDAC5, 0xB6D5, 0x72CC, 0xBDFF, 0x16E6, 0x8839, 0xE620, 0xA86A, 0xE418, 0x878B, 0x8AAC, 0x289C, 0x69A4, 0x89AC,
    0xE57A, 0x10B4, 0xFBFE, 0xD5C5, 0x16CE, 0xFAEE, 0x1BFF, 0x57EE, 0x99FE, 0x78FE, 0xF7F5, 0xB6F5, 0x95F5, 0x95F5, 0xB6FD, 0x34E5,
    0x58D6, 0x9BEE, 0x34AD, 0xA320, 0x5CFF, 0x5BFF, 0x5BFF, 0x5BFF, 0x5CFF, 0xBEFF, 0x98E6, 0x15CE, 0x12CE, 0x36F7, 0x36F7, 0xF6EE,
    0xF6EE, 0x16EF, 0x78F7, 0x57F7, 0x37EF, 0x37F7, 0x16F7, 0x73DE, 0x32D6, 0xD1C5, 0x34D6, 0xB6E6, 0x75DE, 0x33D6, 0xF2CD, 0xB0C5,
    0xEB9A, 0x0B9B, 0x0B9B, 0x0B9B, 0x2BA3, 0x2BA3, 0xCA92, 0x288A, 0x70DC, 0x54FD, 0x71D4, 0x0CB3, 0xCBB2, 0x11BC, 0x56AD, 0xD9BD,
    0xBCDE, 0xB8BD, 0x57B5, 0xF9CD, 0x7BD6, 0xDCE6, 0x1DEF, 0x5EF7, 0x9FFF, 0x7EF7, 0x7EF7, 0x5EEF, 0x1DEF, 0xFCE6, 0xBBDE, 0x9BDE,
    0xBBDE, 0x35B5, 0xD1F3, 0x6FDB, 0x35ED, 0x54E5, 0x58F6, 0x17F6, 0x17F6, 0xF7FD, 0xF6F5, 0xB5ED, 0x95ED, 0x75ED, 0x74ED, 0x74ED,
    0x95F5, 0xD6FD, 0xF7FD, 0x18FE, 0x38FE, 0x58FE, 0x79FE, 0x99FE, 0xDAFE, 0xFAFE, 0xFBFE, 0x1BFF, 0x1BFF, 0x1BFF, 0x3BFF, 0x3BFF,
    0x3BFF, 0x3BFF, 0x3BFF, 0xFAFE, 0x1AFF, 0x1AFF, 0x1AFF, 0x1BFF, 0x1BFF, 0x3BFF, 0x5BFF, 0x5CFF, 0x5CFF, 0x5CFF, 0x5BFF, 0x5BFF,
    0x3BFF, 0x3BFF, 0x3BFF, 0x3BFF, 0x3BFF, 0x3BFF, 0x3BFF, 0x3BFF, 0x7CFF, 0x5BFF, 0x5BFF, 0x5BFF, 0x5BFF, 0x34ED, 0xB2C4, 0xBCDE,
    0xDCE6, 0x7EF7, 0x5BD6, 0x72CC, 0xD6DD, 0x5CFF, 0xB5DD, 0xE620, 0xE620, 0xE749, 0x274A, 0x2683, 0x49A4, 0x49A4, 0xE793, 0x089C,
    0x2FAC, 0xFBFE, 0x9CFF, 0xDEFF, 0xB9E6, 0x98E6, 0xFAFE, 0xFAFE, 0x99FE, 0x58FE, 0x17FE, 0xD7F5, 0xD6F5, 0x95F5, 0xB6F5, 0x74F5,
    0x294B, 0x0933, 0xE93A, 0x0531, 0x1AF7, 0x5BFF, 0x5BFF, 0x5BFF, 0x5BFF, 0x5CFF, 0x9DFF, 0x1BF7, 0xB5C5, 0x34CE, 0x94DE, 0x57FF,
    0x16EF, 0x37F7, 0x78F7, 0x78F7, 0x58F7, 0x17EF, 0x17EF, 0x37F7, 0x16EF, 0x73DE, 0xF1CD, 0xF2CD, 0x95DE, 0x94DE, 0x53DE, 0x12D6,
    0x0B9B, 0xEB92, 0xCB92, 0xCA92, 0x0BA3, 0x0BA3, 0x0B9B, 0x0A9B, 0xA99A, 0x34F5, 0xB6FD, 0xF7FD, 0x51D4, 0x4EC3, 0x72CC, 0x9ADE,
    0x9ADE, 0xBEF7, 0x7EF7, 0xBCDE, 0x7BD6, 0x3ACE, 0x1ACE, 0x9BDE, 0x7FF7, 0x9FFF, 0xBFFF, 0x7EF7, 0x5EF7, 0x1DEF, 0x1DE7, 0xFCE6,
    0xDCDE, 0x5ACE, 0x4FC3, 0xD1DB, 0x77ED, 0xD3DC, 0x78FE, 0x57FE, 0x37FE, 0x37F6, 0x17F6, 0x17F6, 0xD7F5, 0xB6F5, 0x95F5, 0x75F5,
    0x95F5, 0xD6F5, 0xF7FD, 0x17FE, 0x38FE, 0x38FE, 0x79FE, 0x99FE, 0xB9FE, 0xDAFE, 0xFBFE, 0x1BFF, 0x1BFF, 0x1BFF, 0x3BFF, 0x3BFF,
    0x3BFF, 0x3BFF, 0x3BFF, 0x3BFF, 0x3BFF, 0x3BFF, 0x1AFF, 0x3BFF, 0x3BFF, 0x5BFF, 0x5BFF, 0x5BFF, 0x3BFF, 0x3BFF, 0x5CFF, 0x5CFF,
    0x5CFF, 0x3BFF, 0x3BFF, 0x3BFF, 0x5BFF, 0x5BFF, 0x5BFF, 0x5BFF, 0x5BFF, 0x5BFF, 0x5BFF, 0x5BFF, 0x1AFF, 0x34ED, 0x91C4, 0xFCE6,
    0xBCE6, 0x7EF7, 0xFDE6, 0x2DAB, 0x3BFF, 0x5BFF, 0x33D5, 0x8510, 0x0621, 0xA739, 0xA762, 0x2683, 0xC88B, 0x49A4, 0x289C, 0x298B,
    0x9AF6, 0x5BFF, 0x5BFF, 0x3BFF, 0x5CFF, 0x5BFF, 0xFAFE, 0xBAFE, 0x99FE, 0x79FE, 0x17FE, 0xB6F5, 0x96F5, 0x96F5, 0xD7FD, 0xF6F5,
    0xF2B5, 0x6C54, 0x8812, 0xC841, 0x16D6, 0x5BFF, 0x5BFF, 0x5BFF, 0x5BFF, 0x5BFF, 0x5BFF, 0x7CFF, 0x5BF7, 0x78DE, 0xD5C5, 0x13CE,
    0xD5EE, 0x77FF, 0x78FF, 0x57F7, 0x38F7, 0x38F7, 0x17EF, 0xF7EE, 0xF6EE, 0x16F7, 0x16EF, 0x74DE, 0x74DE, 0x12CE, 0xB5E6, 0x53D6,
    0x2CA3, 0x2CA3, 0x2C9B, 0x2B9B, 0x2BA3, 0x2CAB, 0x2CA3, 0x2CA3, 0xEBA2, 0xCEC3, 0xF7FD, 0x37FE, 0x18FE, 0xF3DC, 0x4ECB, 0xF5CC,
    0x18C6, 0x97BD, 0x9EF7, 0xFFFF, 0xFFFF, 0xBFFF, 0x9EF7, 0xBFFF, 0xDFFF, 0xBFFF, 0xBFFF, 0xBFFF, 0xBFFF, 0x7EF7, 0x3DEF, 0x3DEF,
    0x1DEF, 0xDCDE, 0x6F93, 0x33DC, 0xF9F5, 0xB3CC, 0xBAFE, 0x78FE, 0x78FE, 0x58FE, 0x37FE, 0x37FE, 0x17FE, 0xF7F5, 0xB6F5, 0x95ED,
    0x95ED, 0xF6F5, 0x17FE, 0x58FE, 0x38FE, 0x38FE, 0x58FE, 0x79FE, 0x9AFE, 0xDAFE, 0xFAFE, 0x1BFF, 0x1BFF, 0x3BFF, 0x3BFF, 0x1BFF,
    0x3BFF, 0x3BFF, 0x3BFF, 0x5BFF, 0x5BFF, 0x3BFF, 0x3BFF, 0x5BFF, 0x5BFF, 0x5BFF, 0x5BFF, 0x3BFF, 0x3BFF, 0x3BFF, 0x5CFF, 0x5CFF,
    0x5BFF, 0x5BFF, 0x5BFF, 0x5BFF, 0x5BFF, 0x5BFF, 0x5BFF, 0x5BFF, 0x5BFF, 0x5BFF, 0x5BFF, 0x3BFF, 0xFAFE, 0x34ED, 0x71C4, 0x5EEF,
    0xBCDE, 0x5EF7, 0xFCEE, 0x298A, 0xFFFF, 0x9CFF, 0x50BC, 0x8408, 0x0619, 0x2731, 0x6539, 0xC893, 0x0773, 0x49A4, 0x8893, 0xB6E5,
    0x7CFF, 0x5CFF, 0x5BFF, 0x3BFF, 0x3BFF, 0x1BFF, 0xFAFE, 0xDAFE, 0xB9FE, 0x58FE, 0x18FE, 0xD7F5, 0x96F5, 0xB6F5, 0xF7FD, 0x18FE,
    0xEF8C, 0xAA33, 0x6812, 0xE841, 0x77DE, 0x1AF7, 0x5BFF, 0x5BFF, 0x5BFF, 0x5BFF, 0x5BFF, 0x5BFF, 0x7CFF, 0x77D6, 0x9DFF, 0x79DE,
    0xF5C5, 0xF2C5, 0xD6EE, 0xFCFF, 0x99FF, 0x38F7, 0x17EF, 0x17EF, 0x16EF, 0x16EF, 0xF6EE, 0x16EF, 0xD5E6, 0x53D6, 0xD2CD, 0x74DE,
    0x0C9B, 0x2CA3, 0x4DAB, 0x2CA3, 0x4CA3, 0x2CA3, 0x2CAB, 0x4CAB, 0x4CAB, 0x0BA3, 0x14F5, 0xF7FD, 0xD7FD, 0x18FE, 0xD2DC, 0xEEC2,
    0x5AE6, 0xDCDE, 0x7BDE, 0xDCE6, 0xDFFF, 0xFFFF, 0xFFFF, 0xDFFF, 0xDFFF, 0xBFFF, 0xBFFF, 0xBFFF, 0xDFFF, 0xBFFF, 0x9FFF, 0x9EFF,
    0x7EEF, 0xDCDE, 0xD0B3, 0x56D5, 0xD9FD, 0xF3CC, 0xFBFE, 0xBAFE, 0xBAFE, 0x79FE, 0x58FE, 0x38FE, 0x37FE, 0x37FE, 0xF7F5, 0xD6ED,
    0xB5ED, 0xF6F5, 0x17FE, 0xD6FD, 0x17FE, 0x38FE, 0x58FE, 0x79FE, 0x79FE, 0xBAFE, 0xFAFE, 0xFBFE, 0x1BFF, 0x1BFF, 0x3BFF, 0x3BFF,
    0x3BFF, 0x3BFF, 0x3BFF, 0x5BFF, 0x5BFF, 0x3BFF, 0x5BFF, 0x5BFF, 0x5BFF, 0x5BFF, 0x3BFF, 0x3BFF, 0x3BFF, 0x3BFF, 0x3BFF, 0x3BFF,
    0x3BFF, 0x3BFF, 0x3BFF, 0x5BFF, 0x5BFF, 0x5BFF, 0x5BFF, 0x5BFF, 0x5BFF, 0x5BFF, 0x5BFF, 0x5BFF, 0xDAFE, 0x13E5, 0xEECB, 0xDFF7,
    0x9CDE, 0x5EEF, 0x9BE6, 0x0DA3, 0xFEFF, 0xD9F6, 0xEFBB, 0xA510, 0xE618, 0x2631, 0xE528, 0x089C, 0xE77A, 0x8783, 0x6FBC, 0xDBFE,
    0x7CFF, 0x5BFF, 0x5BFF, 0x3BFF, 0x3BFF, 0x1BFF, 0x1BFF, 0xDAFE, 0xB9FE, 0x58FE, 0x38FE, 0xF7FD, 0xF7FD, 0xF7FD, 0x37FE, 0x38FE,
    0x7195, 0x8B33, 0x6812, 0xAA52, 0x99DE, 0x1BF7, 0x5CFF, 0x5BFF, 0x5BFF, 0x5BFF, 0x5BFF, 0x5BFF, 0x7CFF, 0x16CE, 0x9CFF, 0xBDFF,
    0x3CF7, 0x78DE, 0xB5C5, 0x78CE, 0x96DE, 0x78FF, 0x78FF, 0x38F7, 0x16EF, 0x16EF, 0x16EF, 0xF5E6, 0xD5E6, 0xF6EE, 0x33D6, 0x51BD,
    0x2CA3, 0x0CA3, 0x0CA3, 0x2DAB, 0x4CAB, 0x2CA3, 0x2CA3, 0x4CAB, 0x4CAB, 0xEBA2, 0x8A9A, 0x71DC, 0xD7FD, 0xD7FD, 0x38FE, 0x11D4,
    0xF2D3, 0x9BDE, 0xBFF7, 0x9BDE, 0x5AD6, 0x5EF7, 0xFFFF, 0xDFFF, 0xBFFF, 0xBFFF, 0xBFFF, 0xBFFF, 0xBFFF, 0xDFFF, 0xDFFF, 0xDFFF,
    0x9FFF, 0x7AD6, 0xB1E3, 0x7ADE, 0x36F5, 0xF3D4, 0x3BFF, 0x1BFF, 0xFBFE, 0xDAFE, 0x99FE, 0x79FE, 0x58FE, 0x58FE, 0x37FE, 0xF6F5,
    0xD6F5, 0xD6F5, 0x34ED, 0x51DC, 0xD7FD, 0x38FE, 0x58FE, 0x79FE, 0x99FE, 0xDAFE, 0xDAFE, 0xFAFE, 0x1BFF, 0x1BFF, 0x3BFF, 0x3BFF,
    0x3BFF, 0x3BFF, 0x3BFF, 0x5CFF, 0x3CFF, 0x3CFF, 0x3CFF, 0x1CFF, 0x1CFF, 0x1BFF, 0x1BFF, 0x1BFF, 0x1BFF, 0x1BFF, 0x1BFF, 0x3BFF,
    0x3BFF, 0x3BFF, 0x3BFF, 0x5BFF, 0x5BFF, 0x5BFF, 0x5BFF, 0x5BFF, 0x5BFF, 0x5BFF, 0x5BFF, 0x5CFF, 0xFAFE, 0xF3DC, 0xADC3, 0xBFF7,
    0xBCE6, 0x7EF7, 0x7ADE, 0xCFB3, 0xBDFF, 0x94E5, 0x0FCC, 0xE871, 0xA618, 0x2521, 0xE541, 0xC86A, 0x289C, 0xA551, 0xB7E5, 0x5CFF,
    0x5BFF, 0x5BFF, 0x5BFF, 0x3BFF, 0x3BFF, 0x3BFF, 0x1BFF, 0xFAFE, 0xDAFE, 0x99FE, 0x58FE, 0x38FE, 0x17FE, 0x17FE, 0x37FE, 0x38FE,
    0x15BE, 0x4A3B, 0x270A, 0x8E7B, 0x16CE, 0x7CFF, 0x5CFF, 0x5BFF, 0x5BFF, 0x5BFF, 0x5BFF, 0x5BFF, 0x7CFF, 0xD5C5, 0x9CFF, 0x5BFF,
    0x5CFF, 0xBEFF, 0x9DFF, 0x99E6, 0x37DE, 0xD4D5, 0x96EE, 0xD6EE, 0xB9FF, 0x98FF, 0x16EF, 0xF6EE, 0xD5E6, 0xB5E6, 0xD6E6, 0x13D6,
    0x8EAB, 0x2CA3, 0x0CA3, 0x2DA3, 0x4DA3, 0x4DAB, 0x0CA3, 0x2CAB, 0x2CA3, 0x6DB3, 0xE789, 0x089A, 0x4DBB, 0xD2EC, 0x95FD, 0xF7F5,
    0xCFCB, 0xF5DC, 0xBCD6, 0xFFFF, 0x1CE7, 0x19CE, 0x1DE7, 0xFFFF, 0xDFFF, 0xBFFF, 0xBFFF, 0xDFFF, 0xBFFF, 0xBFFF, 0xDFFF, 0xDFFF,
    0xFFFF, 0x96CD, 0xF1E3, 0xF8D5, 0xF5E4, 0xB6E5, 0x3BFF, 0x3BFF, 0x1BFF, 0xFAFE, 0xDAFE, 0xB9FE, 0x79FE, 0x78FE, 0x58FE, 0x37FE,
    0xD6F5, 0xD6F5, 0x10D4, 0x72EC, 0x75F5, 0x17FE, 0x58FE, 0x99FE, 0xBAFE, 0xDAFE, 0xFAFE, 0xFAFE, 0x1BFF, 0x1BFF, 0x3BFF, 0x3BFF,
    0x3BFF, 0x3BFF, 0x3BFF, 0x5BFF, 0x3BFF, 0x3BFF, 0x1BFF, 0xFAFE, 0xFAFE, 0xFAFE, 0xFAFE, 0xFAFE, 0x1BFF, 0x1BFF, 0x1BFF, 0x1BFF,
    0x1BFF, 0x3BFF, 0x3BFF, 0x5BFF, 0x5BFF, 0x5BFF, 0x5BFF, 0x5BFF, 0x5BFF, 0x5BFF, 0x5BFF, 0x5CFF, 0xD9F6, 0xB1E4, 0xCBAA, 0x9FEF,
    0xBDE6, 0x5EEF, 0xDCEE, 0x6EAB, 0x5BFF, 0xD1DC, 0x2FD4, 0x2BBB, 0xE781, 0x6651, 0xA649, 0x4439, 0x656A, 0xCB82, 0x5CFF, 0x7BFF,
    0x5BFF, 0x5BFF, 0x5BFF, 0x3BFF, 0x3BFF, 0x3BFF, 0x1BFF, 0x1BFF, 0xFAFE, 0xBAFE, 0x99FE, 0x78FE, 0x58FE, 0x58FE, 0x58FE, 0x78FE,
    0x7195, 0xAB43, 0xE92A, 0x929C, 0x95C5, 0x7CFF, 0x5BFF, 0x5BFF, 0x5BFF, 0x5BFF, 0x5BFF, 0x5BFF, 0x7CFF, 0xB5C5, 0xDDFF, 0xDEFF,
    0xDEFF, 0x9DFF, 0x5CFF, 0xFAEE, 0x3BF7, 0xF2BC, 0x70BC, 0xEB8A, 0xB0B4, 0x92C5, 0xF6EE, 0x57F7, 0x17EF, 0xD6E6, 0xB6E6, 0x16EF,
    0x8EB3, 0x4DAB, 0x2CA3, 0x4CA3, 0x2CA3, 0x2CA3, 0xCB9A, 0x4DB3, 0x2CAB, 0xAEC3, 0x92F4, 0x92EC, 0x0FD4, 0x51EC, 0xB2EC, 0xB6FD,
    0x75DD, 0x72EC, 0xB9D5, 0x9BD6, 0xFFFF, 0x9EF7, 0x9BDE, 0xFCE6, 0xDFFF, 0xDFFF, 0xDFFF, 0xDFFF, 0xDFFF, 0xBFFF, 0xDFFF, 0xFFFF,
    0x5DE7, 0x52C4, 0x53EC, 0x35D5, 0x37F5, 0x55DD, 0x3BFF, 0x1AFF, 0x1AFF, 0xFAFE, 0xFAFE, 0xFAFE, 0xBAFE, 0x99FE, 0x79FE, 0x38FE,
    0xD6FD, 0xF7F5, 0x72DC, 0xD3F4, 0x75F5, 0x17FE, 0x58FE, 0x99FE, 0xBAFE, 0xDAFE, 0xFAFE, 0xFAFE, 0x1BFF, 0x3BFF, 0x3BFF, 0x3BFF,
    0x3BFF, 0x3BFF, 0x3BFF, 0x5BFF, 0x5BFF, 0x3BFF, 0xFAFE, 0xDAFE, 0xFAFE, 0xDAFE, 0xDAFE, 0xDAFE, 0xFAFE, 0xFAFE, 0xFAFE, 0xFAFE,
    0x1BFF, 0x3BFF, 0x3BFF, 0x5BFF, 0x5BFF, 0x5BFF, 0x5CFF, 0x3CFF, 0x5BFF, 0x5BFF, 0x5BFF, 0x5CFF, 0xB8F6, 0xB1E4, 0x49A2, 0x9EF7,
    0xBDE6, 0x5EF7, 0x3DF7, 0x6EAB, 0x77F6, 0x90D4, 0x50D4, 0x50D4, 0x2FD4, 0x4FDC, 0xADBB, 0x2CBB, 0xA360, 0x9AF6, 0x5BFF, 0x5BFF,
    0x5BFF, 0x5BFF, 0x5BFF, 0x3BFF, 0x3BFF, 0x3BFF, 0x1BFF, 0x1BFF, 0xFAFE, 0xFAFE, 0xD9FE, 0x99FE, 0x78FE, 0x78FE, 0x78FE, 0xBAFE,
    0x0833, 0x938D, 0xAD6B, 0x55BD, 0x95CD, 0x7CFF, 0x5BFF, 0x5CFF, 0x3CFF, 0x5BFF, 0x5BFF, 0x5CFF, 0xDDFF, 0x93B5, 0x5BF7, 0x98EE,
    0xD2B4, 0xD1B4, 0x14D6, 0x74DE, 0xD5E6, 0x73D6, 0x33D6, 0xB1CD, 0xAEAC, 0x8DA4, 0x30BD, 0x54DE, 0x95E6, 0x16EF, 0x38F7, 0xD6E6,
    0x2CA3, 0x4DAB, 0x2CA3, 0x4CA3, 0xEBA2, 0x0CA3, 0x8DAB, 0x0FC4, 0x0CAB, 0x6DB3, 0x4CC3, 0x2CCB, 0xEFE3, 0x92F4, 0x54F5, 0x96FD,
    0x79F6, 0x10CC, 0x16ED, 0xFAC5, 0x9CDE, 0xFFFF, 0xDFFF, 0x1CE7, 0xBFFF, 0xDFFF, 0xDFFF, 0xDFFF, 0xDFFF, 0xDFFF, 0xDFFF, 0x1CE7,
    0x77BD, 0xB0CB, 0xF1E3, 0x76D5, 0x98F5, 0x75D5, 0x3BFF, 0x3BFF, 0x1BFF, 0xFAFE, 0xFAFE, 0x1AFF, 0xDAFE, 0xBAFE, 0x79FE, 0x58FE,
    0x17FE, 0x17FE, 0xD3E4, 0x72E4, 0x95F5, 0x17FE, 0x58FE, 0x99FE, 0xBAFE, 0xDAFE, 0xFAFE, 0xFAFE, 0x1BFF, 0x1BFF, 0x3BFF, 0x3BFF,
    0x3BFF, 0x3BFF, 0x3BFF, 0x3BFF, 0x5BFF, 0x3BFF, 0xFAFE, 0xDAFE, 0xDAFE, 0xDAFE, 0xDAFE, 0xDAFE, 0xDAFE, 0xDAFE, 0xFAFE, 0xFAFE,
    0x1BFF, 0x3BFF, 0x3BFF, 0x3BFF, 0x3BFF, 0x3BFF, 0x5CFF, 0x5CFF, 0x5BFF, 0x5BFF, 0x5BFF, 0x7CFF, 0xD9F6, 0xB1DC, 0xEBB2, 0x5EEF,
    0xBDE6, 0x7EF7, 0x9EFF, 0x6EAB, 0x94ED, 0xB0D4, 0x50CC, 0x30D4, 0x50D4, 0x50D4, 0x90DC, 0x0EDC, 0x6DB3, 0x5CFF, 0x5BFF, 0x3BFF,
    0x5BFF, 0x5BFF, 0x5BFF, 0x5BFF, 0x3BFF, 0x3BFF, 0x3BFF, 0x3BFF, 0x1BFF, 0xFAFE, 0xFAFE, 0xDAFE, 0xB9FE, 0xB9FE, 0xB9FE, 0xFBFE,
    0xF194, 0x7395, 0x0C6B, 0x95D5, 0xB9EE, 0x5BFF, 0x5BFF, 0xFBFE, 0x1BFF, 0x5CFF, 0x7CFF, 0x3BFF, 0x1AF7, 0x709C, 0x74CD, 0x2DAC,
    0x2D9C, 0x51BD, 0xD5E6, 0x77FF, 0x57F7, 0x77FF, 0x57FF, 0x77F7, 0x77FF, 0x56F7, 0x53DE, 0xF1D5, 0xD1CD, 0xD1CD, 0x53D6, 0xF6EE,
    0x4CAB, 0x4CAB, 0xEFBB, 0xAEB3, 0x6DB3, 0xAEB3, 0xEFBB, 0xCEB3, 0x2CA3, 0xADB3, 0x49B2, 0x0CCB, 0xAEDB, 0x71EC, 0x55FD, 0xD7FD,
    0xBAFE, 0xD6D5, 0xF0DB, 0x9CDE, 0xFACD, 0xBCDE, 0xDFFF, 0xFFFF, 0xBFFF, 0xBFFF, 0xDFFF, 0xBFFF, 0xBFFF, 0xDFFF, 0xDFFF, 0xFCE6,
    0x7ADE, 0x93C4, 0x18DE, 0x9EEF, 0x97ED, 0xF7DD, 0x5CFF, 0x3BFF, 0x1BFF, 0xFAFE, 0xFAFE, 0xFAFE, 0xDAFE, 0x99FE, 0x79FE, 0x79FE,
    0x38F6, 0x38FE, 0x55ED, 0xD3EC, 0x95F5, 0x58FE, 0x59FE, 0x99FE, 0xBAFE, 0xDAFE, 0xFAFE, 0x1BFF, 0x1BFF, 0x3BFF, 0x3BFF, 0x3BFF,
    0x3BFF, 0x3BFF, 0x3BFF, 0x3BFF, 0x5BFF, 0x3BFF, 0xFBFE, 0xFAFE, 0xFAFE, 0xDAFE, 0xDAFE, 0xDAFE, 0xFAFE, 0xFAFE, 0x1AFF, 0x1BFF,
    0x3BFF, 0x3BFF, 0x3BFF, 0x1AFF, 0x1AFF, 0x1AFF, 0x3BFF, 0x5BFF, 0x5BFF, 0x5BFF, 0x5BFF, 0x7CFF, 0x57EE, 0xF2E4, 0xCBB2, 0x5DEF,
    0xBCE6, 0x9EF7, 0xDFFF, 0x4EA3, 0x57FE, 0x53E5, 0x30D4, 0x2FD4, 0x2FCC, 0x2FCC, 0x2FD4, 0x0BB3, 0xB6E5, 0x5CFF, 0x5BFF, 0x5BFF,
    0x5BFF, 0x5BFF, 0x5BFF, 0x5BFF, 0x5BFF, 0x5BFF, 0x5BFF, 0x3BFF, 0x3BFF, 0x1BFF, 0x1BFF, 0xFAFE, 0xDAFE, 0xDAFE, 0xFAFE, 0xFAFE,
    0xFFFF, 0x9DF7, 0x5CF7, 0xFAEE, 0x7CFF, 0x3BFF, 0x5BFF, 0xDAFE, 0x1BFF, 0x3BFF, 0x1AF7, 0x77DE, 0x17CE, 0x509C, 0x92C5, 0x74DE,
    0x58F7, 0x99FF, 0x57F7, 0x16EF, 0x37EF, 0x37F7, 0x16EF, 0x16EF, 0x16EF, 0x17F7, 0xF6EE, 0xB5E6, 0x53DE, 0x12D6, 0x90C5, 0xF2D5,
    0x2FC4, 0xEEBB, 0x30C4, 0xCEB3, 0x0FC4, 0x2FBC, 0x0FBC, 0xAEB3, 0x0CA3, 0x0CC3, 0x71EC, 0x75FD, 0x96FD, 0xB6F5, 0x17FE, 0x79FE,
    0xBAFE, 0xBEFF, 0x10C4, 0x7AFE, 0x1DDF, 0xDACD, 0xDCE6, 0xDFFF, 0xDFFF, 0xBFFF, 0xDFFF, 0xBFFF, 0xBFFF, 0xBFFF, 0xBFFF, 0xFFFF,
    0xFFFF, 0xDFF7, 0xBFEF, 0x9EEF, 0x16F5, 0x17E6, 0x3BFF, 0x3BFF, 0x1AFF, 0xFAFE, 0xDAFE, 0xB9FE, 0xB9FE, 0x79FE, 0x79FE, 0x79FE,
    0x58FE, 0x58FE, 0xF7FD, 0x95F5, 0xF7FD, 0x58FE, 0x79FE, 0x9AFE, 0xBAFE, 0xDAFE, 0xFAFE, 0x1BFF, 0x1BFF, 0x1BFF, 0x3BFF, 0x1BFF,
    0x3BFF, 0x3BFF, 0x3CFF, 0x3CFF, 0x5BFF, 0x5BFF, 0x3BFF, 0x1AFF, 0x1AFF, 0x1AFF, 0xFAFE, 0x1AFF, 0x1AFF, 0x1AFF, 0x1BFF, 0x3BFF,
    0x3BFF, 0x3BFF, 0x1BFF, 0x1AFF, 0x1AFF, 0x1AFF, 0x1AFF, 0x1AFF, 0x5BFF, 0x5BFF, 0x5BFF, 0xDAFE, 0xD5ED, 0xF2E4, 0x0CBB, 0x3DEF,
    0xBCE6, 0x9FF7, 0xBFFF, 0xAFAB, 0x9CFF, 0x16EE, 0x0FD4, 0x2FCC, 0x2FD4, 0x2FCC, 0x2FD4, 0x2CB3, 0x1AFF, 0x5BFF, 0x5BFF, 0x5BFF,
    0x5BFF, 0x5BFF, 0x5BFF, 0x5BFF, 0x5BFF, 0x5BFF, 0x5BFF, 0x5BFF, 0x3BFF, 0x1BFF, 0x1BFF, 0x1BFF, 0xFAFE, 0xFAFE, 0xFBFE, 0x1BFF,
    0x3BFF, 0x5BFF, 0x7CFF, 0x7CFF, 0x3BFF, 0x3BFF, 0x3BFF, 0x3BFF, 0x1AF7, 0x1AF7, 0x77DE, 0xD9E6, 0xD5C5, 0x14CE, 0x15EF, 0x77FF,
    0x17EF, 0x16EF, 0x16EF, 0x58F7, 0x37F7, 0x37F7, 0xF6EE, 0xF6F6, 0xF6EE, 0xF6EE, 0x16EF, 0xF6EE, 0x95E6, 0x74DE, 0x74E6, 0x12D6,
    0x4DAB, 0x6DAB, 0x0B9B, 0x0CA3, 0x0C9B, 0x0CA3, 0x4DA3, 0xCB92, 0x89AA, 0xF3F4, 0xB6FD, 0x96F5, 0xD7FD, 0x38FE, 0x99FE, 0xDAFE,
    0x1AFF, 0x3CFF, 0x79E6, 0x11E4, 0x7DEF, 0x9CDE, 0x3ACE, 0x5EF7, 0xDFFF, 0xBFFF, 0xDFFF, 0xBFFF, 0xBFFF, 0xBFFF, 0xBFFF, 0xBFFF,
    0xDFFF, 0xDFFF, 0xBFF7, 0x5DF7, 0x77F5, 0x17DE, 0x3BFF, 0x1BFF, 0xFAFE, 0xFAFE, 0xDAFE, 0xB9FE, 0x99FE, 0x99FE, 0x79FE, 0x79FE,
    0x79FE, 0x78FE, 0x78FE, 0x38FE, 0x58FE, 0x78FE, 0x99FE, 0xBAFE, 0xDAFE, 0xDAFE, 0xFBFE, 0x1BFF, 0x1BFF, 0x3BFF, 0x3BFF, 0x3BFF,
    0x3BFF, 0x3BFF, 0x3BFF, 0x3CFF, 0x3BFF, 0x5BFF, 0x5BFF, 0x3BFF, 0x3BFF, 0x3BFF, 0x3BFF, 0x3BFF, 0x3BFF, 0x3BFF, 0x3BFF, 0x1BFF,
    0x1BFF, 0x3BFF, 0x1BFF, 0x1BFF, 0x1BFF, 0x1BFF, 0x1AFF, 0x1AFF, 0x1BFF, 0x3BFF, 0x1AFF, 0x79FE, 0x95ED, 0xF2E4, 0x6DCB, 0x1CEF,
    0xBDDE, 0x7EF7, 0x9FFF, 0x11B4, 0x1AFF, 0x98F6, 0x0FD4, 0x2FCC, 0x2FCC, 0x4FD4, 0x2FD4, 0x50CC, 0x5BFF, 0x5BFF, 0x5BFF, 0x5BFF,
    0x5BFF, 0x5BFF, 0x5BFF, 0x3CFF, 0x5BFF, 0x9CFF, 0x5BFF, 0x3BFF, 0x5BFF, 0x3BFF, 0x3BFF, 0x1BFF, 0x1BFF, 0x1BFF, 0xFBFE, 0x3BFF,
    0x5BFF, 0x3BFF, 0x3BFF, 0x5CFF, 0x3BFF, 0x3BFF, 0x5CFF, 0x1AF7, 0x7CFF, 0x98E6, 0xFAEE, 0xF6CD, 0xF3CD, 0x77FF, 0x16EF, 0x16EF,
    0x16EF, 0x16EF, 0x56EF, 0x57F7, 0x36F7, 0x37EF, 0x17EF, 0xF6EE, 0x16EF, 0x16EF, 0x16EF, 0x16EF, 0x16EF, 0xF6EE, 0x94E6, 0x53DE,
    0x4CA3, 0x6DAB, 0x8DAB, 0x4DA3, 0x2C9B, 0x2CA3, 0x2C9B, 0xCA9A, 0xB1EC, 0xD7F5, 0xF7FD, 0x17FE, 0x78FE, 0x78FE, 0xB9FE, 0xFAFE,
    0x3BFF, 0x3BFF, 0x5CF7, 0x51DC, 0x72CC, 0xFFFF, 0xBCE6, 0x7BDE, 0x9EFF, 0xDFFF, 0xDFFF, 0xBFFF, 0xBFFF, 0xDFFF, 0xDFFF, 0xDFFF,
    0xDFFF, 0x5EF7, 0x3DE7, 0x5EF7, 0x35E5, 0x98EE, 0x1BFF, 0xFBFE, 0xFAFE, 0xFAFE, 0xDAFE, 0xB9FE, 0x99FE, 0x99FE, 0x79FE, 0x79FE,
    0x79FE, 0x79FE, 0x99FE, 0x99FE, 0x99FE, 0x99FE, 0xB9FE, 0xBAFE, 0xDAFE, 0xFBFE, 0xFBFE, 0x1BFF, 0x1BFF, 0x3BFF, 0x3BFF, 0x3BFF,
    0x5BFF, 0x5BFF, 0x5BFF, 0x5CFF, 0x3BFF, 0x3BFF, 0x3CFF, 0x3CFF, 0x3CFF, 0x5BFF, 0x5BFF, 0x5BFF, 0x5BFF, 0x5BFF, 0x3BFF, 0x3BFF,
    0x3BFF, 0x3BFF, 0x3BFF, 0x1BFF, 0x1BFF, 0x1BFF, 0xFBFE, 0x1BFF, 0x1BFF, 0x1BFF, 0xDAFE, 0x78F6, 0x94E5, 0x12E5, 0xCBB2, 0x1DF7,
    0xDDE6, 0x5EF7, 0x9FFF, 0xF0B3, 0x94ED, 0xD5ED, 0x0FCC, 0x2FCC, 0x4FCC, 0x50CC, 0x2FD4, 0xEFC3, 0x3BFF, 0x5BFF, 0x5BFF, 0x5BFF,
    0x5BFF, 0x5BFF, 0x5BFF, 0x5BFF, 0x1BF7, 0xB3C4, 0x5CFF, 0x3BFF, 0x5BFF, 0x5BFF, 0x3BFF, 0x3BFF, 0x3BFF, 0x1BFF, 0xDAFE, 0x1BFF,
    0x3BFF, 0x5BFF, 0x5CFF, 0x5CFF, 0x3BFF, 0x5CFF, 0xFAEE, 0x3BF7, 0x37DE, 0xF9EE, 0x58DE, 0xF2CD, 0x78FF, 0x17EF, 0x16EF, 0x16EF,
    0x16EF, 0x36EF, 0x56EF, 0x57F7, 0x78F7, 0x37F7, 0x37F7, 0xF6EE, 0x16EF, 0x16EF, 0x16EF, 0x16EF, 0x16EF, 0x16EF, 0xF5E6, 0xB4E6,
    0xEB92, 0x0B9B, 0x4C9B, 0x2C9B, 0x0C93, 0x0C9B, 0x2882, 0x91E4, 0xB5FD, 0xD7FD, 0x38FE, 0xB9FE, 0xB9FE, 0xD9FE, 0xFAFE, 0x1BFF,
    0x3BFF, 0x3BFF, 0x5CFF, 0x34CD, 0x31E4, 0xBADE, 0xDFFF, 0x9CDE, 0xFCE6, 0xDFFF, 0xDFFF, 0xBFFF, 0xBFFF, 0xBFFF, 0xBFFF, 0xBFFF,
    0xDFFF, 0xFFFF, 0xBEF7, 0x1CE7, 0x32DC, 0x1BFF, 0x1BFF, 0xFBFE, 0xDAFE, 0xDAFE, 0xBAFE, 0xB9FE, 0xB9FE, 0x99FE, 0x79FE, 0x79FE,
    0x99FE, 0x99FE, 0x99FE, 0xB9FE, 0xB9FE, 0xB9FE, 0xB9FE, 0xDAFE, 0xDAFE, 0xFBFE, 0x1BFF, 0x1BFF, 0x1BFF, 0x3BFF, 0x3BFF, 0x3BFF,
    0x5BFF, 0x5BFF, 0x5CFF, 0x5CFF, 0x3CFF, 0x3BFF, 0x3BFF, 0x3BFF, 0x3BFF, 0x5BFF, 0x5BFF, 0x5BFF, 0x5BFF, 0x5BFF, 0x5BFF, 0x5BFF,
    0x3BFF, 0x3BFF, 0x3BFF, 0x3BFF, 0x3BFF, 0x1BFF, 0x1BFF, 0x1BFF, 0x1BFF, 0xFAFE, 0xB9FE, 0x58F6, 0x95E5, 0x12DD, 0xEBBA, 0xFCF6,
    0xFDE6, 0xFEEE, 0x9EF7, 0xAFAB, 0xD1DC, 0x6FD4, 0x2FCC, 0x2FCC, 0x4FCC, 0x50CC, 0x4FD4, 0xAEC3, 0x3BFF, 0x5BFF, 0x5BFF, 0x5BFF,
    0x5BFF, 0x5BFF, 0x5BFF, 0x5BFF, 0xFAF6, 0xF0A3, 0x5CFF, 0x5BFF, 0x5BFF, 0x5BFF, 0x3BFF, 0x3BFF, 0x3BFF, 0x58E6, 0xDAFE, 0xDAF6,
    0x3BFF, 0x3BFF, 0x3BFF, 0x5BFF, 0x3CFF, 0x1AF7, 0x5BF7, 0x78E6, 0x58DE, 0xD9E6, 0x13CE, 0x97FF, 0xF6EE, 0xF6EE, 0x16EF, 0x16EF,
    0x16EF, 0x16EF, 0x15EF, 0xBBF7, 0x78F7, 0x17EF, 0x37F7, 0x16EF, 0x16EF, 0x16EF, 0x16EF, 0xF6EE, 0x16EF, 0xF6EE, 0xF6EE, 0xD5E6,
    0x077A, 0x8992, 0x488A, 0xAA9A, 0xAA92, 0xC679, 0x8DC3, 0x74FD, 0x95FD, 0xF7FD, 0x38FE, 0x99FE, 0xB9FE, 0xFAFE, 0x1BFF, 0x3BFF,
    0x5BFF, 0x3BFF, 0x3BFF, 0xB9E6, 0xB2E4, 0x72CC, 0xBFFF, 0xDFFF, 0xFDE6, 0x5DEF, 0xDFFF, 0xDFFF, 0xDFFF, 0x9FFF, 0x9FF7, 0x9FFF,
    0x7EF7, 0x9EF7, 0xFFFF, 0x9EFF, 0x72CC, 0x7DFF, 0x1BFF, 0xFBFE, 0xFAFE, 0xDAFE, 0xB9FE, 0xB9FE, 0xB9FE, 0x99FE, 0x99FE, 0x99FE,
    0xB9FE, 0xB9FE, 0xB9FE, 0xB9FE, 0xB9FE, 0xDAFE, 0xDAFE, 0xDAFE, 0xFBFE, 0xFBFE, 0x1BFF, 0x1BFF, 0x3BFF, 0x3BFF, 0x3BFF, 0x5BFF,
    0x5BFF, 0x5BFF, 0x5BFF, 0x5BFF, 0x3BFF, 0x3BFF, 0x3BFF, 0x5BFF, 0x5BFF, 0x5BFF, 0x5BFF, 0x5BFF, 0x5BFF, 0x3BFF, 0x3BFF, 0x3BFF,
    0x3BFF, 0x3BFF, 0x3BFF, 0x1BFF, 0x1BFF, 0x1BFF, 0x1AFF, 0x1AFF, 0xFAFE, 0xDAFE, 0x99F6, 0x58F6, 0xD5ED, 0xD1DC, 0x0CBB, 0xDCEE,
    0x3DEF, 0xBEE6, 0x9EF7, 0x72BC, 0xD1DC, 0x91D4, 0x50D4, 0x2FCC, 0x4FCC, 0x4FCC, 0x4FCC, 0xCECB, 0xFAF6, 0x3BFF, 0x5BFF, 0x5BFF,
    0x5BFF, 0x5BFF, 0x5BFF, 0x5BFF, 0x3BFF, 0x5BF7, 0x5BFF, 0x5BFF, 0x5BFF, 0x3BFF, 0x3BFF, 0x3BFF, 0x3BFF, 0xDAF6, 0xDAFE, 0xFAFE,
    0x3BFF, 0x3BFF, 0x3BFF, 0x3BFF, 0x5BFF, 0x3BF7, 0x1AF7, 0xF6D5, 0xB9E6, 0xB2C5, 0x76F7, 0xD5E6, 0xD5E6, 0xF6EE, 0x16EF, 0x16EF,
    0x16EF, 0x37EF, 0x7AF7, 0x9AF7, 0x99F7, 0x58F7, 0x37F7, 0x37EF, 0x16EF, 0x16EF, 0x16EF, 0xD5E6, 0xB5E6, 0xB5E6, 0xB5E6, 0x94E6,
    0x6CAB, 0x0ECC, 0x0ECC, 0xEECB, 0x6BB3, 0xEAB2, 0x50E4, 0x91E4, 0x54F5, 0xF7FD, 0x38FE, 0xB9FE, 0xFAFE, 0x1AFF, 0x3BFF, 0x5BFF,
    0x5BFF, 0x5BFF, 0x5BFF, 0xBDFF, 0x71BC, 0xF3E4, 0x9BE6, 0xFFFF, 0xBFFF, 0xFCE6, 0xBFFF, 0xDFFF, 0xDFFF, 0xBFFF, 0x7EF7, 0x9FF7,
    0xBFFF, 0x3DEF, 0x1DEF, 0x9BF6, 0xF4D4, 0x5CFF, 0x1BFF, 0xFBFE, 0xFAFE, 0xDAFE, 0xBAFE, 0x99FE, 0xB9FE, 0x99FE, 0x99FE, 0xB9FE,
    0xBAFE, 0xD9FE, 0xBAFE, 0xBAFE, 0xDAFE, 0xFAFE, 0xFAFE, 0xFAFE, 0x1BFF, 0x1BFF, 0x1BFF, 0x1BFF, 0x3BFF, 0x3BFF, 0x5BFF, 0x5BFF,
    0x5BFF, 0x5BFF, 0x5BFF, 0x5BFF, 0x3BFF, 0x3BFF, 0x3BFF, 0x5BFF, 0x5BFF, 0x5BFF, 0x5BFF, 0x5BFF, 0x5BFF, 0x3BFF, 0x3BFF, 0x3BFF,
    0x3BFF, 0x3BFF, 0x3BFF, 0xFBFE, 0xFAFE, 0xFAFE, 0xFAFE, 0xDAFE, 0xB9FE, 0x99FE, 0x79F6, 0x38F6, 0xD5ED, 0xF2DC, 0xCBBA, 0xBBEE,
    0x3DEF, 0xBEE6, 0x7EF7, 0xF9DD, 0xB1DC, 0xB1DC, 0xB1D4, 0x90D4, 0x4FCC, 0x2FCC, 0x4FCC, 0xCEC3, 0x78EE, 0x3CFF, 0x5BFF, 0x3BFF,
    0x5BFF, 0x5BFF, 0x5BFF, 0x5BFF, 0x5BFF, 0x7CFF, 0x5BFF, 0x3BFF, 0x3BFF, 0x3BFF, 0x3BFF, 0x3BFF, 0x3BFF, 0x3BFF, 0x1BFF, 0x3BFF,
    0x3BFF, 0x3BFF, 0x3BFF, 0x5BFF, 0xD9EE, 0x5BF7, 0x12BD, 0x7CFF, 0x71C5, 0x57F7, 0xD4E6, 0xD5E6, 0x16EF, 0x17EF, 0x16EF, 0x16EF,
    0xF6EE, 0x59EF, 0xFFFF, 0xFEFF, 0xFEFF, 0xFDFF, 0x58F7, 0x37EF, 0x36EF, 0x37F7, 0x37EF, 0x16EF, 0xD5EE, 0xD5E6, 0xD5E6, 0xD4E6,
    0x8DB3, 0x2FCC, 0xEECB, 0xCDCB, 0x6FD4, 0x90DC, 0x0FD4, 0x0FD4, 0x70D4, 0x33E5, 0xF7F5, 0xB9FE, 0x1AFF, 0x3BFF, 0x3BFF, 0x3BFF,
    0x3BFF, 0x3BFF, 0x5BFF, 0x5BFF, 0x79E6, 0x50D4, 0x79DE, 0xDCEE, 0xFFFF, 0x9FF7, 0x7EF7, 0xBFFF, 0xBFFF, 0xBFFF, 0xBFFF, 0x7EF7,
    0x7EF7, 0xDFFF, 0x7EF7, 0xD8ED, 0xF4D4, 0x5BFF, 0x1AFF, 0xFAFE, 0xFAFE, 0xDAFE, 0xDAFE, 0xB9FE, 0xB9FE, 0xB9FE, 0xDAFE, 0xDAFE,
    0xDAFE, 0xD9FE, 0xDAFE, 0xDAFE, 0xDAFE, 0xFAFE, 0xFAFE, 0x1BFF, 0x1BFF, 0x3BFF, 0x3BFF, 0x3BFF, 0x3BFF, 0x5BFF, 0x5BFF, 0x5BFF,
    0x5BFF, 0x5BFF, 0x5BFF, 0x3BFF, 0x3BFF, 0x3BFF, 0x3BFF, 0x3BFF, 0x5BFF, 0x5BFF, 0x5BFF, 0x5BFF, 0x5BFF, 0x3BFF, 0x3BFF, 0x3BFF,
    0x3BFF, 0x3BFF, 0x1AFF, 0xDAFE, 0xDAFE, 0xBAFE, 0xBAFE, 0x99FE, 0x99F6, 0x78F6, 0x58F6, 0x38F6, 0xD6ED, 0x33E5, 0x2DC3, 0x9BEE,
    0x1DEF, 0xDEF6, 0x3EEF, 0x9BE6, 0xF2E4, 0xF1DC, 0xF2DC, 0xB1DC, 0x90D4, 0x4FCC, 0x2FCC, 0xADC3, 0xD6E5, 0x3BFF, 0x5BFF, 0x5BFF,
    0x5BFF, 0x5BFF, 0x5BFF, 0x5BFF, 0x5BFF, 0x5BFF, 0x3BFF, 0x1BFF, 0x3BFF, 0x1BFF, 0x1BFF, 0x1BFF, 0x1BFF, 0x3BFF, 0x3BFF, 0x3BFF,
    0x3BFF, 0x3BFF, 0x5BFF, 0x3BFF, 0x3BF7, 0x36D6, 0xDAEE, 0x14D6, 0xD4E6, 0x95E6, 0xF6EE, 0x37EF, 0x16EF, 0xF6EE, 0x16EF, 0x16EF,
    0xF6EE, 0x58F7, 0xFEFF, 0xDCFF, 0xDBFF, 0xBAFF, 0x58F7, 0x37F7, 0x37F7, 0x37F7, 0x17EF, 0x16EF, 0x16EF, 0x16EF, 0x16EF, 0x16EF,
    0xADBB, 0xEEC3, 0xCDCB, 0x0ECC, 0x70D4, 0x91DC, 0x70DC, 0x0FD4, 0x50D4, 0xB1DC, 0xD6ED, 0xDAFE, 0x1BFF, 0x3BFF, 0x1BFF, 0xFBFE,
    0x1BFF, 0x1BFF, 0x3BFF, 0x3BFF, 0x9DFF, 0x71D4, 0xF2C4, 0x3EF7, 0x7EF7, 0xDFFF, 0xBFFF, 0xBFFF, 0xBFFF, 0xBFFF, 0xBFFF, 0xDFFF,
    0x9FF7, 0x7EF7, 0xBFFF, 0x39EE, 0xF3CC, 0x5BFF, 0x1AFF, 0xFBFE, 0xFAFE, 0xFAFE, 0xFAFE, 0xDAFE, 0xDAFE, 0xDAFE, 0xFAFE, 0xFAFE,
    0xFAFE, 0xFAFE, 0xFAFE, 0xFAFE, 0xFAFE, 0xFAFE, 0x1BFF, 0x1BFF, 0x3BFF, 0x3BFF, 0x3BFF, 0x3BFF, 0x5BFF, 0x5BFF, 0x5BFF, 0x5BFF,
    0x5BFF, 0x5BFF, 0x3BFF, 0x1BFF, 0x1BFF, 0x1AFF, 0x1AFF, 0x3BFF, 0x3CFF, 0x5BFF, 0x5BFF, 0x5BFF, 0x3BFF, 0x3BFF, 0x3BFF, 0x3BFF,
    0x3BFF, 0x3BFF, 0x1AFF, 0xDAFE, 0xB9FE, 0xB9F6, 0x99F6, 0x99FE, 0x98F6, 0x58F6, 0x37EE, 0x37F6, 0x17EE, 0xD2D4, 0x11DC, 0xDCEE,
    0x1DEF, 0x1FF7, 0xFEF6, 0xD8D5, 0x16F6, 0xF1DC, 0x12DD, 0xD1DC, 0xD1DC, 0xD2DC, 0x90D4, 0x8DC3, 0x34DD, 0x7BFF, 0x5BFF, 0x5BFF,
    0x5BFF, 0x5BFF, 0x5BFF, 0x5BFF, 0x3BFF, 0x3BFF, 0x1BFF, 0xFBFE, 0xFBFE, 0xFAFE, 0xFAFE, 0xFAFE, 0xFAFE, 0x1BFF, 0x3BFF, 0x3BFF,
    0x3BFF, 0x3BFF, 0x5BFF, 0x3BF7, 0xFAEE, 0xF4D5, 0x15DE, 0xD0D5, 0xD4E6, 0x16EF, 0x17F7, 0x16EF, 0x16EF, 0x16EF, 0x16EF, 0x16EF,
    0x16EF, 0x37EF, 0x99F7, 0x79F7, 0x78F7, 0x37F7, 0x37F7, 0x37F7, 0x37F7, 0x17EF, 0xF6EE, 0xF6EE, 0xF6EE, 0xF6EE, 0xF6EE, 0x36EF,
    0xADB3, 0x2FCC, 0x6FD4, 0x90D4, 0x90DC, 0x91DC, 0x70D4, 0x30D4, 0x50D4, 0xF3DC, 0x58F6, 0x1BFF, 0x3BFF, 0x5BFF, 0x1BFF, 0xFAFE,
    0xFAFE, 0xFAFE, 0x1AFF, 0x3BFF, 0x5CFF, 0xF6DD, 0x11E4, 0xDBDE, 0xDCE6, 0xDFFF, 0xDFFF, 0xBFFF, 0xBFFF, 0xBFFF, 0xBFFF, 0xBFFF,
    0x9EF7, 0x7EF7, 0x9FF7, 0x19F6, 0x14D5, 0x3BFF, 0x1AFF, 0x1BFF, 0x1AFF, 0xFAFE, 0xFAFE, 0xFAFE, 0xFAFE, 0xFAFE, 0xFAFE, 0xFAFE,
    0x1AFF, 0xFAFE, 0xFAFE, 0x1AFF, 0x1BFF, 0x1BFF, 0x1BFF, 0x1BFF, 0x3BFF, 0x5BFF, 0x5BFF, 0x5BFF, 0x5BFF, 0x5BFF, 0x5BFF, 0x5CFF,
    0x5BFF, 0x3BFF, 0x3BFF, 0x1BFF, 0x1AFF, 0x1AFF, 0x1AFF, 0x1BFF, 0x3BFF, 0x5BFF, 0x5BFF, 0x3BFF, 0x3BFF, 0x3BFF, 0x3BFF, 0x3BFF,
    0x3BFF, 0x1BFF, 0xFAFE, 0xDAFE, 0xD9FE, 0xB9FE, 0x99F6, 0x99F6, 0x99F6, 0x58F6, 0x17EE, 0x17EE, 0x38F6, 0x2FC4, 0x11DC, 0xDCEE,
    0x1DEF, 0x7EF7, 0x5CE6, 0x37D5, 0xB9F6, 0xD1DC, 0xF1DC, 0x93F5, 0x73F5, 0x12E5, 0x33ED, 0x70DC, 0xAFCB, 0xBDFF, 0x3BFF, 0x5BFF,
    0x5BFF, 0x5BFF, 0x5BFF, 0x5BFF, 0x3BFF, 0x1BFF, 0xFAFE, 0xFAFE, 0xDAFE, 0xBAFE, 0xBAFE, 0xBAFE, 0xDAFE, 0xFAFE, 0x3BFF, 0x3BFF,
    0x5CFF, 0x5CFF, 0x5BFF, 0x1BF7, 0x72C5, 0x0FD5, 0x0EC5, 0xF5EE, 0x16EF, 0x16EF, 0x16EF, 0x16EF, 0x16EF, 0x16EF, 0x16EF, 0x17EF,
    0x16EF, 0x16EF, 0x58F7, 0x99F7, 0x78F7, 0x58F7, 0x37F7, 0x37F7, 0x17EF, 0x17EF, 0xF6EE, 0xF6EE, 0xF6EE, 0xF6EE, 0x16EF, 0xD5EE,
    0xAEB3, 0x71D4, 0x70D4, 0x91D4, 0x91D4, 0x50D4, 0x30CC, 0x71D4, 0x91DC, 0x95ED, 0xB9F6, 0x1BFF, 0x3CFF, 0x5BFF, 0x3BFF, 0xFAFE,
    0xFAFE, 0xDAFE, 0xDAFE, 0xFAFE, 0x3BFF, 0xD9EE, 0x73EC, 0x14CD, 0x3DEF, 0x3DEF, 0xDFFF, 0xDFFF, 0xDFFF, 0xBFFF, 0xBFFF, 0xBFFF,
    0x7EF7, 0x1DEF, 0x3DEF, 0xB8F5, 0x34DD, 0x3BFF, 0x1AFF, 0x1BFF, 0x1BFF, 0x1BFF, 0x1AFF, 0x1AFF, 0x1BFF, 0x1BFF, 0x1BFF, 0x1AFF,
    0x1AFF, 0x1BFF, 0x1BFF, 0x1BFF, 0x1BFF, 0x1BFF, 0x1BFF, 0x3BFF, 0x3BFF, 0x5BFF, 0x5BFF, 0x5BFF, 0x3BFF, 0x3BFF, 0x3BFF, 0x3BFF,
    0x3BFF, 0x3BFF, 0x3BFF, 0x1BFF, 0x1AFF, 0x1BFF, 0x1BFF, 0x1AFF, 0x5BFF, 0x5CFF, 0x5BFF, 0x3BFF, 0x3BFF, 0x3BFF, 0x3BFF, 0x3BFF,
    0x3BFF, 0x1AFF, 0xFAFE, 0xD9FE, 0xB9FE, 0xB9FE, 0xBAFE, 0xB9F6, 0x99F6, 0x58F6, 0x17F6, 0xD7ED, 0x38F6, 0xEDC3, 0x14E5, 0xDCEE,
    0x1DEF, 0x5EF7, 0xFADD, 0xF5CC, 0x99F6, 0xB0D4, 0x32ED, 0xCEA3, 0x4B6A, 0x6451, 0xA669, 0x8882, 0x8781, 0x5CFF, 0x7CFF, 0x5BFF,
    0x5BFF, 0x5BFF, 0x5BFF, 0x3BFF, 0x1AFF, 0xFAFE, 0xDAFE, 0xB9FE, 0xB9FE, 0x99FE, 0x99FE, 0x99FE, 0xBAFE, 0xDAFE, 0x5BFF, 0xDEFF,
    0xDEFF, 0xBDFF, 0x7CFF, 0xB5D5, 0x55EE, 0x2BB4, 0xD4E6, 0xD5EE, 0x16EF, 0x16EF, 0x16EF, 0x16EF, 0x37F7, 0x16EF, 0x16EF, 0x17EF,
    0x16EF, 0x16F7, 0x79F7, 0x78F7, 0x78F7, 0x57F7, 0x37F7, 0x37F7, 0x17EF, 0x17EF, 0x16EF, 0x16EF, 0x16EF, 0x16EF, 0xD5E6, 0xB5E6,
    0x2D9B, 0x51DC, 0x71D4, 0x71D4, 0x71D4, 0x50D4, 0x50D4, 0xB1DC, 0xF2E4, 0x17EE, 0xFAF6, 0x3BFF, 0x3BFF, 0x3BFF, 0x3BFF, 0x3BFF,
    0x1AFF, 0xDAFE, 0xB9FE, 0xB9FE, 0x3BFF, 0x9DFF, 0x92C4, 0xB4EC, 0x9EF7, 0xFDE6, 0x9FFF, 0xDFFF, 0xDFFF, 0xBFFF, 0xBFFF, 0xBFFF,
    0xDFFF, 0x9FFF, 0x1DE7, 0xD4E4, 0x34DD, 0x3BFF, 0x1AFF, 0x1BFF, 0x1BFF, 0x1BFF, 0x1BFF, 0x1BFF, 0x1BFF, 0x1BFF, 0x1BFF, 0x1BFF,
    0x1BFF, 0x1BFF, 0x1BFF, 0x1BFF, 0x1BFF, 0x1BFF, 0x1BFF, 0x3BFF, 0x3BFF, 0x3BFF, 0x3BFF, 0x3BFF, 0x3BFF, 0x3BFF, 0x3BFF, 0x1BFF,
    0x1BFF, 0x1BFF, 0x3BFF, 0x1BFF, 0xFAFE, 0xFAFE, 0xFAFE, 0x3BFF, 0x5BFF, 0x5BFF, 0x5BFF, 0x5BFF, 0x3BFF, 0x3BFF, 0x3BFF, 0x3BFF,
    0x3BFF, 0x1AFF, 0xFAFE, 0xD9FE, 0xB9FE, 0xB9FE, 0xB9F6, 0xBAFE, 0x99F6, 0x58F6, 0xF7ED, 0xF6ED, 0xF6F5, 0x0ECC, 0x72D4, 0x7EF7,
    0x3DEF, 0x1EEF, 0x3BE6, 0x72C4, 0x99FE, 0xD1E4, 0xCDA3, 0x2400, 0xA618, 0x8128, 0x255A, 0x856A, 0x8459, 0xF6ED, 0x7CFF, 0x5BFF,
    0x5BFF, 0x5BFF, 0x5BFF, 0x3BFF, 0xFAFE, 0xDAFE, 0xB9FE, 0x99FE, 0x79FE, 0x59FE, 0x79FE, 0x78FE, 0x79FE, 0xB9FE, 0xD5D5, 0xD4A5,
    0x33B5, 0x12C5, 0x3BF7, 0x72CD, 0xEECC, 0x93DE, 0xD6EE, 0xB5E6, 0xF5EE, 0x16EF, 0x16EF, 0x16EF, 0xF5EE, 0x16EF, 0x16EF, 0x16EF,
    0x37EF, 0x78F7, 0xB9FF, 0xDBFF, 0xDBFF, 0x78F7, 0x57F7, 0x37F7, 0x16EF, 0x16EF, 0x16EF, 0x16EF, 0x16EF, 0xF6EE, 0xF6EE, 0x16EF,
    0x4A72, 0x71DC, 0x71D4, 0x91D4, 0x91D4, 0x91D4, 0xB1D4, 0x12E5, 0x33E5, 0x78F6, 0x1AFF, 0x5BFF, 0x3BFF, 0x5BFF, 0x3BFF, 0x3BFF,
    0x3BFF, 0xFAFE, 0xB9FE, 0x99FE, 0xFAFE, 0x3BFF, 0xFAE6, 0xF1DB, 0xDBEE, 0xBFFF, 0x3DEF, 0xDFFF, 0xBFFF, 0xDFFF, 0xDFFF, 0xDFFF,
    0xDFFF, 0xDFFF, 0xDFFF, 0xB3E4, 0x33D5, 0x3BFF, 0x1AFF, 0xFAFE, 0x1BFF, 0x1BFF, 0x1BFF, 0x1BFF, 0x1BFF, 0x1BFF, 0x1BFF, 0x1BFF,
    0x1BFF, 0x1BFF, 0x1BFF, 0x3BFF, 0x3BFF, 0x3BFF, 0x3BFF, 0x3BFF, 0x3BFF, 0x3BFF, 0x1BFF, 0x1BFF, 0x1BFF, 0x1BFF, 0x1BFF, 0x1BFF,
    0x1BFF, 0x3BFF, 0x3BFF, 0x1BFF, 0xFAFE, 0x1BFF, 0x1BFF, 0x1BFF, 0x3BFF, 0x3BFF, 0x5BFF, 0x5BFF, 0x5BFF, 0x5BFF, 0x5BFF, 0x5BFF,
    0x3BFF, 0x3BFF, 0x1AFF, 0xFAFE, 0xDAFE, 0xDAFE, 0xB9FE, 0xB9FE, 0xB9FE, 0x58F6, 0x17F6, 0xF7ED, 0x74ED, 0x2CB3, 0xD5E4, 0x3DE7,
    0x7DEF, 0x1EEF, 0x7BE6, 0xF0BB, 0x1BFF, 0x33FD, 0x0521, 0x8608, 0xC328, 0x087B, 0x067B, 0x678B, 0x0894, 0x2C9B, 0x5CFF, 0x5BFF,
    0x5BFF, 0x5CFF, 0x5BFF, 0x3BFF, 0xFAFE, 0xDAFE, 0x99FE, 0x79FE, 0x78FE, 0x38FE, 0x37FE, 0x38FE, 0x58FE, 0x99FE, 0x52AD, 0x8E44,
    0x060A, 0xE97A, 0x94CD, 0x0EC5, 0xF1D5, 0x15EF, 0xB5E6, 0xD5E6, 0x17EF, 0x17EF, 0x16EF, 0x17F7, 0xF3CD, 0x17EF, 0x17EF, 0x16EF,
    0x58F7, 0xDCFF, 0xFEFF, 0xFFFF, 0xFDFF, 0x58F7, 0x37F7, 0x37F7, 0x16EF, 0x16EF, 0x16EF, 0x16EF, 0x16EF, 0x16EF, 0x17EF, 0xF6EE,
    0x0962, 0xB1D4, 0x91D4, 0xB1D4, 0x91D4, 0xB1D4, 0xF1DC, 0x12E5, 0xB6ED, 0xD9F6, 0x3BFF, 0x5BFF, 0x5BFF, 0x5BFF, 0x3BFF, 0x3BFF,
    0x3BFF, 0x1AFF, 0xFAFE, 0xB9FE, 0xD9FE, 0xFAFE, 0xDDFF, 0x11CC, 0x55ED, 0xFFFF, 0x7EF7, 0x7EF7, 0xDFFF, 0xBFFF, 0xDFFF, 0xDFFF,
    0xDFFF, 0xDFFF, 0xDFFF, 0x14D5, 0xB6DD, 0x1BFF, 0x1AFF, 0x1BFF, 0xFBFE, 0x1BFF, 0x1BFF, 0x1BFF, 0x3BFF, 0x3BFF, 0x3BFF, 0x3BFF,
    0x3BFF, 0x3BFF, 0x3BFF, 0x3BFF, 0x3BFF, 0x3BFF, 0x3BFF, 0x3BFF, 0x3BFF, 0x1BFF, 0x1BFF, 0x1AFF, 0x1AFF, 0x1AFF, 0x1BFF, 0xFBFE,
    0x1BFF, 0x3BFF, 0x5BFF, 0x3BFF, 0x3BFF, 0x1BFF, 0x1BFF, 0x1BFF, 0x1BFF, 0x3BFF, 0x5BFF, 0x5BFF, 0x5BFF, 0x5BFF, 0x5BFF, 0x5BFF,
    0x3BFF, 0x3BFF, 0x3BFF, 0x1BFF, 0x1BFF, 0xFAFE, 0xFAFE, 0xFAFE, 0xDAFE, 0x78F6, 0x37EE, 0xD6ED, 0x12E5, 0xEDB2, 0x5AF6, 0x5ACE,
    0xFFFF, 0xDCE6, 0x1ADE, 0xAFAB, 0xBDFF, 0x54ED, 0x6500, 0xC718, 0x255A, 0xC893, 0x878B, 0x68A4, 0xEAB4, 0x4662, 0x96E5, 0x7CFF,
    0x9CFF, 0x9DFF, 0x5BFF, 0x3BFF, 0xFBFE, 0xBAFE, 0x79FE, 0x58FE, 0x17FE, 0xD6F5, 0xB5F5, 0xF6FD, 0x37FE, 0xB9FE, 0xF5BD, 0x2E4C,
    0x690A, 0xA962, 0x90B4, 0x2EC5, 0xF5EE, 0x94E6, 0xB5E6, 0xF6EE, 0x17EF, 0xF7EE, 0xF6EE, 0xF6F6, 0xB2C5, 0x17EF, 0x16EF, 0x16EF,
    0x37EF, 0xBCFF, 0xFFFF, 0xFEFF, 0x79F7, 0x37F7, 0x57F7, 0x17EF, 0x16EF, 0x16EF, 0x16EF, 0xF6EE, 0xF6EE, 0x16EF, 0x16EF, 0x78F7,
    0x4A62, 0xD1D4, 0xB1D4, 0xB2DC, 0x91D4, 0xB1DC, 0x13E5, 0x54E5, 0x59F6, 0x1BFF, 0x5BFF, 0x5BFF, 0x5BFF, 0x5BFF, 0x5BFF, 0x3BFF,
    0x3BFF, 0x1AFF, 0xFAFE, 0xB9FE, 0x99F6, 0xD9FE, 0x5CFF, 0xD6E5, 0x52EC, 0xBBEE, 0xFFFF, 0x5DEF, 0x9FFF, 0xBFFF, 0x9EFF, 0xDFFF,
    0xDFFF, 0xDFFF, 0x3DF7, 0x31C4, 0xB9F6, 0xFAFE, 0x1AFF, 0x1AFF, 0xFAFE, 0x1BFF, 0x1BFF, 0x1BFF, 0x3BFF, 0x3BFF, 0x3BFF, 0x3BFF,
    0x3BFF, 0x3BFF, 0x3BFF, 0x3BFF, 0x3BFF, 0x3BFF, 0x1BFF, 0x1BFF, 0x1BFF, 0x1BFF, 0x1BFF, 0xFAFE, 0xFAFE, 0xFAFE, 0x1BFF, 0x1BFF,
    0x3BFF, 0x3BFF, 0x5BFF, 0x5BFF, 0x3BFF, 0x3BFF, 0x1BFF, 0x1BFF, 0x1BFF, 0x3BFF, 0x5BFF, 0x5BFF, 0x5BFF, 0x5BFF, 0x5BFF, 0x5BFF,
    0x5BFF, 0x5BFF, 0x5BFF, 0x5BFF, 0x5BFF, 0x3BFF, 0x3BFF, 0xFAFE, 0x99FE, 0x79F6, 0x38EE, 0xB5F5, 0x91D4, 0xF5EC, 0x3CFF, 0xB9C5,
    0xFFFF, 0x1ACE, 0xF9D5, 0x6EB3, 0x7BFF, 0x91C4, 0xA710, 0x6408, 0x2B9C, 0x868B, 0x878B, 0x4683, 0x0673, 0x2673, 0xAFAB, 0xD7ED,
    0x3BF7, 0xF6D5, 0x37E6, 0x1BFF, 0x99F6, 0xBAFE, 0x99FE, 0x78FE, 0xF7F5, 0xD6F5, 0xB6F5, 0x17FE, 0x58FE, 0xB9FE, 0x1095, 0x0A13,
    0x6912, 0x274A, 0x71BD, 0x73E6, 0x94E6, 0x94E6, 0x16EF, 0xF6EE, 0xD5E6, 0xB5E6, 0x16EF, 0xB5E6, 0x54DE, 0x16EF, 0x17EF, 0x16EF,
    0x16EF, 0x79F7, 0xBDFF, 0x79F7, 0x57F7, 0x57F7, 0x57F7, 0x17EF, 0x17EF, 0x16EF, 0xF6EE, 0xF6EE, 0xF6EE, 0x17EF, 0x57F7, 0x12D6,
    0x8B72, 0xF2DC, 0xD1DC, 0xB2DC, 0xB2DC, 0xF3DC, 0x34E5, 0x17F6, 0xD9F6, 0x3BFF, 0x5BFF, 0x5BFF, 0x5BFF, 0x5BFF, 0x5BFF, 0x3BFF,
    0x3BFF, 0x1BFF, 0xFAFE, 0xB9FE, 0xB9FE, 0xB9FE, 0xFAFE, 0xFAF6, 0xF3EC, 0xB3E4, 0xBEF7, 0xDFFF, 0x7EF7, 0xDFFF, 0x9FFF, 0x5EF7,
    0xDFFF, 0xFFFF, 0x1DEF, 0xAFCB, 0x9AF6, 0xDAFE, 0x1BFF, 0x1AFF, 0x1BFF, 0x1BFF, 0x3BFF, 0x3BFF, 0x3BFF, 0x3BFF, 0x3BFF, 0x3BFF,
    0x3BFF, 0x3BFF, 0x3BFF, 0x5BFF, 0x5BFF, 0x1AFF, 0x1AFF, 0x1AFF, 0x1AFF, 0x1AFF, 0x1AFF, 0x1AFF, 0xFAFE, 0x1BFF, 0x3BFF, 0x3BFF,
    0x3BFF, 0x3BFF, 0x5BFF, 0x5BFF, 0x5BFF, 0x3BFF, 0x1BFF, 0x1BFF, 0x1BFF, 0x1BFF, 0x5BFF, 0x5BFF, 0x5BFF, 0x5BFF, 0x5CFF, 0x5CFF,
    0x5CFF, 0x5BFF, 0x5BFF, 0x5BFF, 0x5BFF, 0x5BFF, 0x1AFF, 0x58F6, 0xF7F5, 0x58F6, 0x59F6, 0xD5ED, 0xF0C3, 0xB8F5, 0x9AD6, 0x9BDE,
    0xDFFF, 0xBACD, 0x7AE6, 0x4AA2, 0xF5FD, 0x91D4, 0x8508, 0x6508, 0x8772, 0xA572, 0xA672, 0xC772, 0x065A, 0xC451, 0x075A, 0xB4DD,
    0xB6E6, 0x96DE, 0xF9EE, 0x1BFF, 0xB9F6, 0xDAFE, 0x78FE, 0xF7F5, 0xD6F5, 0xB6F5, 0xD6F5, 0x17FE, 0x79FE, 0xF1CC, 0x8D64, 0x8802,
    0xAA12, 0xC641, 0xB3E6, 0x93E6, 0x94E6, 0x16EF, 0xF6E6, 0x94E6, 0xB5E6, 0xF6E6, 0x16F7, 0x54DE, 0x17EF, 0x16EF, 0x17EF, 0x17EF,
    0x37F7, 0x9AF7, 0xDCFF, 0x9AF7, 0x37F7, 0x57F7, 0x57F7, 0x37EF, 0x16EF, 0x16EF, 0xF6EE, 0xF6EE, 0x16EF, 0x36F7, 0xB1CD, 0x6DA4,
    0xEC82, 0x12DD, 0xD2DC, 0xD2D4, 0xF2DC, 0x13DD, 0xD6ED, 0x99F6, 0x1AFF, 0x5BFF, 0x5BFF, 0x5BFF, 0x5BFF, 0x5BFF, 0x5BFF, 0x5BFF,
    0x3BFF, 0x3BFF, 0xFAFE, 0xDAFE, 0xB9FE, 0xB9FE, 0x79FE, 0xFAEE, 0xD3DC, 0xB2F4, 0x18DE, 0xFFFF, 0x9FFF, 0x7EF7, 0xDFFF, 0x9FFF,
    0x3DEF, 0xDFFF, 0xFCEE, 0x14E5, 0xBAF6, 0xFAFE, 0xFAFE, 0x3BFF, 0x1BFF, 0x3BFF, 0x5BFF, 0x5BFF, 0x5CFF, 0x3CFF, 0x3BFF, 0x3BFF,
    0x3BFF, 0x3BFF, 0x3BFF, 0x5BFF, 0x3BFF, 0x1BFF, 0x1AFF, 0x1AFF, 0x1AFF, 0x1AFF, 0xFAFE, 0xFAFE, 0xFAFE, 0xFBFE, 0x3BFF, 0x3BFF,
    0x5BFF, 0x5BFF, 0x5BFF, 0x5BFF, 0x5BFF, 0x3BFF, 0x3BFF, 0x3BFF, 0x3BFF, 0x3BFF, 0x5BFF, 0x5BFF, 0x5BFF, 0x5BFF, 0x5CFF, 0x5CFF,
    0x5CFF, 0x5BFF, 0x5BFF, 0x5BFF, 0x5BFF, 0x3BFF, 0xB9F6, 0xF6ED, 0x96F5, 0x38FE, 0x99F6, 0x54E5, 0xD4EC, 0x39E6, 0xF9C5, 0x9EF7,
    0xFDE6, 0x99C5, 0x5EFF, 0x2AAA, 0xEBC2, 0xAEDB, 0xA520, 0x2708, 0x0562, 0x4783, 0x29A4, 0x8BB4, 0xCCBC, 0xAA93, 0x11AD, 0xF6E6,
    0x33D5, 0x78F6, 0x5BFF, 0x1BFF, 0x1BFF, 0xFAFE, 0x58FE, 0xB6F5, 0xB6F5, 0xB6F5, 0xF7F5, 0x17FE, 0x17FE, 0x71AD, 0x8E4C, 0xCC2B,
    0x4712, 0x0A73, 0x71DE, 0x93E6, 0xF5EE, 0xD5EE, 0x94DE, 0xD5E6, 0x17F7, 0x16EF, 0x37F7, 0x53DE, 0x57F7, 0x17EF, 0x17EF, 0x37F7,
    0x58F7, 0x7AF7, 0x98F7, 0x58F7, 0x57F7, 0x58F7, 0x57F7, 0x16EF, 0x16EF, 0x16EF, 0xF6EE, 0x16EF, 0xF5EE, 0xB1CD, 0x0FB5, 0xD6E6,
    0x2C8B, 0xD2DC, 0xF2D4, 0xD1D4, 0x13DD, 0x95ED, 0x78F6, 0x1AFF, 0x5BFF, 0x5BFF, 0x5BFF, 0x5BFF, 0x5BFF, 0x5BFF, 0x5BFF, 0x5BFF,
    0x3BFF, 0x3BFF, 0x1AFF, 0xFAFE, 0xB9FE, 0x99F6, 0x99FE, 0xFBF6, 0x75D5, 0xF3FC, 0x55DD, 0x5DEF, 0xFFFF, 0x5EF7, 0x9FF7, 0xFFFF,
    0x5DEF, 0x1DE7, 0x97ED, 0x54E5, 0xDAFE, 0xDAFE, 0xFBFE, 0x1BFF, 0x3BFF, 0x3BFF, 0x3BFF, 0x3BFF, 0x5BFF, 0x3BFF, 0x3BFF, 0x3BFF,
    0x3BFF, 0x3BFF, 0x3BFF, 0x3BFF, 0x3BFF, 0x3BFF, 0x1BFF, 0x1AFF, 0x1BFF, 0x1BFF, 0x1BFF, 0xFAFE, 0xFAFE, 0xFAFE, 0x1AFF, 0x1BFF,
    0x3BFF, 0x3BFF, 0x5BFF, 0x5BFF, 0x5BFF, 0x5BFF, 0x5BFF, 0x5BFF, 0x5BFF, 0x5BFF, 0x5BFF, 0x5BFF, 0x5BFF, 0x5BFF, 0x3BFF, 0x3BFF,
    0x3BFF, 0x5BFF, 0x5BFF, 0x5BFF, 0x5BFF, 0x3BFF, 0x78F6, 0xF6F5, 0xB2E4, 0x55E5, 0x59FE, 0x10DC, 0xB4EC, 0x3CE7, 0x5AD6, 0xBFFF,
    0x99C5, 0x1CE7, 0x39F6, 0x32DC, 0xA9B9, 0x2BD2, 0xC628, 0x274A, 0xE89B, 0xAAAC, 0xEBBC, 0xECC4, 0x0BBD, 0x10B5, 0xD9FF, 0x51BD,
    0x90AB, 0xB7ED, 0x5CFF, 0x5CFF, 0xD9F6, 0x38E6, 0x58FE, 0xF6F5, 0xD6F5, 0xD6F5, 0xF7F5, 0x17FE, 0x91C4, 0x493B, 0x2D4C, 0xBDEF,
    0xC218, 0xEEAC, 0x31D6, 0xD5EE, 0xB5E6, 0xB5E6, 0x16EF, 0x16EF, 0x16EF, 0x16EF, 0xD5E6, 0xF5EE, 0x36EF, 0x16EF, 0x16EF, 0x16EF,
    0x37F7, 0x56F7, 0x36F7, 0x57F7, 0x57F7, 0x57F7, 0x37F7, 0x16EF, 0xF6EE, 0xF6EE, 0x17EF, 0xB5E6, 0x12D6, 0x13D6, 0x16EF, 0x16EF,
    0x4D8B, 0xD2E4, 0xF2DC, 0xF1D4, 0x54E5, 0x17EE, 0xD9FE, 0x3BFF, 0x5BFF, 0x5BFF, 0x3BFF, 0x5BFF, 0x5BFF, 0x5BFF, 0x5BFF, 0x5BFF,
    0x3BFF, 0x3BFF, 0x1AFF, 0xFAFE, 0xB9FE, 0x99FE, 0xB9FE, 0x79F6, 0x5CF7, 0xB2DC, 0x15ED, 0xDBE6, 0xBFFF, 0xDFFF, 0x3DEF, 0x9EF7,
    0xFFFF, 0x3DE7, 0x73E4, 0x34E5, 0xDAFE, 0xDAFE, 0xFBFE, 0x1AFF, 0x3BFF, 0x3BFF, 0x3CFF, 0x3CFF, 0x5BFF, 0x5BFF, 0x3BFF, 0x3BFF,
    0x3BFF, 0x3BFF, 0x3BFF, 0x3BFF, 0x3BFF, 0x3BFF, 0x1BFF, 0x1BFF, 0x3BFF, 0x3BFF, 0x3BFF, 0x1BFF, 0xFAFE, 0xFAFE, 0xFAFE, 0x1BFF,
    0x1BFF, 0x3BFF, 0x5BFF, 0x5BFF, 0x5BFF, 0x5CFF, 0x5CFF, 0x5BFF, 0x5BFF, 0x5CFF, 0x5CFF, 0x3BFF, 0x3BFF, 0x3BFF, 0x3BFF, 0x3BFF,
    0x3BFF, 0x5BFF, 0x5BFF, 0x5BFF, 0x5BFF, 0x3BFF, 0x58FE, 0xB5FD, 0x50DC, 0x99F6, 0x71D4, 0x31DC, 0xDBF6, 0x7AD6, 0x5EEF, 0xDDE6,
    0xBCDE, 0xDFFF, 0x8BAA, 0x30D4, 0xEAB1, 0x2AB2, 0xC641, 0x8783, 0x8BB4, 0x2BC5, 0x8BB4, 0x2DC5, 0xCDAC, 0x79FF, 0x58FF, 0x6DA4,
    0xE659, 0x52BC, 0x78FE, 0x5BFF, 0x3AF7, 0x90AC, 0xB9FE, 0xF6F5, 0xD6F5, 0xD6F5, 0xF7F5, 0x17FE, 0x96D5, 0x139D, 0x4F7C, 0xEE73,
    0xA649, 0x11CE, 0x52DE, 0xB4E6, 0xD5E6, 0x16F7, 0x16EF, 0xF6EE, 0xF6EE, 0x16EF, 0xB5E6, 0x37F7, 0x16EF, 0x16EF, 0x16EF, 0x16EF,
    0x77F7, 0x98FF, 0x57F7, 0x57F7, 0x36EF, 0x16EF, 0xF6EE, 0xF6EE, 0x17F7, 0x16EF, 0x94E6, 0x52D6, 0xB4E6, 0x37F7, 0xF6EE, 0xD5E6,
    0x6D9B, 0xD2E4, 0xD2DC, 0x12DD, 0xF6ED, 0xB9F6, 0x1BFF, 0x3BFF, 0x5BFF, 0x5BFF, 0x5BFF, 0x5BFF, 0x3BFF, 0x5BFF, 0x5BFF, 0x5BFF,
    0x3BFF, 0x3BFF, 0x1AFF, 0xFAFE, 0xDAFE, 0x99FE, 0x99FE, 0x78F6, 0xDAFE, 0xB6DD, 0x11E4, 0x5DF7, 0x3DEF, 0xDFFF, 0x9FF7, 0xDCDE,
    0xBFFF, 0xFFFF, 0xD8F5, 0x92DC, 0xBAFE, 0xFBFE, 0xFBFE, 0x1BFF, 0x1BFF, 0x3BFF, 0x3BFF, 0x3BFF, 0x3CFF, 0x3BFF, 0x3BFF, 0x1BFF,
    0x1BFF, 0x1BFF, 0x1BFF, 0x1BFF, 0x1BFF, 0x1BFF, 0x3BFF, 0x5BFF, 0x7CFF, 0x7CFF, 0x5BFF, 0x3BFF, 0x1BFF, 0x1AFF, 0x1AFF, 0x1AFF,
    0x1BFF, 0x3BFF, 0x3BFF, 0x5BFF, 0x5BFF, 0x3CFF, 0x5CFF, 0x5CFF, 0x5CFF, 0x5CFF, 0x3CFF, 0x3BFF, 0x1BFF, 0x1BFF, 0x3BFF, 0x3BFF,
    0x3BFF, 0x5BFF, 0x5BFF, 0x5BFF, 0x5BFF, 0x3BFF, 0xB9FE, 0xF7FD, 0x79F6, 0x99EE, 0x2DBB, 0x76F5, 0x9EF7, 0xF9C5, 0x9EF7, 0x7EEF,
    0xDEF7, 0x90B3, 0x4C9B, 0x0882, 0xCDCA, 0x6BB2, 0xC441, 0xE99B, 0xEBBC, 0xAAB4, 0xEB93, 0xB1C5, 0xB2C5, 0x56F7, 0x59FF, 0x6883,
    0xE89B, 0x8559, 0xD0BB, 0xD6F5, 0xD9F6, 0x51B5, 0x95DD, 0x58FE, 0xF7FD, 0xF7FD, 0x37FE, 0x58FE, 0x7DF7, 0xFFFF, 0xBEF7, 0x8539,
    0x2A7B, 0x32DE, 0xB4E6, 0xF6EE, 0x17EF, 0x16EF, 0x16EF, 0xF6EE, 0x16EF, 0x16EF, 0xD5E6, 0xF6EE, 0xF7EE, 0x17EF, 0x16EF, 0x37F7,
    0x78F7, 0x57F7, 0x37F7, 0x37EF, 0x16EF, 0x16EF, 0x16EF, 0x17EF, 0xB5E6, 0xB5E6, 0x94DE, 0x16EF, 0x16EF, 0xF5E6, 0xD5E6, 0xB4E6,
    0x90CC, 0xF2DC, 0xD2DC, 0x74E5, 0x58F6, 0xFAFE, 0x3BFF, 0x5BFF, 0x5BFF, 0x3BFF, 0x3BFF, 0x5BFF, 0x5BFF, 0x5BFF, 0x3BFF, 0x3BFF,
    0x3BFF, 0x3BFF, 0x3BFF, 0x1AFF, 0xDAFE, 0xB9FE, 0x99FE, 0x99F6, 0x57EE, 0x99F6, 0x72E4, 0xDAEE, 0x3DEF, 0xBFFF, 0xDFFF, 0xFCE6,
    0xBBDE, 0xFFFF, 0xD8E5, 0x91DC, 0xFAFE, 0x1BFF, 0xFBFE, 0x1BFF, 0x1BFF, 0x3BFF, 0x3BFF, 0x3BFF, 0x7CFF, 0xDDFF, 0xDDFF, 0xDDFF,
    0xDDFF, 0xBDFF, 0x9DFF, 0x7CFF, 0x5BFF, 0x1BFF, 0x3BFF, 0x3BFF, 0x5CFF, 0x7CFF, 0x5BFF, 0x5BFF, 0x3BFF, 0x3BFF, 0x1BFF, 0xFAFE,
    0xFAFE, 0x1BFF, 0x1BFF, 0x3CFF, 0x3CFF, 0x3BFF, 0x3BFF, 0x5CFF, 0x5CFF, 0x3BFF, 0x3BFF, 0x3BFF, 0x1BFF, 0x1BFF, 0x1BFF, 0x1BFF,
    0x3BFF, 0x5CFF, 0x5CFF, 0x5BFF, 0x5BFF, 0x3BFF, 0x3BFF, 0xBDFF, 0xFAF6, 0x30C4, 0x53EC, 0x3DF7, 0x1DE7, 0xFFFF, 0x9BD6, 0x72AC,
    0xAFB3, 0x2DC3, 0xF6E5, 0x33B5, 0xAECA, 0x8DB2, 0x8341, 0xCBBC, 0x09A4, 0xE772, 0x6873, 0x887B, 0x0FB5, 0x16F7, 0x59F7, 0x8CAC,
    0x2CC5, 0x2AAC, 0x6461, 0x2882, 0x31C4, 0xF6E6, 0xD0B4, 0x96ED, 0x17FE, 0xF7FD, 0xF7FD, 0xFBFE, 0xFFFF, 0xDFFF, 0x96B5, 0xC428,
    0x6DA4, 0xB4E6, 0x16EF, 0x16EF, 0x16EF, 0x16EF, 0x16EF, 0x16EF, 0x37F7, 0xB5E6, 0xF6EE, 0xF6EE, 0xF6EE, 0x16EF, 0x17EF, 0x37F7,
    0x58F7, 0x37F7, 0x17EF, 0x37EF, 0x37F7, 0xF6EE, 0xB5EE, 0x74E6, 0x94DE, 0xD5E6, 0x16EF, 0x16EF, 0xF5E6, 0xB5E6, 0xB5E6, 0x94DE,
    0x53ED, 0xD2D4, 0x33E5, 0xF6ED, 0xB9FE, 0x1BFF, 0x5BFF, 0x5BFF, 0x5BFF, 0x5BFF, 0x5BFF, 0x5BFF, 0x5BFF, 0x5BFF, 0x5BFF, 0x3BFF,
    0x3BFF, 0x3BFF, 0x3BFF, 0x1AFF, 0xFAFE, 0xB9FE, 0x99FE, 0x99F6, 0x78F6, 0x55DD, 0xB5ED, 0xF4EC, 0x9EEF, 0x3DEF, 0xDFFF, 0x7EF7,
    0xBBDE, 0x3DEF, 0xB8E5, 0xD3DC, 0x3BFF, 0x5CFF, 0x3BFF, 0x1BFF, 0x7CFF, 0xDDFF, 0xFDFF, 0xFDFF, 0x5AFF, 0x16EE, 0xF7DD, 0xF7D5,
    0xB6CD, 0xD6D5, 0xF6E5, 0x57F6, 0x19FF, 0x7BFF, 0x7BFF, 0x9BFF, 0x7BFF, 0xDCFF, 0xFDFF, 0xFDFF, 0xFEFF, 0xFEFF, 0xBDFF, 0x5CFF,
    0x3BFF, 0xFAFE, 0xFBFE, 0x1BFF, 0x3BFF, 0x3BFF, 0x3BFF, 0x3BFF, 0x5BFF, 0x3BFF, 0x3BFF, 0x3BFF, 0x3BFF, 0x3BFF, 0x1AFF, 0x1AFF,
    0x1BFF, 0x3BFF, 0x5BFF, 0x5CFF, 0x7CFF, 0xBDFF, 0xDDFF, 0x95D5, 0xAFAB, 0x52DC, 0x3DF7, 0xBFF7, 0xF5CD, 0x39DE, 0x0FCC, 0xC882,
    0xECAA, 0xF0D3, 0x2CAB, 0x77E6, 0xD1B4, 0xCCAA, 0xA449, 0x2AAC, 0x8983, 0x2B8C, 0x0DAD, 0xECAC, 0xEFB4, 0x37F7, 0x38F7, 0xD1CD,
    0xACBC, 0x2CC5, 0xABAC, 0xC572, 0x687A, 0x4CA4, 0x58EF, 0xB0B4, 0x50D4, 0x95FD, 0x17FE, 0x37DE, 0xFFFF, 0xDEFF, 0xA741, 0xC320,
    0xF6EE, 0x36F7, 0x16EF, 0x16EF, 0x16EF, 0x16EF, 0x16EF, 0x16EF, 0xD5E6, 0xF5EE, 0x16EF, 0x16EF, 0xF6EE, 0x16EF, 0x17EF, 0x38F7,
    0x58F7, 0x78F7, 0x58F7, 0x16EF, 0x95DE, 0x95E6, 0x94EE, 0xD5E6, 0x37EF, 0x16EF, 0xF6EE, 0xD5EE, 0xD5E6, 0xB5E6, 0x94E6, 0x74DE,
    0x12E5, 0xF2DC, 0xB5ED, 0x58F6, 0x1AFF, 0x3BFF, 0x5BFF, 0x5BFF, 0x3BFF, 0x5BFF, 0x5BFF, 0x5BFF, 0x5BFF, 0x3BFF, 0x5BFF, 0x5BFF,
    0x5BFF, 0x3BFF, 0x3BFF, 0x1BFF, 0x1AFF, 0xDAFE, 0xB9FE, 0x99F6, 0xB9FE, 0x13D5, 0x10CC, 0xB3FC, 0x5CEF, 0xFCE6, 0x3DEF, 0xDFFF,
    0x7EF7, 0xFCDE, 0x98ED, 0xB3D4, 0x9CFF, 0xFDFF, 0xFDFF, 0xFDFF, 0x7BFF, 0x97E6, 0xD6CD, 0x1294, 0x3073, 0x0D4A, 0xEE41, 0xEE31,
    0xCE31, 0xCD39, 0xED41, 0x2D52, 0x6C5A, 0x2F7B, 0xD38B, 0x1394, 0x7083, 0x908B, 0x92A4, 0x75C5, 0xD5D5, 0x57E6, 0xD9F6, 0x5AFF,
    0xBBFF, 0xFCFF, 0xFDFF, 0xFDFF, 0xFDFF, 0xFEFF, 0xFEFF, 0xFEFF, 0xDDFF, 0xDDFF, 0xDDFF, 0xBDFF, 0x9DFF, 0xBDFF, 0x5CFF, 0x3BFF,
    0x3AFF, 0x3AFF, 0x3BFF, 0x7BFF, 0x1BFF, 0x17F6, 0x51C4, 0xEC9A, 0xB5D4, 0x5DF7, 0xDFF7, 0xB6CD, 0x2DBD, 0x6EAC, 0xC6A1, 0xAC93,
    0x90C5, 0xE77A, 0x2682, 0x299B, 0x58F7, 0x17EF, 0x4FA4, 0x8872, 0x8779, 0xC789, 0xD0BC, 0x15F7, 0x4D9C, 0x77FF, 0xF6EE, 0x16F7,
    0xEDBC, 0x09A4, 0x2BBD, 0x0BB5, 0x8BAC, 0x6783, 0x74DE, 0x99F7, 0xF0BC, 0x0FBC, 0x75F5, 0x91D4, 0x54C5, 0x8B6A, 0x2118, 0x0D94,
    0xB8FF, 0x37F7, 0x36F7, 0x36F7, 0x37F7, 0x57F7, 0x16EF, 0xF5EE, 0xD5E6, 0xF5EE, 0xD5E6, 0xF5EE, 0x16EF, 0x16EF, 0x37EF, 0x58F7,
    0x58F7, 0xF6EE, 0x94DE, 0x94DE, 0x94DE, 0xF6EE, 0x37F7, 0x37EF, 0x16EF, 0xF6EE, 0xD5E6, 0xB5E6, 0xB5E6, 0x94E6, 0x74DE, 0x54DE,
    0x13DD, 0x54E5, 0xF6ED, 0xB9FE, 0x3BFF, 0x3BFF, 0x3BFF, 0x3BFF, 0x3BFF, 0x5BFF, 0x5BFF, 0x5BFF, 0x3BFF, 0x3BFF, 0x3BFF, 0x5BFF,
    0x5BFF, 0x3BFF, 0x3BFF, 0x3BFF, 0x1AFF, 0xFAFE, 0xD9FE, 0xB9FE, 0x99FE, 0x78EE, 0xCCAA, 0xD4FC, 0x9AE6, 0xBFFF, 0xBBDE, 0x5EEF,
    0xFFFF, 0xBFFF, 0x53FC, 0xF7ED, 0xFBFF, 0x56E6, 0x96C5, 0xB39C, 0xCE62, 0x0D42, 0xAD29, 0x6D21, 0xEF29, 0x513A, 0x513A, 0x503A,
    0x5042, 0x5042, 0x303A, 0x303A, 0xCE29, 0x4C19, 0x6D21, 0xAE29, 0xAE29, 0x6D21, 0x6C21, 0x8D29, 0xAB31, 0xCC39, 0x2C4A, 0x8D5A,
    0x0E6B, 0xF183, 0x529C, 0x92A4, 0xF3B4, 0x33BD, 0xB5CD, 0xF6DD, 0x98EE, 0xD9F6, 0xFAFE, 0xFAFE, 0x5BFF, 0x3BFF, 0x3BFF, 0xD9FE,
    0x37FE, 0xD6F5, 0x75ED, 0x50C4, 0x4EB3, 0x2EAB, 0x93C4, 0xF9DD, 0x9BDE, 0xFCE6, 0x77DD, 0x4E9C, 0x71C5, 0x54F7, 0xB3BD, 0x11AD,
    0xF2CD, 0x72DE, 0x31D6, 0xAFCD, 0xB0D5, 0x92E6, 0x32E6, 0x2BA4, 0x6148, 0xC498, 0x8699, 0x8DAC, 0xA98B, 0x17EF, 0x16EF, 0x36EF,
    0x53DE, 0x8BA4, 0x678B, 0xEBBC, 0xAAAC, 0x8AAC, 0x898B, 0x96DE, 0xDAFF, 0xD3CD, 0xB0BC, 0xEEBB, 0x0040, 0x2240, 0x6B93, 0x70CD,
    0xB4E6, 0xD5EE, 0xB5E6, 0xB5E6, 0x94E6, 0x53DE, 0x12D6, 0x74E6, 0xB5EE, 0xD5EE, 0xF6EE, 0x16EF, 0x37F7, 0x57F7, 0x16F7, 0xB4E6,
    0x94DE, 0x53DE, 0xB4E6, 0xF6EE, 0x37EF, 0x36EF, 0x16EF, 0xF6EE, 0xF6EE, 0xD6E6, 0xB5E6, 0x95E6, 0x74E6, 0x74DE, 0x54DE, 0x33D6,
    0x33DD, 0xB5E5, 0x78F6, 0x1BFF, 0x3BFF, 0x5BFF, 0x3BFF, 0x3BFF, 0x3BFF, 0x3BFF, 0x5BFF, 0x5BFF, 0x3BFF, 0x3BFF, 0x5BFF, 0x5BFF,
    0x5BFF, 0x5BFF, 0x3BFF, 0x3BFF, 0x1BFF, 0xFAFE, 0xDAFE, 0xDAFE, 0xDAF6, 0xDAFE, 0x30BC, 0xD0E3, 0xF8E5, 0xFFFF, 0x9FFF, 0x5EF7,
    0xFFFF, 0x59EE, 0xEDB2, 0xD1AC, 0x6F73, 0xED41, 0xAF39, 0x6E21, 0xCF31, 0x303A, 0x5042, 0x7042, 0x7042, 0x704A, 0x704A, 0x6F42,
    0x7042, 0x7042, 0x7042, 0x7042, 0x904A, 0x6F42, 0x0D3A, 0x0D3A, 0x6F42, 0x904A, 0x7142, 0x5042, 0x5042, 0x303A, 0xEF31, 0xCF31,
    0xAE29, 0x6D21, 0x2C21, 0x4D29, 0x8D29, 0x6B21, 0x2921, 0x0821, 0x8939, 0x6739, 0x4739, 0x6751, 0xC861, 0xC859, 0x097A, 0x6B82,
    0xED82, 0xED82, 0xEB8A, 0x8A7A, 0xF0A3, 0xB3B4, 0xF4B4, 0x72A4, 0x96C5, 0xF4BC, 0xF4BC, 0xD1AC, 0xB5EE, 0xB3EE, 0xB8FF, 0xB8FF,
    0x55D6, 0xF6EE, 0xF5EE, 0x53DE, 0xF2DD, 0xF1D5, 0xECC4, 0xCFDD, 0xEEBC, 0xC689, 0xE8B9, 0x6CAC, 0xAFCD, 0x2D9C, 0x36FF, 0x37F7,
    0x58F7, 0x32D6, 0x898B, 0x0B9C, 0x2CC5, 0xEBB4, 0x49A4, 0xE993, 0xB2CD, 0xFAFF, 0x57EF, 0x12CE, 0xEEBC, 0x4A93, 0xAFBC, 0x878B,
    0x6BA4, 0x0EBD, 0xD1D5, 0x13DE, 0x54DE, 0x95EE, 0xF6F6, 0x57F7, 0x57F7, 0x37F7, 0x17F7, 0xD5EE, 0x94E6, 0x53DE, 0x32D6, 0x73DE,
    0xF6EE, 0x58F7, 0x58F7, 0x17EF, 0x17EF, 0x16EF, 0xF6EE, 0xF6EE, 0xD6E6, 0xB5E6, 0x95E6, 0x94DE, 0x74DE, 0x54DE, 0x33DE, 0x74DE,
    0x74E5, 0x17EE, 0xDAFE, 0x1BFF, 0x5BFF, 0x5BFF, 0x5BFF, 0x5BFF, 0x5BFF, 0x5BFF, 0x3BFF, 0x5BFF, 0x5BFF, 0x5BFF, 0x5BFF, 0x5BFF,
    0x5BFF, 0x5BFF, 0x5BFF, 0x5BFF, 0x3BFF, 0x1BFF, 0xFAFE, 0xFAFE, 0xDAFE, 0xDAFE, 0x57EE, 0x4AB2, 0xF8ED, 0xFFFF, 0xFFFF, 0x18CE,
    0x0E63, 0xCB41, 0x8A21, 0x4A19, 0x0A19, 0x3142, 0x7142, 0x5042, 0x704A, 0x704A, 0x7042, 0x7042, 0x704A, 0x7042, 0x7042, 0x7042,
    0x7042, 0x7042, 0x7042, 0x7042, 0x704A, 0x704A, 0x704A, 0x2E42, 0x0D3A, 0x4F42, 0x704A, 0x7042, 0x7042, 0x7042, 0x7042, 0x7042,
    0x704A, 0x704A, 0x704A, 0x7042, 0x7042, 0x9042, 0x2E3A, 0x8D29, 0x2A21, 0xC710, 0x8608, 0x8500, 0x4500, 0x4400, 0x2400, 0x8508,
    0x0611, 0x2711, 0x4821, 0x6731, 0x4A4A, 0x2A4A, 0xE769, 0x8DB3, 0x8DB3, 0xADC3, 0xADC3, 0xF2DC, 0x96DE, 0x73D6, 0x36F7, 0xF6EE,
    0x37F7, 0xF6EE, 0x16EF, 0x57F7, 0x57F7, 0x77F7, 0x57F7, 0xD5EE, 0x98FF, 0x29A2, 0xAAAA, 0x58F7, 0xD5EE, 0xD3CD, 0x30BD, 0xB5E6,
    0x57F7, 0x78FF, 0x33D6, 0x2D9C, 0x6AB4, 0x8AAC, 0xECB4, 0x0CBD, 0xC993, 0xCFAC, 0x99FF, 0x57F7, 0xD8FF, 0x36EF, 0x12D6, 0x2EBD,
    0x8CAC, 0x0A9C, 0x6CAC, 0xCDB4, 0x2FBD, 0xB1CD, 0xF2D5, 0xD2D5, 0xB1CD, 0xD1D5, 0xF2D5, 0x12D6, 0x33D6, 0x94E6, 0x16EF, 0x78FF,
    0x57F7, 0x37F7, 0x17EF, 0x17EF, 0xF6EE, 0xF6EE, 0xD6EE, 0xD5E6, 0xB5E6, 0x95E6, 0x94E6, 0x74DE, 0x53DE, 0x33D6, 0x54DE, 0x10B5,
    0xB5E5, 0x98F6, 0xFAFE, 0x3BFF, 0x5BFF, 0x5BFF, 0x5BFF, 0x5BFF, 0x5BFF, 0x5BFF, 0x5BFF, 0x5BFF, 0x5BFF, 0x3BFF, 0x3BFF, 0x5BFF,
    0x5BFF, 0x5BFF, 0x5BFF, 0x5BFF, 0x3BFF, 0x3BFF, 0x1BFF, 0xFAFE, 0xFAFE, 0x1AFF, 0x1BFF, 0x2DCB, 0x58F6, 0xD7BD, 0x9073, 0x4921,
    0x8808, 0x4A21, 0xCB31, 0xAC31, 0xCC31, 0xED39, 0x7042, 0x914A, 0x914A, 0x714A, 0x7042, 0x7042, 0x704A, 0x704A, 0x7042, 0x7042,
    0x7042, 0x7042, 0x7042, 0x7042, 0x7042, 0x704A, 0x704A, 0x714A, 0x4F42, 0x2E3A, 0x4F42, 0x7042, 0x7042, 0x704A, 0x704A, 0x7042,
    0x7042, 0x704A, 0x704A, 0x704A, 0x7042, 0x7042, 0x704A, 0x4F42, 0xCD31, 0x8B31, 0xE718, 0x0719, 0x0721, 0x0821, 0x0719, 0x0719,
    0xE718, 0xC718, 0xC708, 0xA708, 0x0400, 0x0300, 0x2369, 0xADD3, 0xAAB2, 0xAABA, 0x4CC3, 0x70E4, 0x93F5, 0xD5E5, 0x10B5, 0x75DE,
    0x37F7, 0x78FF, 0x98FF, 0xB8FF, 0x98FF, 0xF6EE, 0x54DE, 0x74DE, 0xF3CD, 0x8669, 0xF1B4, 0xF6E6, 0xD6EE, 0x16F7, 0x33D6, 0xD2CD,
    0x53DE, 0xD5EE, 0x78FF, 0x92C5, 0xD3CD, 0x8FCD, 0xABAC, 0x6AA4, 0x89AC, 0x4683, 0x4C9C, 0x18EF, 0xDAFF, 0x78F7, 0x77FF, 0xB8FF,
    0x58F7, 0x16EF, 0xB5E6, 0x94DE, 0x53D6, 0x12D6, 0x33D6, 0x33DE, 0x33DE, 0x94DE, 0xD5E6, 0x16EF, 0x57F7, 0x78F7, 0x37F7, 0x17EF,
    0x17EF, 0x17EF, 0x17EF, 0x16EF, 0xF6EE, 0xD6EE, 0xB5E6, 0xB5E6, 0xB5E6, 0x94DE, 0x74DE, 0x53DE, 0x53DE, 0x54D6, 0x11B5, 0x90C5,
    0x37EE, 0xD9FE, 0x1BFF, 0x5BFF, 0x5BFF, 0x5BFF, 0x5BFF, 0x5BFF, 0x5BFF, 0x5BFF, 0x5BFF, 0x3BFF, 0x3BFF, 0x5BFF, 0x3BFF, 0x5BFF,
    0x5BFF, 0x5BFF, 0x5BFF, 0x5BFF, 0x3BFF, 0x3BFF, 0x1BFF, 0x1AFF, 0x1AFF, 0x3BFF, 0x79E6, 0x0BB3, 0x7173, 0x4A29, 0xC910, 0xAC29,
    0xED39, 0xAC31, 0xAB29, 0xAC31, 0xCC31, 0xCC31, 0xEC31, 0x0E3A, 0x4F42, 0x714A, 0x714A, 0x7042, 0x5042, 0x7042, 0x7042, 0x7042,
    0x7042, 0x9042, 0x7042, 0x7042, 0x7042, 0x7042, 0x704A, 0x7042, 0x7042, 0x5042, 0x4F42, 0x4F42, 0x6F42, 0x704A, 0x704A, 0x704A,
    0x5042, 0x7042, 0x7042, 0x7042, 0x7042, 0x7042, 0x7042, 0x704A, 0x7042, 0x2E42, 0x8A31, 0xE618, 0xE618, 0x0721, 0x0721, 0x0719,
    0x0721, 0x0719, 0x8608, 0x8508, 0xA849, 0x0B9B, 0x2FD4, 0x2FCC, 0x0ECC, 0x0FD4, 0x90DC, 0x12ED, 0x70CC, 0xD1BC, 0x6EA4, 0xB5E6,
    0xB5DE, 0xB2C5, 0x34D6, 0x31B5, 0x31BD, 0xB1CD, 0x12DE, 0xD6EE, 0xB4BD, 0x8983, 0x35D6, 0xCFB4, 0x17F7, 0xF6EE, 0x57F7, 0x16EF,
    0x74DE, 0x33D6, 0x36F7, 0x16EF, 0x35D6, 0x38EF, 0x57F7, 0x32DE, 0xEDB4, 0x0CBD, 0xE57A, 0x4883, 0x30BD, 0xF7EE, 0xB9FF, 0x57F7,
    0x36EF, 0x37F7, 0x57F7, 0x78F7, 0x77F7, 0x77F7, 0x57F7, 0x57F7, 0x57F7, 0x57F7, 0x37EF, 0x37EF, 0x17EF, 0x17EF, 0x16EF, 0x17EF,
    0x17EF, 0xF7EE, 0xF6EE, 0xF6EE, 0xF5EE, 0xD5E6, 0xB5E6, 0x95DE, 0x94DE, 0x74DE, 0x53DE, 0x54DE, 0xF2CD, 0x51BD, 0xF0D5, 0xAD83,
    0x78F6, 0xFAFE, 0x3BFF, 0x5BFF, 0x5BFF, 0x5BFF, 0x5BFF, 0x3BFF, 0x5BFF, 0x5BFF, 0x5BFF, 0x5BFF, 0x3BFF, 0x7CFF, 0x3BFF, 0x5BFF,
    0x5BFF, 0x5BFF, 0x5BFF, 0x3BFF, 0x3BFF, 0x3BFF, 0x3BFF, 0x1AFF, 0x1BFF, 0x5BFF, 0x57DE, 0xCB41, 0xCE31, 0x3042, 0x704A, 0x7042,
    0x7042, 0x4F42, 0x0D3A, 0xCC31, 0xCB31, 0xCC31, 0xCC31, 0xAA29, 0xAB31, 0xED39, 0x2F42, 0x704A, 0x714A, 0x704A, 0x704A, 0x704A,
    0x9042, 0x9042, 0x7042, 0x7042, 0x7042, 0x7042, 0x7042, 0x7042, 0x7042, 0x7042, 0x4F42, 0x0E3A, 0x0E3A, 0x4F42, 0x704A, 0x704A,
    0x5042, 0x7042, 0x7042, 0x7042, 0x7042, 0x7042, 0x7042, 0x7042, 0x904A, 0x904A, 0x4F42, 0xCC39, 0x4929, 0xE718, 0x0719, 0xE718,
    0xA608, 0x6508, 0x6749, 0x2CA3, 0x6FE4, 0xD1EC, 0x91D4, 0xD2DC, 0x74ED, 0x16F6, 0x98FE, 0x37DE, 0xF1AC, 0x36EF, 0xF9FF, 0xD6EE,
    0x56D6, 0x709C, 0xE761, 0x098B, 0x50C5, 0xF5EE, 0xF8FF, 0x6E9C, 0xCA6A, 0xAFDD, 0xAEB4, 0xD8E6, 0x8EA4, 0x57FF, 0x57F7, 0x78F7,
    0x57F7, 0x16F7, 0xF6EE, 0x16F7, 0xF6EE, 0x72BD, 0xF4CD, 0x37EF, 0x98FF, 0x78FF, 0x16F7, 0xB0CD, 0x0A9C, 0x6DA4, 0x91C5, 0xB5E6,
    0x37F7, 0x58FF, 0x78FF, 0x57F7, 0x37F7, 0x37F7, 0x37F7, 0x16EF, 0x16EF, 0x36EF, 0x36EF, 0x16EF, 0x16EF, 0x16EF, 0x16EF, 0x16EF,
    0xF6EE, 0xF6EE, 0xF6EE, 0xD5E6, 0xD5E6, 0xB5E6, 0x95E6, 0x74DE, 0x74DE, 0x94E6, 0x13D6, 0xD2CD, 0xB0CD, 0x10DE, 0xAE83, 0x8D29,
    0x99F6, 0xFAFE, 0x3BFF, 0x5BFF, 0x5BFF, 0x5BFF, 0x5BFF, 0x3BFF, 0x5BFF, 0x5BFF, 0x5BFF, 0x5BFF, 0x3BFF, 0x5BFF, 0x3BFF, 0x3BFF,
    0x3BFF, 0x3BFF, 0x5BFF, 0x5BFF, 0x5BFF, 0x5BFF, 0x5BFF, 0x3BFF, 0x3BFF, 0x5BFF, 0xF5DD, 0x723A, 0x4F4A, 0x5042, 0x7042, 0x7042,
    0x7042, 0x7042, 0x714A, 0x504A, 0x2E42, 0x2E3A, 0x0D3A, 0xED39, 0xCB31, 0xAB31, 0xAC31, 0xED31, 0x0E42, 0x2F42, 0x504A, 0x704A,
    0x4F42, 0x7042, 0x704A, 0x7042, 0x7042, 0x7042, 0x7042, 0x7042, 0x7042, 0x7042, 0x7042, 0x2E42, 0xED39, 0xED39, 0x0E3A, 0x704A,
    0x704A, 0x5042, 0x7042, 0x7042, 0x7042, 0x7042, 0x7042, 0x7042, 0x7042, 0x914A, 0xD24A, 0x2F42, 0x6A29, 0xC718, 0x8500, 0x8608,
    0xA941, 0xEC8A, 0x50DC, 0x13F5, 0xD2E4, 0x34E5, 0xF7F5, 0x98FE, 0xDAFE, 0x1BFF, 0x9CFF, 0x54AD, 0x78F7, 0x92BD, 0xD1AC, 0xD4CD,
    0xF8EE, 0x96D6, 0xF3D5, 0x56FF, 0xD8FF, 0xF8FF, 0x8E9C, 0xA862, 0xC238, 0xAFCD, 0x2DC5, 0x74DE, 0xF4CD, 0x4CA4, 0x8FCD, 0x74E6,
    0x58FF, 0x17F7, 0xD6EE, 0xB5EE, 0xF5EE, 0x94E6, 0x8FA4, 0xD0A4, 0x72BD, 0x34D6, 0x13CE, 0xD2CD, 0x6FBD, 0xC993, 0x478B, 0x2B9C,
    0xCDB4, 0x70C5, 0xF1CD, 0x53DE, 0x94E6, 0xB4E6, 0xD5EE, 0xD5EE, 0xF5EE, 0xD5EE, 0xD5E6, 0xF6EE, 0x16EF, 0xF6EE, 0x16EF, 0xF6EE,
    0xF6EE, 0xD6EE, 0xD5E6, 0xB5E6, 0xB5E6, 0x94DE, 0x74DE, 0x74DE, 0x12CE, 0xB1C5, 0x70BD, 0x31DE, 0xF1D5, 0x4C73, 0x6D21, 0x2E42,
    0xD9F6, 0xFAFE, 0x3BFF, 0x5BFF, 0x5BFF, 0x5BFF, 0x5BFF, 0x3BFF, 0x3BFF, 0x3CFF, 0x3BFF, 0x5BFF, 0x5BFF, 0x5BFF, 0x5BFF, 0x5BFF,
    0x5BFF, 0x3BFF, 0x3BFF, 0x5BFF, 0x5BFF, 0x5BFF, 0x5BFF, 0x5BFF, 0x5BFF, 0x5BFF, 0x16DE, 0x704A, 0x504A, 0x5042, 0x7042, 0x7042,
    0x7042, 0x7042, 0x5042, 0x7042, 0x704A, 0x7042, 0x7042, 0x504A, 0x4F42, 0x0E3A, 0xEC39, 0xAB31, 0xAB31, 0xAC31, 0xCD39, 0xEE39,
    0xEE39, 0xEE39, 0x2F42, 0x704A, 0x914A, 0x704A, 0x704A, 0x5042, 0x5042, 0x7042, 0x7042, 0x7042, 0x4E42, 0xED39, 0xCC31, 0x0D3A,
    0x2F42, 0x704A, 0x704A, 0x7042, 0x7042, 0x5042, 0x7042, 0x7042, 0x914A, 0x914A, 0xCC31, 0x0719, 0x6508, 0x6500, 0x8841, 0x8DA3,
    0xB1E4, 0x53FD, 0x32ED, 0x95ED, 0x57F6, 0xD9FE, 0x1BFF, 0x3BFF, 0x3BFF, 0x7CFF, 0x37CE, 0xB6DE, 0x37FF, 0x7194, 0x709C, 0x32BD,
    0x72BD, 0x95E6, 0x16EF, 0xB5E6, 0x78FF, 0xCD83, 0x2408, 0xCA8B, 0x2B7B, 0x0A94, 0x8ECD, 0x0CBD, 0xF5EE, 0x0EBD, 0xEEBC, 0x4FC5,
    0xF1D5, 0xB5E6, 0xF6EE, 0xF6EE, 0xD5EE, 0xF5EE, 0x15F7, 0x74DE, 0x31B5, 0x92BD, 0x51B5, 0x71B5, 0xB1C5, 0x12CE, 0x72DE, 0x8FCD,
    0x0DB5, 0x4EBD, 0xB0C5, 0x11D6, 0x52DE, 0x94E6, 0xD5E6, 0xD5EE, 0xD5EE, 0xD6EE, 0xD5EE, 0xF6EE, 0x16EF, 0xF6EE, 0xF6EE, 0xF5EE,
    0xD5E6, 0xB6E6, 0xB5E6, 0xB5E6, 0x95DE, 0x74DE, 0x33D6, 0xF2CD, 0x90C5, 0x12DE, 0xB3EE, 0x92C5, 0x8E52, 0xAE29, 0x4F42, 0x2E42,
    0xF9FE, 0x1BFF, 0x3BFF, 0x5BFF, 0x5BFF, 0x5BFF, 0x5BFF, 0x5BFF, 0x3BFF, 0x3BFF, 0x3BFF, 0x5BFF, 0x7CFF, 0x5CFF, 0x3BFF, 0x5BFF,
    0x5BFF, 0x3BFF, 0x3BFF, 0x3BFF, 0x5BFF, 0x5BFF, 0x5BFF, 0x5BFF, 0x5BFF, 0x5BFF, 0x16DE, 0x704A, 0x504A, 0x5042, 0x5042, 0x7042,
    0x7042, 0x7042, 0x5042, 0x5042, 0x7042, 0x7042, 0x7042, 0x704A, 0x704A, 0x7042, 0x5042, 0x2F42, 0xEE39, 0xED31, 0x8B29, 0x8B31,
    0x8B29, 0x8B29, 0xAC31, 0xCD39, 0x2F42, 0x704A, 0x914A, 0x7042, 0x5042, 0x5042, 0x7042, 0x7042, 0x914A, 0x4F42, 0xED39, 0xAC31,
    0xCC31, 0xED39, 0x2F42, 0x704A, 0x704A, 0x704A, 0x704A, 0x914A, 0x7042, 0x4929, 0x8608, 0x4400, 0x8839, 0x6C9B, 0xB1EC, 0x32F5,
    0x33ED, 0xB5ED, 0x57F6, 0xB9F6, 0xFAFE, 0x1BFF, 0x1BFF, 0x5BFF, 0x5BFF, 0x9DFF, 0x94BD, 0x99FF, 0x7BFF, 0x7CF7, 0x3BF7, 0xF9EE,
    0x98DE, 0x98DE, 0xD9EE, 0x5AF7, 0xAE73, 0x4608, 0xE718, 0x2C9C, 0xE86A, 0x294A, 0x11DE, 0x6EC5, 0x2DBD, 0xD4EE, 0xD0CD, 0x94E6,
    0xB5E6, 0x54DE, 0xD5E6, 0xB5E6, 0xB5E6, 0xB5E6, 0xD4E6, 0xB4EE, 0xD0D5, 0xEEBC, 0xADAC, 0xB2CD, 0x33D6, 0x73DE, 0x8DA4, 0xF1CD,
    0xD4E6, 0xD4E6, 0xF6EE, 0x16EF, 0x16EF, 0x17EF, 0x17EF, 0x37F7, 0x37F7, 0x37F7, 0x36EF, 0xF6EE, 0xF6EE, 0xD6EE, 0xD5EE, 0xD5E6,
    0xD5EE, 0xD5E6, 0xB4E6, 0x54DE, 0x33DE, 0x32D6, 0x12CE, 0x72DE, 0x92E6, 0x71BD, 0xCF7B, 0x0F42, 0xCE31, 0x2E42, 0x2E42, 0x2E42,
    0x1AFF, 0x3BFF, 0x3BFF, 0x3BFF, 0x3BFF, 0x5BFF, 0x5BFF, 0x5BFF, 0x5BFF, 0x5BFF, 0x5BFF, 0x5BFF, 0x9CFF, 0x5CFF, 0x3BFF, 0x3BFF,
    0x3BFF, 0x5BFF, 0x5BFF, 0x5BFF, 0x5BFF, 0x5BFF, 0x5BFF, 0x5CFF, 0x5BFF, 0x5BFF, 0xB4D5, 0x5042, 0x504A, 0x5042, 0x5042, 0x7042,
    0x7042, 0x7042, 0x5042, 0x7042, 0x7042, 0x7042, 0x7042, 0x7042, 0x7042, 0x5042, 0x5042, 0x7042, 0x7042, 0x5042, 0x2F3A, 0xCD31,
    0x6929, 0x4829, 0x6A29, 0x8B31, 0x8B29, 0xCD39, 0x2E42, 0x5042, 0x7042, 0x5042, 0x7042, 0x7042, 0x7042, 0x714A, 0x7042, 0x0D3A,
    0xAC31, 0x8B31, 0x8B31, 0xED39, 0x2E42, 0x4F42, 0x714A, 0x4E42, 0x0819, 0x2500, 0xE618, 0xEC82, 0xD1DC, 0x74FD, 0xF2E4, 0x54E5,
    0xF6F5, 0x78F6, 0xDAFE, 0x1BFF, 0x3BFF, 0x3BFF, 0x5CFF, 0x5CFF, 0x5BFF, 0x9DFF, 0x94BD, 0x7CFF, 0x5CFF, 0x9CFF, 0x9CFF, 0xBDFF,
    0xFDFF, 0xFFFF, 0x5BF7, 0xF083, 0x6608, 0xE818, 0xE718, 0x0B9C, 0xAA8B, 0x0500, 0xAA62, 0x10DE, 0x0FD6, 0xF0D5, 0xF1D5, 0x2EBD,
    0x94E6, 0xF6EE, 0xF6EE, 0x37F7, 0x17F7, 0x16EF, 0x16EF, 0xF6EE, 0xD5EE, 0xF5F6, 0xB4EE, 0xD0CD, 0xAECD, 0x2C9C, 0xA993, 0x32D6,
    0x36F7, 0x16F7, 0x37F7, 0x17EF, 0x57F7, 0x57F7, 0xF6EE, 0x94DE, 0xB4DE, 0xF5E6, 0xF5E6, 0x57F7, 0x36F7, 0xF6EE, 0xB5EE, 0x94DE,
    0x53D6, 0x33D6, 0x12D6, 0x53D6, 0x73E6, 0xB3EE, 0x92E6, 0x0FB5, 0x2E73, 0xEE39, 0xAE29, 0x0E3A, 0x4F42, 0x2E42, 0x2E42, 0x2E42,
    0x1BFF, 0x3BFF, 0x3BFF, 0x3BFF, 0x3BFF, 0x5BFF, 0x5BFF, 0x5BFF, 0x5BFF, 0x5BFF, 0x3BFF, 0x5BFF, 0x5CFF, 0x3BFF, 0x3BFF, 0x3BFF,
    0x3BFF, 0x5BFF, 0x5BFF, 0x5BFF, 0x5BFF, 0x5BFF, 0x5BFF, 0x5BFF, 0x5BFF, 0x5BFF, 0x12C5, 0x514A, 0x504A, 0x5042, 0x7042, 0x7042,
    0x7042, 0x7042, 0x5042, 0x7042, 0x7042, 0x7042, 0x7042, 0x7042, 0x7042, 0x5042, 0x5042, 0x7042, 0x7042, 0x5042, 0x914A, 0x7042,
    0x0E3A, 0x8B29, 0x2821, 0x6929, 0x8A29, 0x6A29, 0x6A29, 0xCD31, 0x4F42, 0x7042, 0x7042, 0x7042, 0x7042, 0x7042, 0x7042, 0x704A,
    0x4F42, 0xED39, 0xCC31, 0x4921, 0xAB31, 0xCC39, 0xCC39, 0xE810, 0x4500, 0xC851, 0x50CC, 0x53FD, 0xB2E4, 0xF2DC, 0xB5ED, 0x38F6,
    0x99FE, 0xFAFE, 0x1BFF, 0x3BFF, 0x5BFF, 0x5BFF, 0x5CFF, 0x3CFF, 0x5BFF, 0x5CFF, 0x99DE, 0xDAE6, 0x5CFF, 0x5BFF, 0x7BFF, 0xFEFF,
    0x9CFF, 0xF3AC, 0x4829, 0x4608, 0x4A29, 0x0821, 0x0719, 0xAA83, 0x6ECD, 0x6510, 0x2400, 0x294A, 0x4C9C, 0xCCB4, 0xF0D5, 0x71E6,
    0xAFCD, 0x8FCD, 0xD0D5, 0x32DE, 0x53DE, 0x74DE, 0x94E6, 0x95E6, 0xB5E6, 0x94DE, 0x74DE, 0x93DE, 0x75DE, 0xAA83, 0xB3E6, 0x37F7,
    0x16EF, 0x16EF, 0x16F7, 0x37F7, 0x33D6, 0x53D6, 0xF2CD, 0x91C5, 0x33D6, 0x33CE, 0xF2CD, 0xF2CD, 0x33CE, 0x12CE, 0x13CE, 0xF2CD,
    0xF2CD, 0x73DE, 0xB3EE, 0x92E6, 0x90C5, 0x8EA4, 0x4E73, 0xEE39, 0xAE29, 0x303A, 0x2F42, 0x2F42, 0x2E42, 0x2E42, 0x2E42, 0x0E42,
    0x3BFF, 0x3BFF, 0x3BFF, 0x3BFF, 0x3BFF, 0x5BFF, 0x5BFF, 0x5BFF, 0x3BFF, 0x3BFF, 0x5BFF, 0x5BFF, 0x3BFF, 0x3BFF, 0x5BFF, 0x5BFF,
    0x5BFF, 0x5BFF, 0x5BFF, 0x5BFF, 0x5BFF, 0x5BFF, 0x5BFF, 0x5BFF, 0x3BFF, 0x3BFF, 0xD2BC, 0x7052, 0x7042, 0x7042, 0x7042, 0x7042,
    0x7042, 0x7042, 0x5042, 0x7042, 0x7042, 0x9042, 0x7042, 0x7042, 0x7042, 0x7042, 0x7042, 0x6F42, 0x7042, 0x7042, 0x7042, 0x7042,
    0x914A, 0x714A, 0xEE39, 0x6B29, 0x8A29, 0xAB31, 0xAB31, 0x8B29, 0xAB31, 0x4F42, 0x914A, 0x7042, 0x7042, 0x7042, 0x7042, 0x7042,
    0x904A, 0x904A, 0x704A, 0xED39, 0x0929, 0x4929, 0x6608, 0xC710, 0xEC82, 0xF2EC, 0x12F5, 0xD1DC, 0x54E5, 0x17EE, 0x99F6, 0xDAFE,
    0x1BFF, 0x3BFF, 0x3BFF, 0x5BFF, 0x5BFF, 0x5BFF, 0x5BFF, 0x5BFF, 0x5CFF, 0x3BFF, 0x9DFF, 0x1BF7, 0x5BFF, 0xDDFF, 0xFEFF, 0xF6CD,
    0x4A4A, 0x2500, 0xC818, 0x8C31, 0x8B31, 0x0821, 0x2821, 0x484A, 0x6983, 0x6B7B, 0x4608, 0x0500, 0xE618, 0xE641, 0xA862, 0x0973,
    0xACAC, 0x4DC5, 0x6AA4, 0x0A9C, 0x6BA4, 0xCCB4, 0xEDB4, 0x0DB5, 0xEDB4, 0x0DB5, 0xB0CD, 0x94DE, 0x31AD, 0xB3E6, 0x37F7, 0x17EF,
    0xF6EE, 0x57F7, 0x77FF, 0x73DE, 0x33D6, 0x16EF, 0xD4EE, 0xB4E6, 0xD5EE, 0x94E6, 0x53DE, 0x12D6, 0x73DE, 0x94E6, 0xD4F6, 0xB3EE,
    0x31DE, 0xD1CD, 0x4D9C, 0x2C6B, 0x4C4A, 0xEE31, 0xCF29, 0x2F3A, 0x4F42, 0x2E42, 0x2F42, 0x2F42, 0x2E42, 0x2E42, 0x2E42, 0x0E3A,
    0x3BFF, 0x3BFF, 0x3BFF, 0x3BFF, 0x3BFF, 0x5BFF, 0x5BFF, 0x3BFF, 0x3BFF, 0x3BFF, 0x5BFF, 0x5BFF, 0x5BFF, 0x5BFF, 0x5BFF, 0x5BFF,
    0x5BFF, 0x5BFF, 0x5BFF, 0x5BFF, 0x5BFF, 0x5BFF, 0x5BFF, 0x5BFF, 0x3BFF, 0x3CFF, 0x92AC, 0xED41, 0x2F3A, 0x4F42, 0x7042, 0x704A,
    0x704A, 0x704A, 0x7042, 0x7042, 0x9042, 0x8F42, 0x6F42, 0x7042, 0x7042, 0x7042, 0x7042, 0x6F42, 0x7042, 0x6F42, 0x7042, 0x7042,
    0x9042, 0x914A, 0x914A, 0x4F42, 0xAB29, 0x8A29, 0xAB29, 0x8A29, 0x6A29, 0x8B29, 0xCC39, 0x704A, 0x914A, 0x7042, 0x7042, 0x7042,
    0x7042, 0x7042, 0x904A, 0xCC31, 0xC710, 0x4500, 0x6739, 0xCFB3, 0x12F5, 0xD2DC, 0x13DD, 0xD5ED, 0x58F6, 0xBAF6, 0xFAFE, 0x3BFF,
    0x3BFF, 0x5BFF, 0x5BFF, 0x5BFF, 0x5BFF, 0x5BFF, 0x5BFF, 0x5BFF, 0x5BFF, 0x5BFF, 0x7CFF, 0xFEFF, 0xFEFF, 0x98E6, 0xD183, 0xA718,
    0x2500, 0x6A29, 0x0D3A, 0xEE39, 0x8B29, 0x0921, 0x6929, 0x6629, 0xC839, 0x8C7B, 0xD0AC, 0x0621, 0x0400, 0x6410, 0xA418, 0x0100,
    0x6110, 0x465A, 0xC98B, 0xCCB4, 0xECB4, 0xECB4, 0x2EBD, 0x4EBD, 0xB0C5, 0xD1CD, 0xD0CD, 0x93E6, 0x30B5, 0x36F7, 0xF6F6, 0x37EF,
    0xD8FF, 0x56F7, 0x30B5, 0x72BD, 0xD6E6, 0x75DE, 0x14D6, 0x33D6, 0xB2C5, 0x71C5, 0x71C5, 0xF2CD, 0xB2C5, 0xF1AC, 0x0E8C, 0xAB5A,
    0x4C4A, 0x4C42, 0xCE31, 0xAE31, 0x2F3A, 0x4F42, 0x4F3A, 0x4F42, 0x2F42, 0x2E42, 0x4E42, 0x2E42, 0x2E42, 0x2E42, 0x2E42, 0x0E3A,
    0x3BFF, 0x5BFF, 0x5BFF, 0x5BFF, 0x3BFF, 0x3BFF, 0x3BFF, 0x3BFF, 0x3BFF, 0x3BFF, 0x5BFF, 0x5BFF, 0x5BFF, 0x5BFF, 0x5BFF, 0x5BFF,
    0x5BFF, 0x5BFF, 0x5BFF, 0x5BFF, 0x5BFF, 0x5BFF, 0x5BFF, 0x3CFF, 0x3CFF, 0x3BFF, 0x92A4, 0xAC31, 0xAC31, 0xCC31, 0xED39, 0x0D3A,
    0x2E42, 0x4F42, 0x5042, 0x7042, 0x904A, 0x904A, 0x904A, 0x914A, 0x914A, 0x914A, 0x7042, 0x7042, 0x7042, 0x6F42, 0x7042, 0x7042,
    0x9042, 0x7042, 0x7042, 0x904A, 0x4F42, 0xEC31, 0xAB29, 0xAB29, 0x8B29, 0x8B31, 0x4A29, 0x8B31, 0x4F42, 0xB14A, 0x7042, 0x9042,
    0x904A, 0xB14A, 0x2E3A, 0x4500, 0xA608, 0x6A6A, 0x91DC, 0xD2EC, 0xB1DC, 0x33DD, 0x16EE, 0xB9FE, 0xFAFE, 0x1BFF, 0x3BFF, 0x5BFF,
    0x5BFF, 0x5BFF, 0x5BFF, 0x5BFF, 0x5BFF, 0x5BFF, 0x5BFF, 0x5BFF, 0x5CFF, 0xFDFF, 0xDDFF, 0x57E6, 0xF193, 0x8A31, 0x4508, 0xC818,
    0x8C31, 0x504A, 0x6F4A, 0xED39, 0x8A29, 0x4929, 0x6929, 0x8510, 0x8A52, 0x2721, 0x53D6, 0x14EF, 0x2D94, 0xCC83, 0x2D94, 0xEFA4,
    0xCFA4, 0xCFA4, 0x33D6, 0xF4EE, 0xB4E6, 0xD5E6, 0x16EF, 0x36F7, 0xB8FF, 0xB7FF, 0xF9FF, 0x15EF, 0xB2C5, 0x17EF, 0xF6EE, 0x97FF,
    0x93C5, 0x0D6B, 0x8A39, 0x2C4A, 0xAF5A, 0xEF62, 0x1063, 0xCF5A, 0xAE5A, 0x6D52, 0x4D42, 0x8F4A, 0x6F42, 0xCD31, 0x6D21, 0x6C21,
    0x6D29, 0xAD31, 0x704A, 0x504A, 0x2F42, 0x2F42, 0x4F3A, 0x2F42, 0x2F42, 0x2E42, 0x2E42, 0x2E42, 0x2E42, 0x2E42, 0x2E42, 0x0D42,
    0x5BFF, 0x5BFF, 0x5BFF, 0x5BFF, 0x5BFF, 0x5BFF, 0x5BFF, 0x5BFF, 0x5BFF, 0x5BFF, 0x3BFF, 0x3BFF, 0x3BFF, 0x3BFF, 0x3BFF, 0x5BFF,
    0x5BFF, 0x3BFF, 0x3BFF, 0x3BFF, 0x5BFF, 0x5BFF, 0x5BFF, 0x5CFF, 0x5BFF, 0x3CFF, 0x729C, 0x4F42, 0x0D3A, 0xED39, 0xCD39, 0xAC31,
    0xAB31, 0xAC31, 0xCC31, 0xED39, 0x0E3A, 0x2E42, 0x2E42, 0x2E3A, 0x2F42, 0x4F42, 0x5042, 0x5042, 0x9042, 0x914A, 0x914A, 0x9142,
    0x9142, 0x9042, 0x9042, 0x9042, 0x914A, 0x914A, 0x7042, 0x4E42, 0x0D3A, 0x0D3A, 0xAC29, 0x6A29, 0x4929, 0xEC39, 0x904A, 0x914A,
    0x5042, 0xEE31, 0x8700, 0x6841, 0x8DA3, 0xF2E4, 0xB1DC, 0xD3DC, 0x94ED, 0x57F6, 0x1AFF, 0x1BFF, 0x3BFF, 0x5BFF, 0x5CFF, 0x3BFF,
    0x5BFF, 0x5BFF, 0x5BFF, 0x5BFF, 0x5BFF, 0x3BFF, 0x7CFF, 0xFEFF, 0xDCFF, 0x58DE, 0xB083, 0x4931, 0xA810, 0x0819, 0x4821, 0xEC31,
    0x9042, 0x9042, 0x0E42, 0xAB31, 0xAB29, 0xED39, 0x2821, 0xC618, 0xC618, 0x0842, 0xA731, 0xB5DE, 0xF8FF, 0xF9FF, 0xFBFF, 0xFBFF,
    0xFAFF, 0xF9FF, 0xF8FF, 0xB7FF, 0x76FF, 0xB7FF, 0x35F7, 0xB4E6, 0xF2CD, 0xB5E6, 0x33B5, 0xCE5A, 0x11B5, 0xF7EE, 0x77F7, 0x4EA4,
    0x2A21, 0x4C21, 0xED39, 0x2D3A, 0x4F42, 0x914A, 0x914A, 0x0E3A, 0x2E42, 0x0E3A, 0x2F3A, 0x503A, 0x2F3A, 0x4F3A, 0x2E42, 0x4F42,
    0xED39, 0xED39, 0x2E42, 0x4F42, 0x2E42, 0x2F42, 0x2F42, 0x2F42, 0x2F42, 0x2F42, 0x2F42, 0x2E42, 0x2E42, 0x2E42, 0x2D42, 0x0D42,
    0x5BFF, 0x5BFF, 0x5BFF, 0x5BFF, 0x5BFF, 0x5BFF, 0x5BFF, 0x5BFF, 0x5BFF, 0x5BFF, 0x3BFF, 0x3BFF, 0x3BFF, 0x3BFF, 0x3BFF, 0x5BFF,
    0x5BFF, 0x5BFF, 0x5BFF, 0x5BFF, 0x5BFF, 0x5BFF, 0x5BFF, 0x5BFF, 0x5BFF, 0x1CFF, 0x1194, 0x914A, 0x704A, 0x504A, 0x5042, 0x4F42,
    0x2F42, 0x0E3A, 0xED39, 0xCC31, 0xCC31, 0xAB29, 0xAB31, 0xCB31, 0xCB31, 0xCC31, 0xCC31, 0xCC31, 0xEE39, 0x2F3A, 0x7042, 0x704A,
    0x904A, 0x914A, 0xB14A, 0xB14A, 0x914A, 0x7042, 0x7042, 0x7042, 0x904A, 0xB04A, 0x4F42, 0x2E3A, 0xED39, 0x4929, 0xCC39, 0x8B29,
    0x8708, 0xA518, 0x4972, 0x70D4, 0xF2EC, 0x90D4, 0x70CC, 0xD2DC, 0xD6F5, 0xFAFE, 0x7CFF, 0x5BFF, 0x3BFF, 0x5BFF, 0x5BFF, 0x3BFF,
    0x5BFF, 0x5BFF, 0x5BFF, 0x5BFF, 0x5CFF, 0xFEFF, 0xBCFF, 0x57DE, 0xD283, 0xAC39, 0x0919, 0x6B21, 0x8929, 0x6A29, 0xED31, 0xB142,
    0x7042, 0x6F42, 0xED41, 0x8A29, 0x0D3A, 0x6F4A, 0xE718, 0xC518, 0xE820, 0xC618, 0x0719, 0x6829, 0x8B52, 0x8B52, 0x2C6B, 0xCF83,
    0xCF7B, 0x108C, 0x75B5, 0xB3A4, 0xB2A4, 0xF3AC, 0x1184, 0xEE62, 0x2C42, 0xD15A, 0xAE31, 0xAF31, 0x31B5, 0xF7EE, 0x94E6, 0x8B39,
    0xEE31, 0xCC31, 0xCC31, 0xED39, 0x303A, 0x2F3A, 0x2F3A, 0x0D3A, 0xED39, 0xED39, 0x0E3A, 0x4F42, 0x4F42, 0x6F42, 0x6F4A, 0x2E42,
    0x0E3A, 0xCD31, 0xED39, 0x2F42, 0x2E42, 0x0E42, 0x2E42, 0x2E42, 0x2E42, 0x2F42, 0x2F42, 0x2F42, 0x4E42, 0x2E42, 0x2D42, 0x0D42,
    0x3BFF, 0x3BFF, 0x5BFF, 0x5BFF, 0x3BFF, 0x5BFF, 0x5BFF, 0x3BFF, 0x3BFF, 0x3BFF, 0x3BFF, 0x3BFF, 0x5BFF, 0x5BFF, 0x5BFF, 0x5BFF,
    0x5BFF, 0x5BFF, 0x5BFF, 0x5BFF, 0x5BFF, 0x5BFF, 0x3BFF, 0x3BFF, 0x3BFF, 0x3CFF, 0x118C, 0x704A, 0x7042, 0x5042, 0x5042, 0x7042,
    0x714A, 0x704A, 0x7042, 0x4F42, 0x4F42, 0x4F3A, 0x0E3A, 0x0D3A, 0xED39, 0xCB31, 0xAA31, 0xAB31, 0x8B31, 0xAA29, 0xAB31, 0xCC31,
    0xCD39, 0x0E3A, 0x2F42, 0x7042, 0x7042, 0x914A, 0x904A, 0x704A, 0x9042, 0x904A, 0xB04A, 0xB04A, 0x914A, 0x7042, 0xCC31, 0x6408,
    0x8749, 0xAEBB, 0xD1E4, 0x91DC, 0x50CC, 0x70CC, 0x70CC, 0x4FCC, 0x70CC, 0xF3DC, 0x58EE, 0x7CFF, 0xBDFF, 0x7CFF, 0x5CFF, 0x3CFF,
    0x3CFF, 0x5CFF, 0x5CFF, 0xBCFF, 0xFDFF, 0x37D6, 0x7073, 0xEE39, 0x4D21, 0xAC31, 0xCB31, 0xAB29, 0xAB31, 0xCD31, 0x2F3A, 0x4F3A,
    0x4F42, 0x504A, 0xCC39, 0xAB31, 0x4F42, 0x0D3A, 0xE618, 0xC510, 0x0821, 0x0721, 0xE718, 0x8708, 0x2600, 0x2600, 0x6808, 0x2C19,
    0x6E21, 0x6E21, 0xCF31, 0xEF31, 0x103A, 0xF031, 0x103A, 0x103A, 0x5142, 0xF039, 0x7042, 0x4F42, 0x52B5, 0x16EF, 0x73BD, 0x2F42,
    0x0D3A, 0xCC31, 0x0D3A, 0x504A, 0x5042, 0x5042, 0x4F42, 0x4F42, 0xCD39, 0xEC39, 0x2E3A, 0x4F42, 0x6F42, 0x6F42, 0x4F42, 0x4F42,
    0x4F42, 0x0E3A, 0xED39, 0x0E42, 0x2E42, 0x2E42, 0x2E42, 0x2E42, 0x2E42, 0x2E42, 0x2E42, 0x2F42, 0x2E42, 0x2E42, 0x0D42, 0x0D3A,
    0x1BFF, 0x1BFF, 0x3BFF, 0x3BFF, 0x3BFF, 0x5BFF, 0x5BFF, 0x3BFF, 0x3BFF, 0x3BFF, 0x3BFF, 0x3BFF, 0x5BFF, 0x5BFF, 0x5BFF, 0x5BFF,
    0x5BFF, 0x5BFF, 0x5BFF, 0x5BFF, 0x5BFF, 0x5BFF, 0x3BFF, 0x3BFF, 0x3BFF, 0x1BFF, 0xF283, 0x7042, 0x5042, 0x5042, 0x5042, 0x5042,
    0x7042, 0x504A, 0x7042, 0x7042, 0x7042, 0x904A, 0x904A, 0x9042, 0x7042, 0x4F42, 0x0F42, 0xEE39, 0xEC39, 0xCB31, 0xAB31, 0x8A29,
    0x6A29, 0x6A29, 0x6B29, 0x8C31, 0xAC31, 0xEE39, 0x2F42, 0x2F42, 0x9042, 0xB14A, 0xD14A, 0xB04A, 0x904A, 0xD24A, 0xE818, 0x296A,
    0x91DC, 0xB1E4, 0x50CC, 0x50CC, 0x50CC, 0x50CC, 0x50CC, 0x4FCC, 0x2FCC, 0xCEC3, 0x0FC4, 0xF2D4, 0x78F6, 0x3CFF, 0x9DFF, 0xBEFF,
    0xBDFF, 0xDEFF, 0xFEFF, 0xD9EE, 0x128C, 0x0E3A, 0xD029, 0xEF31, 0xAB31, 0xCC31, 0xCB31, 0xCB31, 0xCC31, 0xED31, 0xEE39, 0xCC29,
    0x4F42, 0x504A, 0xCD39, 0xEE39, 0x704A, 0x8A29, 0x0719, 0xC518, 0xE718, 0x0721, 0x0821, 0x0719, 0xE720, 0x0821, 0x6F42, 0x6F42,
    0x4F42, 0x5042, 0x2F42, 0x3042, 0x3042, 0x3042, 0x5042, 0x5042, 0x7042, 0x7042, 0x9042, 0x2E42, 0x9194, 0x35F7, 0x73BD, 0x4F42,
    0x0E3A, 0xED39, 0x4F4A, 0x504A, 0x4F42, 0x5042, 0x5042, 0x5042, 0xED39, 0xEC31, 0x2E3A, 0x4F42, 0x6F4A, 0x6F4A, 0x4F42, 0x4F42,
    0x4F42, 0x6F4A, 0x0D3A, 0x0E3A, 0x2E42, 0x2E42, 0x2E42, 0x2E42, 0x2E42, 0x2E42, 0x2E42, 0x2E42, 0x2E42, 0x0E42, 0x0D3A, 0xED39,
    0x1AFF, 0x1BFF, 0x1BFF, 0x3BFF, 0x3BFF, 0x5BFF, 0x5BFF, 0x3BFF, 0x3BFF, 0x3BFF, 0x3BFF, 0x3BFF, 0x3BFF, 0x3BFF, 0x5BFF, 0x5BFF,
    0x5BFF, 0x5BFF, 0x5BFF, 0x5BFF, 0x5BFF, 0x3BFF, 0x3BFF, 0x3BFF, 0x1BFF, 0xDAF6, 0x3063, 0x7042, 0x5042, 0x5042, 0x5042, 0x5042,
    0x7042, 0x704A, 0x704A, 0x7042, 0x7042, 0x5042, 0x7042, 0x7042, 0x7042, 0x714A, 0x714A, 0x5042, 0x5042, 0x4F42, 0x2F3A, 0x0E3A,
    0xED39, 0xCD31, 0xAB31, 0xAA29, 0x8A29, 0x6A29, 0x6B29, 0x8B31, 0xAC31, 0xCD39, 0x2E42, 0x4F42, 0x904A, 0x6B21, 0x2A6A, 0x91E4,
    0x2FCC, 0xEFCB, 0xCECB, 0xEFCB, 0x2FCC, 0x50D4, 0x50D4, 0x4FD4, 0x4FD4, 0x30CC, 0x0FCC, 0xCEC3, 0x0ECC, 0xB1D4, 0x73DD, 0x16F6,
    0xD8FE, 0xD4E5, 0x729C, 0x2E42, 0x4D21, 0x5142, 0x2F3A, 0xCC31, 0xCC31, 0xCB31, 0xCC39, 0xED39, 0xED31, 0x0F32, 0xAD29, 0xED31,
    0x2F42, 0x4F42, 0xEE41, 0x4F42, 0x4F42, 0x2819, 0x8B31, 0xE618, 0xE718, 0x0821, 0x0821, 0x0719, 0xE718, 0x4A29, 0x914A, 0x0E3A,
    0xCD31, 0x4F42, 0x5042, 0x5042, 0x5042, 0x5042, 0x5042, 0x7042, 0x7042, 0x7042, 0x7042, 0x4F42, 0xAD4A, 0xB7FF, 0xD3CD, 0x4E42,
    0x0E3A, 0x4F42, 0x704A, 0x4F4A, 0x7042, 0x5042, 0x5042, 0x4F42, 0x0E42, 0x0D3A, 0x4E42, 0x4F42, 0x4F42, 0x6F4A, 0x4F42, 0x4F42,
    0x6F4A, 0x6F4A, 0x4E42, 0x2E42, 0x4E42, 0x4E42, 0x4E42, 0x4E42, 0x4E42, 0x2E42, 0x2E42, 0x2E42, 0x2E42, 0x0E3A, 0x0D3A, 0xED39,
    0xDAFE, 0xFAFE, 0x1BFF, 0x1BFF, 0x1BFF, 0x3BFF, 0x3BFF, 0x3BFF, 0x3BFF, 0x3BFF, 0x3BFF, 0x5BFF, 0x5BFF, 0x5BFF, 0x5BFF, 0x5BFF,
    0x5BFF, 0x5BFF, 0x5BFF, 0x5BFF, 0x5BFF, 0x3BFF, 0x3BFF, 0x3BFF, 0x1BFF, 0x9AEE, 0x2C42, 0x6F4A, 0x7042, 0x5042, 0x5042, 0x5042,
    0x5042, 0x5042, 0x7042, 0x7042, 0x7042, 0x5042, 0x5042, 0x7042, 0x7042, 0x7042, 0x7042, 0x7042, 0x7042, 0x7042, 0x7142, 0x9142,
    0x7142, 0x7042, 0x6F42, 0x4E3A, 0x0D3A, 0xEC31, 0xCC31, 0xAB29, 0x6A29, 0x4A29, 0x2929, 0x6B29, 0x6B29, 0x6849, 0x90E4, 0x0FCC,
    0xAEC3, 0x6DC3, 0x2CC3, 0x0CBB, 0x0CBB, 0x4CBB, 0xEDBB, 0x2FCC, 0x50D4, 0x50D4, 0x50D4, 0x50CC, 0x4FCC, 0x0ED4, 0x4FDC, 0x4EE4,
    0x2B9B, 0xEB41, 0x0B19, 0x4B21, 0x7042, 0xEE39, 0xAC31, 0xCE39, 0xCC31, 0xAD31, 0x8C29, 0x4B21, 0x0D42, 0xEB41, 0x8929, 0xCC29,
    0x2F32, 0x4F42, 0x5042, 0x7042, 0x0D3A, 0x0819, 0x2E42, 0xC510, 0xA410, 0x2821, 0x0821, 0x0719, 0xE718, 0xCC31, 0x7042, 0xCC31,
    0x0E3A, 0x5042, 0x5042, 0x5042, 0x5042, 0x5042, 0x5042, 0x7042, 0x7042, 0x7042, 0x7042, 0x7042, 0xEE39, 0x6E73, 0x93DE, 0xCD41,
    0x4F42, 0x704A, 0x504A, 0x704A, 0x704A, 0x5042, 0x4F42, 0x4F42, 0x4F42, 0x2E42, 0x4F42, 0x4F42, 0x4F42, 0x4F42, 0x4F42, 0x4F42,
    0x4F42, 0x4F42, 0x6F4A, 0x4F42, 0x4F42, 0x2E42, 0x4E42, 0x4E42, 0x2E42, 0x2E42, 0x2E42, 0x2E42, 0x2E42, 0x0E3A, 0xED39, 0xEC39,
    0xDAFE, 0xFAFE, 0x1AFF, 0x1AFF, 0x1BFF, 0x3BFF, 0x3BFF, 0x3BFF, 0x3BFF, 0x3BFF, 0x3BFF, 0x5BFF, 0x5BFF, 0x5BFF, 0x5BFF, 0x5BFF,
    0x5BFF, 0x5BFF, 0x5BFF, 0x5BFF, 0x5BFF, 0x3BFF, 0x3BFF, 0x3BFF, 0x1BFF, 0x79DE, 0x6C31, 0x4F42, 0x7042, 0x5042, 0x5042, 0x5042,
    0x5042, 0x5042, 0x7042, 0x5042, 0x5042, 0x7042, 0x5042, 0x7042, 0x7042, 0x7042, 0x7042, 0x7042, 0x7042, 0x7042, 0x7042, 0x7042,
    0x8F42, 0x7042, 0x9042, 0x904A, 0x904A, 0x7042, 0x7042, 0x4F42, 0x2E42, 0xED39, 0xED39, 0xCC29, 0xC528, 0x2FCC, 0x0FD4, 0xEECB,
    0xCECB, 0xCEC3, 0x8EC3, 0x6DC3, 0x0CBB, 0x0BB3, 0x0BB3, 0x6DC3, 0xAEC3, 0xEFC3, 0x30CC, 0x91D4, 0x91DC, 0xD1E4, 0x2EC4, 0xCE72,
    0xEE31, 0x1032, 0x8C29, 0xCD31, 0x0E3A, 0xAC31, 0x2F42, 0xCD31, 0x4A19, 0x6931, 0xA849, 0x2972, 0xA98A, 0xA992, 0xA98A, 0x6972,
    0x2A5A, 0x0D42, 0xCE29, 0x5032, 0x2B11, 0x8D21, 0x9242, 0x0719, 0x6208, 0x0721, 0x0719, 0x0719, 0xE720, 0xAC31, 0x0E3A, 0xED39,
    0x904A, 0x7042, 0x704A, 0x704A, 0x5042, 0x5042, 0x5042, 0x5042, 0x7042, 0x7042, 0x7042, 0x7042, 0x904A, 0x8D29, 0x108C, 0x31AC,
    0x8E31, 0xEF39, 0x3042, 0x5042, 0x7042, 0x5042, 0x4F42, 0x4F42, 0x4F42, 0x4F42, 0x4F42, 0x4F42, 0x4F42, 0x4F4A, 0x4F42, 0x4F42,
    0x2F42, 0x4F42, 0x4F42, 0x4F42, 0x4F42, 0x2E42, 0x4E42, 0x4E42, 0x2E42, 0x2E42, 0x2E42, 0x2E42, 0x0D3A, 0x0D3A, 0xED39, 0xCC39,
    0xDAFE, 0xDAFE, 0xFAFE, 0x1AFF, 0x3BFF, 0x3BFF, 0x3BFF, 0x3BFF, 0x3BFF, 0x3BFF, 0x5BFF, 0x5BFF, 0x5BFF, 0x5BFF, 0x5BFF, 0x5BFF,
    0x5BFF, 0x5BFF, 0x5BFF, 0x5BFF, 0x5BFF, 0x3BFF, 0x3BFF, 0x3BFF, 0x3BFF, 0x55BD, 0xEE39, 0x5042, 0x5042, 0x5042, 0x5042, 0x7042,
    0x7042, 0x7042, 0x7042, 0x7042, 0x7042, 0x5042, 0x5042, 0x7042, 0x5042, 0x7042, 0x7042, 0x7042, 0x7042, 0x7042, 0x7042, 0x8F42,
    0x8E42, 0x7042, 0x7042, 0x7042, 0x7042, 0x7042, 0x704A, 0x914A, 0x904A, 0x9142, 0x9142, 0x0929, 0x6CBB, 0xD2E4, 0x30CC, 0x0FCC,
    0x0FCC, 0x0FCC, 0x0FCC, 0x0FC4, 0x0FCC, 0x0FCC, 0xEECB, 0xAEC3, 0x8DC3, 0xADC3, 0x2BA3, 0xCA92, 0x8CAB, 0x0C83, 0x4B19, 0xD019,
    0x733A, 0x6B29, 0x8B31, 0xAD39, 0xCD39, 0x914A, 0x0F32, 0x6931, 0x2862, 0xC88A, 0x2AA3, 0x2BA3, 0xEA9A, 0x0A9B, 0xEB9A, 0x0BA3,
    0xEAA2, 0xA98A, 0x096A, 0x2A5A, 0x6841, 0x2C52, 0x0C4A, 0x2819, 0xA410, 0xE718, 0xE718, 0x0719, 0xE720, 0x6B29, 0xCD31, 0x2F42,
    0x9042, 0x7042, 0x7042, 0x7042, 0x5042, 0x5042, 0x7042, 0x7042, 0x7042, 0x7042, 0x7042, 0x5042, 0x704A, 0x704A, 0xEF39, 0x11AD,
    0xF1B4, 0xD17B, 0x1063, 0xB052, 0x704A, 0x5042, 0x4F42, 0x4F42, 0x4F42, 0x6F42, 0x6F42, 0x4F42, 0x4F42, 0x4F42, 0x6F42, 0x4F42,
    0x2F42, 0x2F42, 0x4F42, 0x4F42, 0x4F42, 0x4E42, 0x4E42, 0x2E42, 0x2E42, 0x2E42, 0x2E42, 0x2D42, 0x0D3A, 0x0D3A, 0xED39, 0xCC31,
    0xD9FE, 0xDAFE, 0xFAFE, 0x1AFF, 0x1BFF, 0x1BFF, 0x3BFF, 0x3BFF, 0x3CFF, 0x3CFF, 0x5CFF, 0x5CFF, 0x3BFF, 0x3BFF, 0x5BFF, 0x5BFF,
    0x5BFF, 0x5BFF, 0x5BFF, 0x5BFF, 0x3BFF, 0x3BFF, 0x3BFF, 0x3BFF, 0x5CFF, 0xF28B, 0x5042, 0x704A, 0x5042, 0x5042, 0x5042, 0x7042,
    0x7042, 0x7042, 0x7042, 0x7042, 0x7042, 0x5042, 0x7042, 0x7042, 0x5042, 0x7042, 0x7042, 0x7042, 0x7042, 0x7042, 0x7042, 0x7042,
    0x6F42, 0x7042, 0x7042, 0x5042, 0x7042, 0x7042, 0x7042, 0x914A, 0x914A, 0xB14A, 0x2929, 0x2661, 0xD1EC, 0x50CC, 0x50D4, 0x50CC,
    0x2FCC, 0x50CC, 0x4FCC, 0x4FCC, 0x4FCC, 0x4FCC, 0x4FCC, 0x50CC, 0x4FCC, 0x4FCC, 0x0ECC, 0x8DBB, 0xADB3, 0xEB8A, 0x6C6A, 0x8D6A,
    0x6E52, 0x8B31, 0x6B21, 0xCE31, 0x703A, 0xED39, 0x095A, 0xAA8A, 0x6CAB, 0x4CAB, 0x2B9B, 0x0A93, 0x0A93, 0xE992, 0xEA92, 0xEB9A,
    0xEB9A, 0x2BAB, 0x6BAB, 0x2BAB, 0x4BAB, 0x2AA3, 0xC99A, 0x696A, 0xC418, 0xE718, 0x0719, 0x0719, 0xE720, 0x8B29, 0xAC29, 0x7042,
    0x7042, 0x5042, 0x5042, 0x5042, 0x5042, 0x7042, 0x7042, 0x7042, 0x7042, 0x7042, 0x5042, 0x5042, 0x7042, 0x704A, 0x5042, 0xCE31,
    0x5094, 0xF1AC, 0xD1A4, 0x4E7B, 0x704A, 0x5042, 0x4F42, 0x4F42, 0x4F42, 0x4F42, 0x4F42, 0x4F42, 0x4F42, 0x4F42, 0x4F42, 0x4F42,
    0x4F42, 0x4F42, 0x4F42, 0x4F42, 0x4F42, 0x2E42, 0x2E42, 0x2E42, 0x2E42, 0x2E42, 0x2E42, 0x0E3A, 0x0D3A, 0xED39, 0xCC31, 0xCC31,
    0xB9FE, 0xDAFE, 0xFAFE, 0x1AFF, 0x1BFF, 0x1BFF, 0x3BFF, 0x3BFF, 0x3BFF, 0x3BFF, 0x3BFF, 0x5CFF, 0x5BFF, 0x5BFF, 0x3BFF, 0x5BFF,
    0x5BFF, 0x5BFF, 0x5BFF, 0x5BFF, 0x3BFF, 0x3BFF, 0x3BFF, 0x1BFF, 0xBDFF, 0x4D4A, 0x5042, 0x5042, 0x5042, 0x7042, 0x7042, 0x5042,
    0x5042, 0x7042, 0x7042, 0x7042, 0x7042, 0x7042, 0x7042, 0x7042, 0x7042, 0x7042, 0x7042, 0x7042, 0x8F42, 0x7042, 0x7042, 0x7042,
    0x5042, 0x7042, 0x7042, 0x7042, 0x9042, 0x914A, 0x914A, 0x7042, 0x4F42, 0x0E3A, 0x6A39, 0x6CBB, 0x70C4, 0x4FD4, 0x4FD4, 0x4FCC,
    0x4FCC, 0x4FCC, 0x70CC, 0x70CC, 0x4FCC, 0x4FCC, 0x4FCC, 0x50CC, 0x50CC, 0x50CC, 0x4FCC, 0x70D4, 0x70D4, 0x90E4, 0xAFE4, 0x6FD4,
    0x2ECC, 0xEEBB, 0xCFB3, 0xEC72, 0x0A52, 0x2872, 0xEA9A, 0x0B9B, 0x4CA3, 0x8DA3, 0x4C9B, 0x2B93, 0x2B9B, 0x0A9B, 0xEA9A, 0xEBA2,
    0x4CA3, 0x8982, 0xA982, 0x4BA3, 0x4BA3, 0x2B9B, 0x2B9B, 0x4CAB, 0xAA8A, 0xC618, 0x0721, 0x0719, 0xE720, 0x6B29, 0x0E3A, 0x7042,
    0x5042, 0x5042, 0x7042, 0x7042, 0x7042, 0x7042, 0x7042, 0x7042, 0x7042, 0x7042, 0x7042, 0x7042, 0x7042, 0x7042, 0x6F42, 0x5042,
    0xAE29, 0xAD29, 0x2F42, 0x4F4A, 0x704A, 0x5042, 0x5042, 0x4F42, 0x4F42, 0x4F42, 0x4F42, 0x4F42, 0x4F42, 0x4F42, 0x4F42, 0x4F42,
    0x4F42, 0x4E42, 0x4E42, 0x4E42, 0x4E42, 0x2E42, 0x2E42, 0x2E42, 0x2E42, 0x0E42, 0x0E3A, 0x0D3A, 0xED39, 0xEC39, 0xCC31, 0xAB31,
    0xB9FE, 0xDAFE, 0xFAFE, 0xFBFE, 0x1BFF, 0x1BFF, 0x3BFF, 0x3BFF, 0x3BFF, 0x3BFF, 0x3BFF, 0x5BFF, 0x5BFF, 0x3BFF, 0x3BFF, 0x3BFF,
    0x3BFF, 0x3BFF, 0x3BFF, 0x5BFF, 0x3BFF, 0x3BFF, 0x1BFF, 0x1BFF, 0xFAF6, 0x8C31, 0x704A, 0x7042, 0x7042, 0x7042, 0x7042, 0x7042,
    0x7042, 0x7042, 0x7042, 0x7042, 0x7042, 0x7042, 0x7042, 0x7042, 0x7042, 0x7042, 0x7042, 0x704A, 0x9042, 0x9042, 0x7042, 0x704A,
    0x714A, 0x914A, 0x914A, 0x5042, 0x0F3A, 0x0E3A, 0xED39, 0xAC31, 0xAB31, 0xCC31, 0x8E6A, 0x50D4, 0x4FCC, 0x50CC, 0x4FCC, 0x4FCC,
    0x4FCC, 0x4FCC, 0x70CC, 0x70CC, 0x4FCC, 0x4FCC, 0x4FCC, 0x50CC, 0x50CC, 0x4FCC, 0x2FCC, 0x2FCC, 0x2FCC, 0x30CC, 0x4FCC, 0x71D4,
    0xD1E4, 0xF1EC, 0x6CB3, 0xA892, 0x2BA3, 0xEEB3, 0x0FB4, 0x50BC, 0x90C4, 0x90C4, 0x0FAC, 0x8DA3, 0x4B9B, 0x2B9B, 0x2B9B, 0x899A,
    0xCB92, 0x0B93, 0x2C9B, 0xEA8A, 0x2BA3, 0x4BA3, 0x4CA3, 0x0B9B, 0xADBB, 0xA510, 0x0721, 0x0721, 0xE820, 0x8B31, 0x4F3A, 0x5042,
    0x5042, 0x7042, 0x7042, 0x7042, 0x7042, 0x7042, 0x7042, 0x7042, 0x7042, 0x7042, 0x7042, 0x7042, 0x7042, 0x7042, 0x7042, 0x6F42,
    0x4F42, 0x4F42, 0x5042, 0x5042, 0x4F4A, 0x5042, 0x5042, 0x5042, 0x4F42, 0x504A, 0x4F42, 0x4F42, 0x4F42, 0x2E42, 0x4F42, 0x4F42,
    0x4F42, 0x4F42, 0x6E42, 0x4E42, 0x4E42, 0x4E42, 0x4F42, 0x2E42, 0x2E42, 0x0D3A, 0x0D3A, 0x0D3A, 0xED39, 0xCC39, 0xCC31, 0xAB31,
    0xB9FE, 0xDAFE, 0xDAFE, 0xFAFE, 0x1AFF, 0x1BFF, 0x3BFF, 0x3BFF, 0x3BFF, 0x3BFF, 0x3BFF, 0x3BFF, 0x3BFF, 0x3BFF, 0x3BFF, 0x3BFF,
    0x3BFF, 0x3BFF, 0x3BFF, 0x3BFF, 0x5BFF, 0x3BFF, 0x1BFF, 0x5BFF, 0x919C, 0x5042, 0x704A, 0x7042, 0x7042, 0x5042, 0x7042, 0x7042,
    0x704A, 0x7042, 0x7042, 0x7042, 0x714A, 0x7142, 0x9142, 0x9142, 0x914A, 0x904A, 0x914A, 0x914A, 0x704A, 0x5042, 0x2F42, 0x2F3A,
    0x0D3A, 0xED31, 0xCC31, 0xAC31, 0xAB29, 0xCC31, 0xEC31, 0x0D3A, 0x2F42, 0x9042, 0xAE72, 0x2FD4, 0x2FCC, 0x50CC, 0x4FCC, 0x4FCC,
    0x4FCC, 0x70CC, 0x70CC, 0x70CC, 0x4FCC, 0x4FCC, 0x4FCC, 0x50CC, 0x4FCC, 0x2FCC, 0x30CC, 0x30CC, 0x30CC, 0x2FCC, 0x6FCC, 0xB1EC,
    0x2FB4, 0x8A7A, 0x697A, 0x6CA3, 0x8DAB, 0x0FB4, 0x33CD, 0x33CD, 0x32CD, 0x12CD, 0xF1CC, 0x70BC, 0xEEAB, 0x8DAB, 0x6CA3, 0xCAA2,
    0x298A, 0x34F5, 0x13ED, 0x50CC, 0xCA7A, 0x2872, 0xEB9A, 0x8DB3, 0xEA82, 0xC618, 0x0721, 0x0721, 0x0821, 0xAC31, 0x7042, 0x5042,
    0x7042, 0x6F42, 0x7042, 0x7042, 0x7042, 0x7042, 0x6F42, 0x7042, 0x7042, 0x7042, 0x7042, 0x704A, 0x704A, 0x704A, 0x7042, 0x7042,
    0x7042, 0x7042, 0x7042, 0x7042, 0x704A, 0x4F4A, 0x4F42, 0x5042, 0x4F4A, 0x504A, 0x4F42, 0x4F42, 0x4F42, 0x4F42, 0x4F42, 0x4F42,
    0x4F42, 0x6F42, 0x4E42, 0x4E42, 0x2E42, 0x2E42, 0x4E42, 0x2E42, 0x2E42, 0x0D3A, 0xED39, 0xED39, 0xEC39, 0xCC31, 0xAB31, 0x8B31,
    0xB9F6, 0xD9FE, 0xFAFE, 0xFAFE, 0xFAFE, 0x1AFF, 0x1BFF, 0x3BFF, 0x3BFF, 0x3BFF, 0x3BFF, 0x3BFF, 0x3BFF, 0x3BFF, 0x3BFF, 0x3BFF,
    0x3BFF, 0x3BFF, 0x3BFF, 0x3BFF, 0x3BFF, 0x3BFF, 0x1CFF, 0x5BFF, 0x2E63, 0x914A, 0x714A, 0x914A, 0x704A, 0x704A, 0x704A, 0x704A,
    0x7042, 0x7042, 0x7042, 0x7042, 0x7042, 0x2F3A, 0x0E3A, 0x0E3A, 0x0E3A, 0x0D3A, 0xED39, 0xCD39, 0xCC31, 0xCC31, 0xCC31, 0xEC31,
    0x0C32, 0x0D32, 0x0D3A, 0x2E3A, 0x4F42, 0x6F42, 0x6F42, 0x7042, 0x914A, 0xD252, 0x6E5A, 0xAECB, 0x2FCC, 0x4FCC, 0x4FCC, 0x4FCC,
    0x4FCC, 0x50CC, 0x50CC, 0x50CC, 0x50CC, 0x50CC, 0x50CC, 0x50CC, 0x50CC, 0x2FCC, 0x30CC, 0x2FCC, 0x4FD4, 0x91DC, 0x4FCC, 0xEA82,
    0x2872, 0x6982, 0x4CA3, 0x8D9B, 0xAEA3, 0x0FAC, 0xD2C4, 0xF2C4, 0xF2C4, 0x12C5, 0xF2C4, 0xF2C4, 0x91BC, 0xEFB3, 0xCEAB, 0xAEAB,
    0xCA92, 0xCFC3, 0xB5FD, 0x1AFF, 0xB5C5, 0xD5BD, 0xC318, 0xA741, 0xC739, 0x0721, 0x0721, 0x0719, 0x0719, 0x2F42, 0x704A, 0x5042,
    0x7042, 0x7042, 0x5042, 0x5042, 0x5042, 0x5042, 0x5042, 0x7042, 0x7042, 0x7042, 0x7042, 0x7042, 0x6F42, 0x7042, 0x7042, 0x704A,
    0x704A, 0x704A, 0x704A, 0x704A, 0x704A, 0x6F4A, 0x4F42, 0x4F42, 0x4F42, 0x4F42, 0x4F42, 0x4F42, 0x4F42, 0x4F42, 0x4F42, 0x4F42,
    0x6F42, 0x4F42, 0x4E42, 0x2F42, 0x2E42, 0x2E42, 0x2E3A, 0x2E3A, 0x2D42, 0x0E3A, 0xED39, 0xED39, 0xCC39, 0xAB31, 0xAB31, 0x8A31,
    0xB9F6, 0xB9F6, 0xDAFE, 0xDAFE, 0xFAFE, 0xFAFE, 0x1BFF, 0x1BFF, 0x1BFF, 0x3BFF, 0x3BFF, 0x3BFF, 0x3BFF, 0x3BFF, 0x3BFF, 0x3BFF,
    0x3BFF, 0x3BFF, 0x3BFF, 0x3BFF, 0x1BFF, 0x1BFF, 0x1BFF, 0xB9F6, 0xCF5A, 0x3042, 0x0E3A, 0xEE39, 0xEE39, 0xCD39, 0xCD39, 0xCD39,
    0xCD31, 0xCD31, 0xED31, 0xED31, 0xED31, 0xCD31, 0xCD39, 0xED39, 0xED39, 0x0D3A, 0x0E3A, 0x0E3A, 0x2F42, 0x4F42, 0x7042, 0x704A,
    0x904A, 0x9042, 0x7042, 0x4F42, 0x2E3A, 0x4F42, 0x6F42, 0x4F42, 0x2E3A, 0xAC31, 0x4929, 0x8AA2, 0x70DC, 0x4FD4, 0x4FCC, 0x4FCC,
    0x4FCC, 0x2FCC, 0x2FCC, 0x2FCC, 0x30CC, 0x30CC, 0x50CC, 0x50CC, 0x30CC, 0x50CC, 0x71DC, 0x91DC, 0x70D4, 0x8DAB, 0x0862, 0xC761,
    0xCBA2, 0x0C9B, 0x2C93, 0x8DA3, 0x0FAC, 0x91BC, 0xF2C4, 0xF2C4, 0xF2C4, 0xF2C4, 0xF2C4, 0xF2C4, 0xF2C4, 0xB1C4, 0x2FB4, 0xEFB3,
    0xEFB3, 0xE769, 0xD2DC, 0xBDFF, 0x9CF7, 0xFDFF, 0x6C6B, 0x0000, 0x2300, 0x6408, 0xE718, 0x0719, 0x4A21, 0x9152, 0x704A, 0x704A,
    0x7042, 0x7042, 0x5042, 0x5042, 0x5042, 0x7042, 0x5042, 0x5042, 0x4F42, 0x4F42, 0x4F42, 0x4F42, 0x6F42, 0x6F42, 0x704A, 0x704A,
    0x704A, 0x704A, 0x704A, 0x7042, 0x6F4A, 0x6F4A, 0x4F42, 0x4F42, 0x4F42, 0x4F42, 0x4F42, 0x4F42, 0x4F42, 0x4F42, 0x4F42, 0x4F42,
    0x4F4A, 0x4F42, 0x4F42, 0x2E42, 0x2E42, 0x2E42, 0x0E3A, 0x0D3A, 0x0D3A, 0x0D3A, 0xED39, 0xEC39, 0xCC31, 0xAB31, 0x8B31, 0x8A31,
    0x99F6, 0xB9F6, 0xD9F6, 0xDAFE, 0xDAFE, 0xDAFE, 0xFAFE, 0x1BFF, 0x1BFF, 0x1BFF, 0x1BFF, 0x3BFF, 0x1BFF, 0x1BFF, 0x3BFF, 0x3BFF,
    0x1BFF, 0x1BFF, 0x3BFF, 0x1BFF, 0x1BFF, 0x1BFF, 0xFBFE, 0x37DE, 0xCB39, 0xAC31, 0xAC31, 0xAC31, 0xAC31, 0xCD31, 0xED31, 0xED39,
    0x0E3A, 0x0F3A, 0x2F42, 0x2F42, 0x4F42, 0x5042, 0x7042, 0x9142, 0x914A, 0x914A, 0x9142, 0x7142, 0x704A, 0x7042, 0x7042, 0x7042,
    0x7042, 0x7042, 0x9042, 0x914A, 0x904A, 0x2E3A, 0xEC31, 0x4A29, 0xE718, 0xE718, 0x6B29, 0xEA41, 0x2EBB, 0x0EDC, 0x90E4, 0x8FDC,
    0x70DC, 0x70DC, 0x50D4, 0x2FD4, 0x50D4, 0x70D4, 0x91D4, 0x91DC, 0x91DC, 0x50CC, 0xADB3, 0x8DAB, 0xEB92, 0x697A, 0x8982, 0x2BAB,
    0xEB92, 0x0B93, 0x8DA3, 0x2FB4, 0xB1C4, 0xF2C4, 0xF2C4, 0xF2C4, 0xF2C4, 0xF2C4, 0xF2C4, 0x12C5, 0xF2C4, 0x12C5, 0x12C5, 0xD1C4,
    0x90BC, 0xCEA3, 0x898A, 0x4FBC, 0x93CD, 0xCD9B, 0x6D93, 0xA649, 0x4531, 0x4631, 0x0721, 0xA608, 0x8C21, 0x513A, 0x9142, 0x704A,
    0x7042, 0x7042, 0x7042, 0x7042, 0x704A, 0x704A, 0x5042, 0x5042, 0x4F42, 0x4F42, 0x4F42, 0x4F42, 0x6F42, 0x6F42, 0x6F42, 0x704A,
    0x704A, 0x704A, 0x704A, 0x704A, 0x6F4A, 0x4F42, 0x4F42, 0x4F42, 0x4F42, 0x4F42, 0x4F42, 0x4F42, 0x4F42, 0x4F42, 0x4F42, 0x4F42,
    0x4F42, 0x4F42, 0x4E42, 0x2E42, 0x2E42, 0x2D42, 0x0D3A, 0x0D3A, 0x0D3A, 0x0C3A, 0xEC39, 0xEC31, 0xAB31, 0xAB31, 0x8B29, 0x8A29,
    0x78F6, 0x99F6, 0xD9F6, 0xD9F6, 0xDAFE, 0xDAFE, 0xDAFE, 0xFAFE, 0xFAFE, 0xFAFE, 0x1BFF, 0x1BFF, 0x1BFF, 0x1BFF, 0x3BFF, 0x3BFF,
    0x1BFF, 0x1BFF, 0x1BFF, 0xFAFE, 0x1BFF, 0x1AFF, 0xFAFE, 0xB7BD, 0xED39, 0x4F42, 0x4F42, 0x5042, 0x7042, 0x7042, 0x7042, 0x904A,
    0x914A, 0xB14A, 0x904A, 0x704A, 0x704A, 0x714A, 0x5042, 0x703A, 0x7042, 0x4F42, 0x5042, 0x7042, 0x6F42, 0x7042, 0x914A, 0xB14A,
    0x914A, 0x7042, 0x4F42, 0x0D3A, 0x8B29, 0xE818, 0x0921, 0x4A29, 0xAB31, 0x2E3A, 0x7042, 0xB23A, 0x2F42, 0xCB59, 0x6B82, 0x10BC,
    0x0FBC, 0x0FBC, 0xEEC3, 0x30CC, 0x0FC4, 0xAEB3, 0x8DAB, 0xCDAB, 0x0A8B, 0x0B93, 0x8982, 0x8982, 0xCA8A, 0x2BA3, 0x0B9B, 0x0B9B,
    0xEA92, 0x4C9B, 0x4FB4, 0xD1C4, 0xF2C4, 0xF2C4, 0xF2C4, 0xF2C4, 0x12C5, 0x12C5, 0x12C5, 0xF2C4, 0x12C5, 0xF2C4, 0x12C5, 0x12C5,
    0x12CD, 0x12CD, 0x91C4, 0x4CA3, 0xEBA2, 0xAA92, 0x0BA3, 0xADB3, 0x6CAB, 0x4CA3, 0xEB8A, 0x4972, 0x6A6A, 0x4D52, 0x2D42, 0x7042,
    0x704A, 0x7042, 0x7042, 0x7042, 0x7042, 0x7042, 0x7042, 0x4F42, 0x4F42, 0x4F42, 0x4F42, 0x6F42, 0x6F42, 0x6F42, 0x7042, 0x7042,
    0x7042, 0x6F42, 0x4F4A, 0x4F4A, 0x7042, 0x7042, 0x5042, 0x4F42, 0x4F42, 0x4F42, 0x4F4A, 0x4F4A, 0x4F42, 0x4F42, 0x4F42, 0x4E42,
    0x4E42, 0x4E42, 0x2E42, 0x2D3A, 0x0D3A, 0x0D3A, 0xED39, 0xED39, 0xEC39, 0xEC39, 0xEC39, 0xCB31, 0xAB31, 0xAA29, 0x8A29, 0x8A29,
    0x78F6, 0x99F6, 0xB9F6, 0xD9F6, 0xB9F6, 0xB9FE, 0xDAFE, 0xDAFE, 0xDAFE, 0xFAFE, 0xFAFE, 0xFAFE, 0xFAFE, 0xFAFE, 0x1AFF, 0x1BFF,
    0x1BFF, 0xFAFE, 0xFAFE, 0xFAFE, 0xFAFE, 0xFAFE, 0x3AFF, 0x1284, 0x4F42, 0x7042, 0x7042, 0x7042, 0x7042, 0x7042, 0x7042, 0x904A,
    0x904A, 0x904A, 0x7042, 0x5042, 0x2F42, 0x2F42, 0x2F42, 0x4F42, 0x4F42, 0x5042, 0x5042, 0x914A, 0xB252, 0x914A, 0x7042, 0x0D3A,
    0xAB29, 0x4921, 0x0819, 0x2921, 0x4A29, 0xED31, 0x4F3A, 0x7042, 0x7142, 0x9242, 0x713A, 0x303A, 0x2F32, 0x4C19, 0x4B21, 0xEC41,
    0x0A4A, 0x0952, 0xC759, 0x286A, 0x286A, 0x4872, 0x897A, 0xA87A, 0x687A, 0xA98A, 0xEA9A, 0x0B9B, 0x0B93, 0x0B93, 0x2B9B, 0x4B9B,
    0x8CA3, 0x50B4, 0xD1BC, 0xF2C4, 0xF2C4, 0xF2C4, 0xF2C4, 0xF2C4, 0x12C5, 0x12C5, 0xF2C4, 0xF2C4, 0xF2C4, 0xF2C4, 0xF2C4, 0xF2C4,
    0xF2C4, 0x12C5, 0x33C5, 0xF2CC, 0xD2CC, 0xF2CC, 0x4FBC, 0x4CA3, 0x6DA3, 0x6CA3, 0x6CA3, 0x8CB3, 0x6CAB, 0x2A9B, 0xEA92, 0x2B52,
    0x303A, 0x704A, 0x704A, 0x7042, 0x7042, 0x5042, 0x7042, 0x4F42, 0x4F42, 0x4F42, 0x4F42, 0x7042, 0x704A, 0x7042, 0x7042, 0x7042,
    0x7042, 0x4F42, 0x4F42, 0x4F42, 0x7042, 0x5042, 0x4F42, 0x4F42, 0x4F42, 0x4F42, 0x4F4A, 0x4F4A, 0x4F4A, 0x4F4A, 0x4E42, 0x2E42,
    0x2E42, 0x2E42, 0x0E42, 0x0D3A, 0xED39, 0xED39, 0xCC31, 0xCC31, 0xAC31, 0xAC31, 0xCC31, 0xAB31, 0x8B31, 0x8B31, 0x8A31, 0x6929,
    0x58F6, 0x78F6, 0x99F6, 0xB9F6, 0xB9F6, 0xB9F6, 0xD9FE, 0xDAFE, 0xDAF6, 0xFAFE, 0xDAFE, 0xDAFE, 0xDAFE, 0xDAFE, 0xFAFE, 0xDAFE,
    0xDAFE, 0xFAFE, 0xDAFE, 0xFAFE, 0xDAFE, 0xFAFE, 0x7BFF, 0x8D52, 0x7042, 0x7042, 0x7042, 0x904A, 0x904A, 0x9042, 0x5042, 0x2F42,
    0x0F3A, 0x0E3A, 0xEE39, 0xEE39, 0x0E3A, 0x2F42, 0x7042, 0x714A, 0x7142, 0x914A, 0x9142, 0x503A, 0x0E3A, 0xAC29, 0x2A21, 0xE910,
    0x0919, 0x6A21, 0xAD29, 0x0F3A, 0x503A, 0x503A, 0x4F3A, 0x4E3A, 0x4E42, 0x6D4A, 0xCA49, 0xC951, 0x296A, 0x4A7A, 0x6A7A, 0x8A7A,
    0xAA82, 0xCA8A, 0xAA8A, 0x6882, 0xA98A, 0x0B9B, 0x2BA3, 0x2B9B, 0x0B9B, 0x0B9B, 0x2B9B, 0x4B9B, 0x2B9B, 0x2B93, 0x6C9B, 0xCDAB,
    0x70BC, 0xD2C4, 0xF2C4, 0xF2C4, 0xF2C4, 0xF2C4, 0xF2C4, 0xF2C4, 0xF2C4, 0xF2C4, 0xF2C4, 0xF2C4, 0xF2C4, 0xF2C4, 0xF2C4, 0xF2C4,
    0xF2C4, 0xF2C4, 0x12C5, 0x32C5, 0x32C5, 0x53CD, 0x12CD, 0xEFB3, 0xEEBB, 0xEEB3, 0xADAB, 0x2B9B, 0x0B9B, 0x2B9B, 0x4CAB, 0x276A,
    0x2C4A, 0x714A, 0x704A, 0x7042, 0x7042, 0x7042, 0x5042, 0x5042, 0x5042, 0x5042, 0x5042, 0x5042, 0x7042, 0x7042, 0x7042, 0x5042,
    0x5042, 0x4F42, 0x4F42, 0x4F42, 0x4F42, 0x4F42, 0x4F42, 0x4F42, 0x4F42, 0x4F42, 0x4F42, 0x4F42, 0x4F4A, 0x4F42, 0x2E42, 0x0E42,
    0x0E3A, 0x0E42, 0x0D3A, 0xED39, 0xCC39, 0xCC39, 0xCC31, 0xCC31, 0xCB31, 0xAC31, 0xAC31, 0x8B31, 0x6A31, 0x4829, 0x2721, 0xE618,
    0x57F6, 0x58F6, 0x78F6, 0x98F6, 0x99F6, 0xB9FE, 0xB9FE, 0xB9FE, 0xD9FE, 0xDAFE, 0xD9FE, 0xDAFE, 0xDAFE, 0xDAFE, 0xDAFE, 0xDAFE,
    0xDAFE, 0xDAFE, 0xDAFE, 0xDAFE, 0xDAFE, 0xD9FE, 0x3AFF, 0x4E42, 0xB14A, 0x914A, 0x7042, 0x2E42, 0x0E3A, 0xAD31, 0xCD39, 0xCD39,
    0xEE39, 0x0F3A, 0x2F42, 0x2F42, 0x5042, 0x714A, 0x924A, 0x7142, 0x2F32, 0xCD29, 0x4B19, 0x2A11, 0x2911, 0xC708, 0x6929, 0xEC41,
    0x2C4A, 0x6D5A, 0x6C5A, 0x6C5A, 0x4A5A, 0x496A, 0xAA7A, 0xCA82, 0xEA8A, 0xEA92, 0xEA9A, 0x0AA3, 0x4BA3, 0x4BA3, 0x4CA3, 0x2B9B,
    0x2C9B, 0x2B9B, 0x2B9B, 0x4C9B, 0x4CA3, 0x2C9B, 0x2C9B, 0x2C9B, 0x2B9B, 0x4B9B, 0x4B9B, 0x4B9B, 0x4C9B, 0xADA3, 0x4FB4, 0xD1C4,
    0xD2C4, 0xD2C4, 0xF2CC, 0xF2C4, 0x12CD, 0x12CD, 0xF2C4, 0xF2C4, 0xF2C4, 0xD2C4, 0xF2C4, 0xF2C4, 0xF2C4, 0xF2C4, 0xF2C4, 0xF2C4,
    0xF2C4, 0x12CD, 0xF2C4, 0xF2C4, 0xF2C4, 0x70C4, 0xEB9A, 0xA992, 0x4882, 0x4D9B, 0x2B93, 0x4C9B, 0x2C9B, 0x2C9B, 0x4CAB, 0xAA8A,
    0x4A52, 0x704A, 0x7142, 0x7042, 0x7042, 0x704A, 0x5042, 0x5042, 0x5042, 0x5042, 0x5042, 0x5042, 0x5042, 0x5042, 0x5042, 0x4F42,
    0x4F42, 0x4F42, 0x4F42, 0x4F42, 0x6F42, 0x6F42, 0x4F42, 0x4F42, 0x4F42, 0x4F42, 0x4F42, 0x4F42, 0x2F42, 0x2E42, 0x0E42, 0x0E42,
    0x0D3A, 0x0D3A, 0x0D3A, 0xED39, 0xED39, 0xCC39, 0xAB39, 0x8B31, 0x6A29, 0x6929, 0x4829, 0x0721, 0x0721, 0x0621, 0xE620, 0xE720,
    0x17F6, 0x38F6, 0x58F6, 0x78F6, 0x78F6, 0x99FE, 0x99FE, 0xB9FE, 0xB9FE, 0xB9FE, 0xD9FE, 0xDAFE, 0xDAFE, 0xDAFE, 0xDAFE, 0xDAFE,
    0xDAFE, 0xDAFE, 0xDAFE, 0xDAFE, 0xD9FE, 0xFAFE, 0xD3B4, 0xEE31, 0x0E3A, 0xCD31, 0xAD31, 0xAD31, 0xED39, 0xEE39, 0x5042, 0x7042,
    0x904A, 0x9042, 0x7042, 0x713A, 0x513A, 0x3132, 0xCD29, 0x6B21, 0x6929, 0x6831, 0xC849, 0x6A62, 0xEB72, 0x6972, 0x2B93, 0x4B9B,
    0x2A9B, 0xE99A, 0x099B, 0x2AA3, 0x6AA3, 0x8BAB, 0x6BAB, 0x6CA3, 0x4BA3, 0x2BA3, 0x4B9B, 0x2B9B, 0x2B9B, 0x4C9B, 0x4C9B, 0x2C9B,
    0x4C9B, 0x4C9B, 0x4C9B, 0x4CA3, 0x4C9B, 0x4C9B, 0x4CA3, 0x2B9B, 0x2B9B, 0x4B9B, 0x6C9B, 0x8CA3, 0x0EB4, 0xD1C4, 0x12CD, 0x12C5,
    0x12C5, 0x12CD, 0xF2CC, 0xF2C4, 0xF2C4, 0x12C5, 0x12C5, 0xF2C4, 0xF2C4, 0xF1C4, 0xF1C4, 0xF2C4, 0xF2C4, 0xF2C4, 0xF2C4, 0xF2C4,
    0xF2C4, 0xD1C4, 0x50B4, 0x0FB4, 0x8DB3, 0x4992, 0x8DB3, 0xECAA, 0x4E8B, 0xE618, 0x2762, 0x8CB3, 0x0EC4, 0x0FC4, 0xADAB, 0x2C83,
    0xCC39, 0x704A, 0x904A, 0x904A, 0x904A, 0x914A, 0x704A, 0x7042, 0x5042, 0x5042, 0x5042, 0x5042, 0x4F42, 0x5042, 0x5042, 0x4F42,
    0x4F42, 0x4F42, 0x4F42, 0x4F42, 0x6F42, 0x6F42, 0x4F42, 0x4E42, 0x4E42, 0x4F42, 0x4F42, 0x4F42, 0x4F4A, 0x4F42, 0x2E42, 0x0E3A,
    0xED39, 0xCC31, 0xAB31, 0xAB31, 0x8A31, 0x4929, 0x6929, 0x2821, 0x0721, 0xE620, 0x0721, 0x0621, 0x2721, 0x2721, 0x0721, 0x0621,
    0xF7ED, 0x17EE, 0x37F6, 0x78EE, 0x78F6, 0x78F6, 0x99F6, 0x99F6, 0xB9F6, 0xB9FE, 0xD9F6, 0xD9FE, 0xDAFE, 0xDAFE, 0xDAFE, 0xBAFE,
    0xBAFE, 0xBAFE, 0xB9FE, 0xB9FE, 0xB9FE, 0x3BFF, 0x2A4A, 0x8D31, 0xAD31, 0xED39, 0x2F42, 0x7042, 0x904A, 0x904A, 0x9042, 0x9042,
    0x9142, 0x9142, 0x303A, 0x2F42, 0x4D52, 0x8C62, 0x8A72, 0xCA82, 0x0B93, 0x4BA3, 0x8CAB, 0x8CAB, 0x8CB3, 0xACB3, 0x4BA3, 0x4BA3,
    0x4BA3, 0x2B9B, 0x2B9B, 0x4B9B, 0x4B9B, 0x4B9B, 0x2C9B, 0x2B9B, 0x2B9B, 0x2B9B, 0x4B9B, 0x4B9B, 0x4B9B, 0x6C9B, 0x4CA3, 0x4C9B,
    0x2C9B, 0x4CA3, 0x4CA3, 0x4C9B, 0x4C9B, 0x4C9B, 0x4C9B, 0x4C9B, 0x6C9B, 0xADA3, 0x0FB4, 0xB1C4, 0x12CD, 0x13CD, 0x12C5, 0x12C5,
    0x12C5, 0x12C5, 0x12C5, 0xF2C4, 0xF2C4, 0x12C5, 0xF2C4, 0xF2C4, 0x12C5, 0x11C5, 0xF1C4, 0xF2C4, 0xF2C4, 0xF2C4, 0xF2C4, 0xF2C4,
    0xF2C4, 0xB1BC, 0x50B4, 0x0FBC, 0x6DAB, 0x71C4, 0x5CFF, 0xBAEE, 0xFFFF, 0xC618, 0x6C9B, 0xCB7A, 0xE851, 0x696A, 0x6939, 0xCC31,
    0x7042, 0x4F42, 0x2F42, 0x4E42, 0x4E42, 0x2E42, 0x2E42, 0x4F42, 0x6F42, 0x7042, 0x7042, 0x7042, 0x4F42, 0x4F42, 0x4F42, 0x4F42,
    0x4F42, 0x4F42, 0x4F42, 0x4F4A, 0x4F42, 0x4F42, 0x4F42, 0x6F4A, 0x4F4A, 0x6F4A, 0x4F42, 0x2E42, 0x2E42, 0x0D3A, 0xCC31, 0x6929,
    0x6929, 0x4829, 0x2829, 0x4829, 0x4829, 0x4829, 0x2721, 0x6829, 0x4829, 0x2829, 0x4829, 0x4729, 0x2721, 0x2721, 0x0621, 0x0621,
    0xF6ED, 0xF7ED, 0x17F6, 0x57EE, 0x58F6, 0x78F6, 0x78F6, 0x98F6, 0x99F6, 0xB9F6, 0xB9FE, 0xB9FE, 0xB9FE, 0xB9FE, 0xB9FE, 0xBAFE,
    0xB9FE, 0xB9FE, 0xB9F6, 0x99F6, 0x99F6, 0x99F6, 0x2D42, 0x7042, 0x904A, 0x904A, 0x904A, 0x6F42, 0x7042, 0xB04A, 0xB14A, 0x7042,
    0x0E32, 0x0C42, 0x0D73, 0x0B93, 0x2AA3, 0x6BAB, 0xACB3, 0x8DAB, 0x8CAB, 0x6CA3, 0x4C9B, 0x4C9B, 0x4B9B, 0x4B9B, 0x2B9B, 0x0C9B,
    0x0C9B, 0x2C9B, 0x0C9B, 0x2B9B, 0x4B9B, 0x4B9B, 0x2B9B, 0x2B9B, 0x4B9B, 0x4B9B, 0x4C9B, 0x4C9B, 0x6C9B, 0x6CA3, 0x4C9B, 0x2C9B,
    0x2C9B, 0x2C9B, 0x4C9B, 0x4CA3, 0x6CA3, 0x6C9B, 0x8CA3, 0xADA3, 0x0FB4, 0x91C4, 0xF2CC, 0x13CD, 0x12C5, 0xF2C4, 0xF2C4, 0xD2C4,
    0xF2C4, 0xF2C4, 0xF2C4, 0xF2C4, 0xF2C4, 0xF2C4, 0xF2C4, 0xF2C4, 0xF1C4, 0x12C5, 0xF2C4, 0xF2C4, 0xF2C4, 0xF2C4, 0xF2C4, 0xF2C4,
    0xF2C4, 0xF2C4, 0xF2C4, 0xF2CC, 0x50B4, 0x54CD, 0x16D6, 0xB8EE, 0x53BD, 0x6408, 0x695A, 0x0719, 0x4600, 0x8600, 0x8608, 0x6B29,
    0xAC31, 0x8B29, 0x6A29, 0x6929, 0x6929, 0x8B29, 0xCC31, 0x2E3A, 0x4F42, 0x7042, 0x7042, 0x7042, 0x7042, 0x4F42, 0x4F42, 0x4F42,
    0x4F42, 0x2F42, 0x504A, 0x504A, 0x504A, 0x704A, 0x704A, 0x6F4A, 0x2D42, 0xEC39, 0xAB31, 0x6929, 0x4821, 0x2821, 0x2621, 0x0621,
    0x6831, 0x4829, 0x6929, 0x6929, 0x8931, 0x8A31, 0x8A31, 0x6931, 0x6931, 0x4829, 0x4729, 0x2729, 0x0721, 0x0621, 0x0621, 0x0621,
    0xF6E5, 0xF6ED, 0xF7ED, 0x17EE, 0x38F6, 0x58F6, 0x58F6, 0x78F6, 0x78F6, 0x98F6, 0xB9F6, 0xB9F6, 0xB9F6, 0xB9F6, 0xB9F6, 0xB9F6,
    0xB9F6, 0x99F6, 0x99F6, 0x99F6, 0x99F6, 0x55BD, 0xB04A, 0x904A, 0x7042, 0x9042, 0x9142, 0x914A, 0x6F42, 0x2F3A, 0x8B21, 0xA931,
    0x085A, 0xCA92, 0x8CAB, 0x6CA3, 0x6C9B, 0x4C9B, 0x2B9B, 0x6C9B, 0x4C9B, 0x4C9B, 0x4C9B, 0x4B9B, 0x4B9B, 0x4C9B, 0x4C9B, 0x2C9B,
    0x2C9B, 0x2B9B, 0x0B9B, 0x2C9B, 0x2C9B, 0x4B9B, 0x4C9B, 0x4C9B, 0x4C9B, 0x4C9B, 0x4C9B, 0x4C9B, 0x4C9B, 0x4C9B, 0x4C9B, 0x2B9B,
    0x2B9B, 0x4B9B, 0x4C9B, 0x6DA3, 0x6DA3, 0xEEAB, 0x6FB4, 0x90BC, 0xD2C4, 0xF2CC, 0xF2CC, 0xF2C4, 0xF2C4, 0xF2C4, 0xB2C4, 0xB1BC,
    0xD2C4, 0xF2C4, 0xF2CC, 0xF2C4, 0xF2C4, 0xF2C4, 0xF2C4, 0xF1C4, 0xF2C4, 0xF2C4, 0xF2C4, 0xF2C4, 0xF1C4, 0xF2C4, 0xF1C4, 0xF1C4,
    0xF2C4, 0xF2C4, 0x12C5, 0x32CD, 0x12CD, 0x70BC, 0x2FB4, 0x70C4, 0x8D9B, 0x2B8B, 0x285A, 0xE749, 0x4729, 0xC718, 0x6A29, 0x2921,
    0x2821, 0x2821, 0x4821, 0x6929, 0xAB31, 0xED39, 0x4F42, 0x704A, 0x914A, 0x904A, 0x914A, 0x904A, 0x904A, 0x704A, 0x704A, 0x704A,
    0x4F4A, 0x4F42, 0x2E42, 0x0D3A, 0x0D3A, 0xAB31, 0x8929, 0x6929, 0x0819, 0xE618, 0x0619, 0x0621, 0x0621, 0x4729, 0x6829, 0x6929,
    0x8A31, 0x8A31, 0x8A31, 0x8A31, 0x8A31, 0x8A31, 0x8931, 0x6929, 0x6829, 0x4829, 0x4729, 0x2729, 0x0729, 0x0621, 0x0621, 0xE620,
    0xB5E5, 0xD6E5, 0xF7ED, 0x17EE, 0x37EE, 0x37EE, 0x38EE, 0x58EE, 0x78F6, 0x98F6, 0x99F6, 0x99F6, 0xB9F6, 0x99F6, 0x99F6, 0xB9F6,
    0xB9F6, 0x99F6, 0x99F6, 0x78F6, 0xBAF6, 0x907B, 0x7042, 0x914A, 0xB14A, 0x7042, 0x4F42, 0x0E32, 0x2A19, 0x2821, 0xA749, 0xEA8A,
    0x8DB3, 0x6CAB, 0x4CA3, 0x4C9B, 0x4C9B, 0x4C9B, 0x4C9B, 0x4C9B, 0x6C9B, 0x6C9B, 0x4B9B, 0x4B9B, 0x4B93, 0x4C9B, 0x4C9B, 0x4C9B,
    0x4C9B, 0x2C9B, 0x4C9B, 0x4C9B, 0x4C9B, 0x4C9B, 0x4C9B, 0x4C9B, 0x4C9B, 0x4C9B, 0x4C9B, 0x2B9B, 0x2B9B, 0x2C9B, 0x2B9B, 0x4B9B,
    0x6C9B, 0x8CA3, 0x8DA3, 0xADA3, 0x0FB4, 0xD1C4, 0x12CD, 0x12CD, 0xF2C4, 0xF2C4, 0xF2C4, 0xF2C4, 0xF2CC, 0xB1C4, 0x91BC, 0x91BC,
    0xD1C4, 0xF2CC, 0xF1CC, 0xF1CC, 0xF1C4, 0x11C5, 0x11C5, 0xF1C4, 0xF1C4, 0xF2C4, 0xF2C4, 0xF2C4, 0xF1C4, 0xF2C4, 0xF2C4, 0xF2C4,
    0xF2C4, 0xD1C4, 0xF1C4, 0xD1C4, 0xF2C4, 0x13CD, 0x33CD, 0x12CD, 0x53D5, 0xB4DD, 0x52CD, 0xCDAB, 0x2A93, 0x887A, 0x4962, 0x4829,
    0x8A31, 0x4929, 0x6929, 0xCB39, 0xEB39, 0xEB39, 0xEC39, 0x2D42, 0x0D3A, 0x6F42, 0x4F42, 0x2E42, 0x2E42, 0x0D42, 0xEC39, 0xCB39,
    0xAA31, 0xCA31, 0x2721, 0x2721, 0x8929, 0x4921, 0x4921, 0x4921, 0x4921, 0x8929, 0xAA31, 0xA931, 0xAA31, 0xCA31, 0xAB31, 0xAB31,
    0xCB39, 0xAA31, 0xAA31, 0x8A31, 0x8A31, 0x6931, 0x6929, 0x6929, 0x4829, 0x4829, 0x2729, 0x2729, 0x0721, 0x0621, 0x0621, 0xE620,
    0xB5E5, 0xB6E5, 0xD6E5, 0xF6ED, 0x17EE, 0x17EE, 0x37EE, 0x38EE, 0x58F6, 0x58F6, 0x78F6, 0x78F6, 0x78F6, 0x78F6, 0x98F6, 0x98F6,
    0x99F6, 0x98F6, 0x98F6, 0x79F6, 0x78EE, 0xCD31, 0x904A, 0x4E42, 0x0D3A, 0x8C31, 0x4A21, 0x0819, 0xC949, 0xEB8A, 0x6CAB, 0x6DAB,
    0x2CA3, 0x2C9B, 0x4C9B, 0x4C9B, 0x4C9B, 0x4C9B, 0x4C9B, 0x4C9B, 0x6C9B, 0x4C9B, 0x4B9B, 0x4B9B, 0x4B9B, 0x4C9B, 0x4C9B, 0x4CA3,
    0x4CA3, 0x4C9B, 0x4C9B, 0x4C9B, 0x4C9B, 0x4C9B, 0x4C9B, 0x4C9B, 0x4C9B, 0x2C9B, 0x4C9B, 0x2B9B, 0x4C9B, 0x4C9B, 0x8DA3, 0xADA3,
    0xCEAB, 0xCEAB, 0xCEAB, 0x70BC, 0xF2CC, 0x12CD, 0xF2C4, 0xF2C4, 0xF2C4, 0x12C5, 0x12C5, 0xF2C4, 0xF2CC, 0x91BC, 0x91BC, 0xB1C4,
    0xB1C4, 0xF1C4, 0xF1C4, 0xF1C4, 0xF2C4, 0xF2C4, 0xF2C4, 0x12C5, 0xF1C4, 0xF2C4, 0xF2C4, 0xF2C4, 0x12C5, 0xF1C4, 0xF2C4, 0xF2C4,
    0xF2C4, 0xD2C4, 0xB1B4, 0xD1BC, 0x70BC, 0x70BC, 0xD1C4, 0x33CD, 0x12CD, 0x33CD, 0x53D5, 0x2FBC, 0x2B9B, 0x6CAB, 0x2A9B, 0xA982,
    0x2D42, 0x7042, 0x4F42, 0x4F42, 0x2E3A, 0x0D3A, 0xEC39, 0xEB39, 0x8A31, 0xAA31, 0x6929, 0x4821, 0x4821, 0x4821, 0x4829, 0x8A29,
    0xCB31, 0xEC39, 0xEC39, 0x0D3A, 0x0E3A, 0x2E42, 0x2E42, 0x2E42, 0x4E42, 0x2E42, 0x2E42, 0x2D42, 0x2D42, 0x0D3A, 0x0C3A, 0xEC39,
    0xCB39, 0xCB39, 0xAA31, 0xAA31, 0x8931, 0x6929, 0x6929, 0x4829, 0x4829, 0x2729, 0x2721, 0x2621, 0x0621, 0xE620, 0x0621, 0xE620,
    0x95E5, 0xB6E5, 0xB6E5, 0xD6E5, 0xF6ED, 0xF6ED, 0x17EE, 0x17EE, 0x37EE, 0x58F6, 0x58EE, 0x58EE, 0x78F6, 0x78F6, 0x78F6, 0x98F6,
    0x98F6, 0x98F6, 0x98F6, 0xDAFE, 0x0F94, 0xAC31, 0xAB31, 0x8B31, 0x0B21, 0x2921, 0xA841, 0x697A, 0x8CAB, 0x6CAB, 0x4C9B, 0x4C9B,
    0x2C9B, 0x2C9B, 0x4C9B, 0x4C9B, 0x4C9B, 0x2C9B, 0x4C9B, 0x4C9B, 0x6C9B, 0x4C9B, 0x4C9B, 0x4C9B, 0x4C9B, 0x4C9B, 0x4C9B, 0x4CA3,
    0x4CA3, 0x4C9B, 0x2C9B, 0x2C9B, 0x4CA3, 0x4C9B, 0x4C9B, 0x4CA3, 0x2CA3, 0x2CA3, 0x4CA3, 0x4C9B, 0x8DA3, 0xADAB, 0xCEAB, 0xEFAB,
    0x0FB4, 0x30B4, 0x91BC, 0x12CD, 0x12CD, 0xF2CC, 0xF2C4, 0xF2C4, 0xF2C4, 0x12C5, 0xF2C4, 0xF2C4, 0xD2C4, 0x91BC, 0xB1C4, 0x91BC,
    0x90BC, 0x70BC, 0xD1C4, 0xF2C4, 0xF2C4, 0xF2C4, 0xF2C4, 0xF2C4, 0xF2C4, 0xF2C4, 0xF2C4, 0xF2C4, 0xF2C4, 0xF2C4, 0xF2C4, 0x12C5,
    0x12C5, 0xF2C4, 0xD2BC, 0x0EB4, 0x2B9B, 0x2EB4, 0x8CAB, 0x2B93, 0xEEA3, 0x50AC, 0x91BC, 0xACB3, 0x4BA3, 0xEA92, 0xEA92, 0x8DAB,
    0x2C4A, 0x9042, 0x6F42, 0x6F42, 0x4F42, 0x4F42, 0x4F42, 0x0D3A, 0xEC39, 0xAB31, 0xAB31, 0xAB31, 0xCC31, 0xED39, 0x2E42, 0x4E42,
    0x4E42, 0x4E42, 0x2E42, 0x2E42, 0x2E42, 0x0D3A, 0x0D42, 0x2E42, 0x2E42, 0x2D42, 0x2D42, 0x2D42, 0x0C3A, 0x0C3A, 0xEC39, 0xEB39,
    0xCB31, 0xCA31, 0xAA31, 0xA931, 0x8929, 0x6929, 0x6829, 0x4829, 0x2729, 0x2721, 0x2721, 0x0621, 0x0621, 0xE620, 0xE620, 0xE620,
    0x95E5, 0xB6E5, 0xD6E5, 0xF6E5, 0x16EE, 0x16EE, 0x17EE, 0x17EE, 0x37EE, 0x58EE, 0x78EE, 0x78F6, 0x78F6, 0x78F6, 0x78F6, 0x98F6,
    0x99F6, 0xB8F6, 0x99F6, 0xB9FE, 0x0A3A, 0xCB39, 0xCB39, 0xAA39, 0xE941, 0xEA82, 0x8CAB, 0xEEB3, 0x8CA3, 0x4C9B, 0x6CA3, 0x8DA3,
    0x8CA3, 0x6CA3, 0x8DA3, 0x8DA3, 0x8DA3, 0x8DA3, 0x8DA3, 0x8DA3, 0xADA3, 0x8DA3, 0x8DA3, 0x8DA3, 0x8DA3, 0x8DA3, 0x8DA3, 0x8DA3,
    0x8DA3, 0x8DA3, 0x8DA3, 0x8DA3, 0x8DA3, 0x8DA3, 0xADAB, 0xADA3, 0xADA3, 0xAEA3, 0xCEAB, 0xCEAB, 0x0FAC, 0x0FB4, 0x2FB4, 0x70BC,
    0xB1BC, 0x12CD, 0x33CD, 0x33CD, 0x33CD, 0x33CD, 0x12C5, 0x13C5, 0x33CD, 0x33C5, 0x13CD, 0x13C5, 0xF2C4, 0xD1C4, 0xD2C4, 0x70B4,
    0xD1C4, 0x6FBC, 0x11CD, 0x13C5, 0x13CD, 0x13CD, 0x13CD, 0x33CD, 0x33CD, 0x12CD, 0x12CD, 0x12CD, 0x12CD, 0x32CD, 0x33CD, 0x32CD,
    0x33CD, 0x13C5, 0x33CD, 0x8DA3, 0xFAF6, 0x17E6, 0x94DD, 0x2FBC, 0x4FBC, 0x8DA3, 0x696A, 0xAA72, 0x2C93, 0xADA3, 0x30B4, 0xB2BC,
    0xD052, 0xD152, 0xB04A, 0xB04A, 0xB04A, 0xB052, 0x8F4A, 0x8F4A, 0x8F4A, 0x8F4A, 0xAF52, 0xAF52, 0xAF52, 0x8F52, 0x8F4A, 0x8F4A,
    0x8F4A, 0x8F4A, 0x6F4A, 0x6E4A, 0x6E4A, 0x6E4A, 0x6E4A, 0x6E4A, 0x6E4A, 0x6E4A, 0x8E4A, 0x6E4A, 0x4D42, 0x4D42, 0x2C42, 0x2C42,
    0x2C42, 0x0B3A, 0xEB39, 0xCA39, 0xA939, 0xA931, 0xA931, 0x8931, 0x8831, 0x8829, 0x6829, 0x6729, 0x4829, 0x4829, 0x4729, 0x4729,
};

const uint16_t picture_50x50[] = {
    0x8B99, 0x7B16, 0x41EE, 0x51AD, 0x698C, 0x0000, 0x30C5, 0x58AA, 0xACF4, 0xFFFF, 0xFFFF, 0xFFFF, 0xE69A, 0xB46F, 0xC573, 0xD659,
    0xC536, 0xEDD6, 0xFF7C, 0xE5F7, 0xD555, 0xEDF6, 0xEDF6, 0xEDF7, 0xEDF7, 0xDDD7, 0xCDD7, 0xEDF7, 0xED95, 0xEE17, 0xF638, 0xEE17,
    0xD513, 0xCCD2, 0xEDF8, 0xD4D4, 0xCCF5, 0xFEDC, 0xE5F9, 0xEE7A, 0xAC34, 0xB495, 0xFF3E, 0xAC34, 0x6A0C, 0xD578, 0xFF3D, 0xA3D2,
    0x726D, 0xA352, 0x93DA, 0x93FB, 0x93BB, 0x83D9, 0x83D8, 0x5A0E, 0x0800, 0x1843, 0xE75C, 0xFFFF, 0xFFFF, 0xFFFF, 0xE6BB, 0xB3AA,
    0xD52C, 0xD5CF, 0xC551, 0xD596, 0xC4D3, 0xBC92, 0xDD75, 0xEDF7, 0xEDF7, 0xEDF7, 0xEE17, 0xEDF7, 0xDDB7, 0xD5B7, 0xE5F8, 0xDDB5,
    0xE595, 0xA3CF, 0x82CB, 0x726A, 0x6A28, 0x5144, 0x9B6F, 0xF69C, 0xEE5A, 0xEE5A, 0xE63A, 0x9B71, 0xDE5A, 0xDDFA, 0x724D, 0xA3D2,
    0xFF7E, 0xCD57, 0x82AF, 0x69EC, 0x8AF9, 0x7277, 0x8C79, 0x95BB, 0x841A, 0x939B, 0x3869, 0x7B2D, 0xFFFF, 0xFFFF, 0xFFFF, 0xFFFF,
    0xEEFC, 0x8AEB, 0x92E7, 0xBC6A, 0xC4CB, 0x8B6D, 0xC493, 0xFE58, 0xFE78, 0xEDF7, 0xEDF7, 0xEE17, 0xEE17, 0xEE17, 0xF5F7, 0xEDD7,
    0xDD75, 0xCCB3, 0x7A8B, 0x3883, 0x5166, 0x69E8, 0x6A28, 0x71C6, 0x9B6E, 0xE63B, 0xEE9B, 0xE63A, 0xF6FC, 0xC4F6, 0xA3D2, 0xEE9C,
    0x9392, 0x8ACF, 0xF6DC, 0xDE1A, 0x9B71, 0x724D, 0x7AB7, 0x95BB, 0x96FD, 0x7C7A, 0x82F7, 0x9B7A, 0x8296, 0xD65A, 0xFFFF, 0xFFBF,
    0xFFFF, 0xFFFF, 0xE71C, 0xABF3, 0xC4D5, 0xBCD2, 0x82CA, 0xCCB2, 0xFED9, 0xEE17, 0xDD75, 0xEDD6, 0xEE17, 0xEDF7, 0xEDF7, 0xEDD6,
    0xEDB6, 0xEDD6, 0xED95, 0xB38E, 0x9B2D, 0xDCB2, 0xFD54, 0xFDD5, 0xFDD6, 0xFDD6, 0xD513, 0xDE1A, 0xEE9B, 0xE65A, 0xEE9B, 0xEE9B,
    0x8AEF, 0xBD16, 0xCD58, 0x7A6E, 0xDDF9, 0xEEBC, 0xABF3, 0x7A6C, 0x96BD, 0x971E, 0x8C9A, 0x9338, 0x8AD8, 0x7A16, 0x9BB5, 0xFFFF,
    0xFFFF, 0xEF3D, 0xFFFF, 0xFFFF, 0xE6FC, 0xBD14, 0xEEFC, 0xDE3B, 0xCCB4, 0xFE99, 0xEE17, 0xD534, 0xD514, 0xF617, 0xF638, 0xEDD6,
    0xED75, 0xED34, 0xED75, 0xED74, 0xE4F3, 0xED54, 0xFE58, 0xFD54, 0xF491, 0xEC70, 0xF471, 0xF4D2, 0xDD34, 0xDE1A, 0xEE5B, 0xE65A,
    0xEE5A, 0xFEFD, 0xABF2, 0x8B0E, 0xDDFA, 0x82EF, 0xC537, 0xF6FD, 0xABF3, 0x8AAE, 0x8DBC, 0x8BDA, 0x8AB7, 0x8296, 0x82D5, 0xA3F5,
    0xCDF8, 0xFFFF, 0xC5D8, 0xEEFD, 0xFFDF, 0xFFFF, 0xF77F, 0xC532, 0xD5B0, 0xACB1, 0xD535, 0xFE99, 0xDD75, 0xEDF7, 0xFE99, 0xDD75,
    0xEDB6, 0xEDB6, 0xED75, 0xF5D6, 0xED54, 0xE512, 0xED13, 0xF533, 0xECF2, 0xECD2, 0xECD3, 0xF4B2, 0xECB2, 0xF470, 0xDCF4, 0xDE3A,
    0xEE5A, 0xEE9B, 0xE63A, 0xFF1D, 0xC516, 0x8A8C, 0xBC94, 0xAC95, 0xB4F5, 0xF6BC, 0x82B0, 0x81ED, 0x9318, 0x8AF6, 0x8B13, 0xAC96,
    0xEEFB, 0xE63A, 0xFF9E, 0xCE39, 0x9391, 0xFFDF, 0xEF5E, 0xFFFF, 0xFFFF, 0xCD74, 0xC488, 0xDDAE, 0xBD11, 0xD575, 0xF658, 0xEE37,
    0xDD54, 0xDCB3, 0xDCB3, 0xED13, 0xFF5C, 0xF71B, 0xEC91, 0xECD2, 0xECF2, 0xECD2, 0xECF3, 0xECF3, 0xECD3, 0xECD2, 0xF4D3, 0xEC91,
    0xDDB7, 0xDDB9, 0xE5D9, 0xF6FC, 0xEE3A, 0xF6DC, 0xCDB8, 0xA38F, 0x7A2A, 0xB495, 0xBD37, 0xA413, 0x8A6C, 0xDCB2, 0xAC58, 0x9B92,
    0xBCD4, 0xFF5D, 0xF6DC, 0xBCB7, 0xFFFF, 0xB4B5, 0xB495, 0xFFFF, 0xE69C, 0xFFBF, 0xFFFF, 0xCDB8, 0x932A, 0xA3CA, 0xAC0C, 0xE5B6,
    0xFE79, 0xDD34, 0x7A8B, 0x61C8, 0xAB0D, 0xECD2, 0xE575, 0xE4F3, 0xECB2, 0xECD2, 0xECD2, 0xED13, 0xED34, 0xF534, 0xF533, 0xF533,
    0xF533, 0xED12, 0xDDF8, 0xE61A, 0xD557, 0xEEBB, 0xEE7B, 0xEEBB, 0xDE19, 0x9B8F, 0x61C9, 0x9350, 0xB4B6, 0x826C, 0x91C8, 0xE574,
    0x9BD0, 0xBC73, 0xFF5E, 0xF71D, 0xD559, 0xD5DA, 0xEF7D, 0xAC14, 0xD599, 0xFFFF, 0xDE5B, 0xEF1D, 0xFFFF, 0xDE3B, 0xCD38, 0xB473,
    0xD4B2, 0xFED9, 0xFE18, 0x7A8B, 0x2000, 0xA2EB, 0xFE37, 0xF617, 0xEC30, 0xEC71, 0xECF3, 0xECF3, 0xED34, 0xED75, 0xED95, 0xEDB5,
    0xEDB5, 0xEDB5, 0xF595, 0xE5B6, 0xDDF9, 0xEE7B, 0xD557, 0xDDD8, 0xF6FC, 0xE65A, 0xEE9B, 0x6A2A, 0x5989, 0xA412, 0xAC76, 0x930F,
    0xBB8E, 0xE575, 0xAC92, 0xFFFF, 0xFFDF, 0xE61A, 0xD5FA, 0xEF1C, 0xDEBB, 0x9B31, 0xC517, 0xFFFF, 0xEEFD, 0xDE3A, 0xFFFF, 0xE6DC,
    0xCD57, 0xDD97, 0xED55, 0xFF1A, 0x9B6E, 0x3001, 0xE4D2, 0xFF1B, 0xFFDE, 0xF6B9, 0xEC50, 0xECB2, 0xECF3, 0xF594, 0xF5D6, 0xEDB6,
    0xEDD6, 0xEDF7, 0xEDF7, 0xF618, 0xF5F7, 0xCDD7, 0xD5D8, 0xF6BB, 0xE63A, 0xDD98, 0xF6DC, 0xE61A, 0xF69B, 0x72AC, 0x48E7, 0xBCB5,
    0xDE3A, 0x9BB3, 0xABF0, 0xE553, 0xFFFF, 0xFF5E, 0xF6DC, 0xDDD9, 0xEEDC, 0xE6BB, 0xD63A, 0xBD17, 0xBD37, 0xEF1C, 0xFFFF, 0xD5F9,
    0xEEDD, 0xF75E, 0xCD16, 0xC515, 0xE596, 0xEDB6, 0x4062, 0xBB2B, 0xFFDE, 0xFFFF, 0xFF7C, 0xF5B6, 0xEC92, 0xED13, 0xF5F6, 0xEDD6,
    0xE574, 0xF658, 0xF5F7, 0xEDF7, 0xEE17, 0xFE38, 0xE658, 0xBD55, 0xD5D8, 0xF6DC, 0xEE7B, 0xE5F9, 0xE639, 0xEE9C, 0xE5FA, 0x9390,
    0x5948, 0x9B72, 0xEEDB, 0xE63B, 0x9351, 0x924B, 0xF71D, 0xF6DC, 0xDDF9, 0xD5D9, 0xFF5D, 0xCD37, 0xC557, 0xDE7B, 0xC578, 0xB4F5,
    0xFFFF, 0xE6DC, 0xD5BA, 0xF71D, 0xD598, 0xBCB5, 0xAC31, 0xC491, 0xCBCE, 0xFE37, 0xFFFF, 0xFFBE, 0xFE17, 0xF514, 0xED54, 0xF617,
    0xE513, 0xD2CB, 0xD28A, 0xDC91, 0xF658, 0xEE17, 0xF638, 0xEE17, 0xD5D6, 0xD4F4, 0xDE39, 0xEEDC, 0xE63A, 0xEEBB, 0xDDD8, 0xEE9B,
    0xE5FA, 0xA3D2, 0x61EA, 0x92F1, 0xBD16, 0xFF5E, 0xCD79, 0x9B72, 0xEE3A, 0xEE9B, 0xB495, 0xEEDC, 0xC517, 0x9331, 0xC515, 0xA452,
    0xC598, 0xB4F5, 0xCE39, 0xFFFF, 0xD5DA, 0xEEBC, 0xEEBC, 0xD578, 0x9AED, 0xB2EB, 0xF5B6, 0xFE98, 0xFF7D, 0xFE38, 0xF4D2, 0xF575,
    0xEDD6, 0xFE99, 0xCB4D, 0xD166, 0xE28B, 0xDBCF, 0xEE58, 0xEE17, 0xF658, 0xDDB5, 0xD596, 0xDCB2, 0xDE18, 0xFF9F, 0xE67B, 0xEEDC,
    0xEE5A, 0xDDB8, 0xEE9B, 0xCCF7, 0x6A0B, 0x8AF0, 0xAC33, 0xDE3A, 0xEEDD, 0xBCF7, 0xEE7B, 0xD5D8, 0xAC33, 0xE659, 0xBCD3, 0xCD54,
    0xD595, 0xABF0, 0xBCB3, 0xC598, 0x9C53, 0xDEDB, 0xFF5E, 0xDE1A, 0xF6DC, 0xE63B, 0xC494, 0xA9A6, 0xC3AE, 0xFDF6, 0xFD34, 0xF533,
    0xED75, 0xF5F7, 0xEDF7, 0xF637, 0xE534, 0xDBCF, 0xECF2, 0xEE17, 0xEE17, 0xEE17, 0xF658, 0xDDD6, 0xE5D7, 0xDC31, 0xCD76, 0xFFFF,
    0xFF7E, 0xF73D, 0xF6DC, 0xE5F9, 0xDDD8, 0xE65A, 0x8ACD, 0x82AE, 0xBC76, 0xB4B5, 0xEEDD, 0xEE9B, 0xE67B, 0xE67A, 0xD5D6, 0xCD35,
    0xF618, 0xCD16, 0xD536, 0xFF3B, 0xCC91, 0x7A2B, 0x9371, 0xAC54, 0xDE7B, 0xE67B, 0xDDDA, 0xEE5A, 0xCD58, 0xBB4E, 0xC2A8, 0xDCD2,
    0xFDB5, 0xEDB5, 0xEE17, 0xF617, 0xF617, 0xEDF7, 0xF658, 0xF699, 0xEE98, 0xEE37, 0xEDF7, 0xEE17, 0xF638, 0xEE78, 0xE5D7, 0xB2AB,
    0xB412, 0xEF1D, 0xEEDC, 0xF71D, 0xF6FC, 0xEEDC, 0xE619, 0xE619, 0xCD36, 0x7A4C, 0xA352, 0xAC14, 0xBD16, 0xDE3B, 0xF6BC, 0xDDD8,
    0xC495, 0xCD17, 0xDD77, 0xD536, 0xF658, 0xEE37, 0xAB0B, 0x79A7, 0x9B92, 0xAC14, 0x9372, 0xDE7B, 0xE63B, 0xDD98, 0xDD38, 0xC434,
    0xCC0F, 0xDC4F, 0xFE57, 0xF658, 0xEE37, 0xEE38, 0xF638, 0xEE37, 0xF617, 0xEE17, 0xEE17, 0xEE17, 0xEE17, 0xEE17, 0xFEBA, 0xFF1A,
    0xABCF, 0x9A4B, 0xAB8F, 0xDE5A, 0xEE9B, 0xF6DC, 0xFEFC, 0xEE9B, 0xDE19, 0xCD97, 0xDE7A, 0xC5B6, 0x9C52, 0xAC34, 0xA3D2, 0xA432,
    0xC537, 0xDE9B, 0xD5F9, 0xEDF7, 0xF657, 0xFE78, 0xFE98, 0xC472, 0xC38D, 0x9B4D, 0xA413, 0x9352, 0x824F, 0x9B92, 0xC536, 0xD5B8,
    0xE63A, 0xDD17, 0xCC96, 0xBC11, 0xB431, 0xFE58, 0xFEDA, 0xF679, 0xEE58, 0xEE38, 0xEE37, 0xEE38, 0xEE38, 0xEE38, 0xF678, 0xFF1B,
    0xEE58, 0xBBAF, 0xB2AC, 0xC411, 0xB3F1, 0xBD15, 0xD5B8, 0xD5F8, 0xD5D8, 0xDE7A, 0xE71C, 0xF7DE, 0xFFFF, 0xFFFF, 0xFFFF, 0xEF3C,
    0xEF1C, 0xE6FC, 0xCDF8, 0xFFDE, 0xFED9, 0xF5F6, 0xF637, 0xEE17, 0xEE37, 0xFE78, 0xCCF3, 0x8B0F, 0xC517, 0xD5B9, 0xB475, 0x826F,
    0x5129, 0x82EF, 0xA3B2, 0xB453, 0xCC96, 0xC435, 0xA370, 0xABAF, 0xD4F3, 0xF617, 0xFEDA, 0xFEDA, 0xFEBA, 0xFE99, 0xF638, 0xEE17,
    0xE595, 0xC451, 0xAA8B, 0xB26B, 0xDC92, 0xE451, 0xB34F, 0xAC32, 0xD5F8, 0xE6DB, 0xEF7E, 0xFFFF, 0xFFFF, 0xFFFF, 0xF679, 0xE555,
    0xF618, 0xFF7D, 0xFFDF, 0xFF7D, 0xF6B9, 0xF5F7, 0xEDD6, 0xEDF7, 0xEDF6, 0xFE98, 0xFE78, 0xD512, 0x8AEE, 0xB496, 0xE65A, 0xEEBC,
    0xCD77, 0x9C73, 0xB4F5, 0xB494, 0x9BD2, 0x9B91, 0x9310, 0x9B31, 0xABD3, 0x7A2C, 0x6968, 0x928C, 0xAB8E, 0xC431, 0xCC92, 0xCD13,
    0xDD95, 0xE638, 0xD5F7, 0xC514, 0xE639, 0xEE9A, 0xFD94, 0xF4B0, 0xE574, 0xEE17, 0xFE79, 0xFF1B, 0xFFBD, 0xFFDE, 0xF6BA, 0xD431,
    0xC32D, 0xDCB2, 0xEDF6, 0xF699, 0xF69A, 0xFE38, 0xF637, 0xEDD6, 0xF638, 0xEDD5, 0xB3CF, 0xC451, 0xAB8E, 0x9370, 0xC578, 0xF6FD,
    0xCD98, 0xBD16, 0xD69B, 0xFFBD, 0xFF3B, 0xED33, 0xF5B5, 0xDE18, 0xB410, 0xA32E, 0xAB8F, 0xC472, 0xD555, 0xCD14, 0xBC91, 0xC3EF,
    0xD491, 0xE6FB, 0xF7BE, 0xFFFF, 0xFFFF, 0xFFFF, 0xFFFF, 0xFF7D, 0xFDF6, 0xED33, 0xEDD6, 0xEDB5, 0xE535, 0xED95, 0xEDF6, 0xDD55,
    0xBB2D, 0xBACB, 0xDC51, 0xE554, 0xEDF7, 0xF5F7, 0xE534, 0xCCD3, 0xEDB6, 0xEDF6, 0xFE78, 0xBC72, 0x930F, 0xAC12, 0xAC94, 0xC517,
    0xBC74, 0x9B70, 0xB515, 0xEF7D, 0xFF9D, 0xED75, 0xDD76, 0xED74, 0xF553, 0xED74, 0xF657, 0xFEFA, 0xFF9D, 0xFFFF, 0xFFFF, 0xFF5B,
    0xFE37, 0xF5D6, 0xFF9D, 0xFFFF, 0xFFFF, 0xFF5C, 0xEE17, 0xEDD6, 0xF637, 0xFE78, 0xEE17, 0xE5B5, 0xE5B5, 0xDD13, 0xDCF3, 0xE5B6,
    0xE555, 0xBB4E, 0xB28B, 0xD3EF, 0xED33, 0xE4F3, 0xE513, 0xD513, 0xCD75, 0xDEBA, 0xEDD7, 0xFE78, 0xBC71, 0x7A6E, 0xA3D3, 0xA3B2,
    0x930F, 0x934F, 0x936F, 0xB555, 0xFFFF, 0xFF1B, 0xF637, 0xD4B2, 0xE659, 0xFFFF, 0xF71B, 0xF71B, 0xFFDF, 0xFFFF, 0xFFFF, 0xFFFF,
    0xFF3B, 0xEDF6, 0xEDB6, 0xF75C, 0xFFDE, 0xF699, 0xF6B9, 0xF678, 0xF617, 0xF638, 0xF658, 0xEDD6, 0xE5B6, 0xEDB6, 0xE534, 0xDCD3,
    0xDD54, 0xE5D6, 0xE5B6, 0xD492, 0xCB8F, 0xDBCF, 0xDC50, 0xD4B2, 0xD596, 0xE71B, 0xFFFF, 0xFFFF, 0xFE78, 0xD554, 0x8AF0, 0xAB54,
    0x92B0, 0x9B51, 0xC577, 0xEF5D, 0xFFFF, 0xFFFF, 0xF679, 0xEDD6, 0xF637, 0xD514, 0xF77D, 0xFFFF, 0xFFFF, 0xFFFF, 0xFFFF, 0xFFBE,
    0xF6FB, 0xF637, 0xF5D6, 0xFEFB, 0xFFFF, 0xFFFF, 0xF6DA, 0xED95, 0xEE17, 0xEE17, 0xF637, 0xF638, 0xEE17, 0xEDD6, 0xE595, 0xE554,
    0xE575, 0xE555, 0xDD14, 0xDD34, 0xE554, 0xE513, 0xD430, 0xC38D, 0xCCF2, 0xE71B, 0xFFFF, 0xFFFF, 0xFFFF, 0xFFFF, 0xED95, 0x8ACD,
    0x9B52, 0xBCD6, 0xCDF9, 0xEF7D, 0xFFFF, 0xFFBE, 0xFEDA, 0xEE17, 0xEDF7, 0xF638, 0xDCF3, 0xDE38, 0xFFFF, 0xEF3C, 0xEF3C, 0xEF3B,
    0xEF3C, 0xE659, 0xDD95, 0xDDB6, 0xE617, 0xE6FB, 0xE75C, 0xFFFF, 0xFFBE, 0xF617, 0xEDF6, 0xEE17, 0xF617, 0xEE17, 0xEDF7, 0xEDF6,
    0xEDF6, 0xDD13, 0xD4F3, 0xDD54, 0xDCD3, 0xDD14, 0xDCD2, 0xC40F, 0xC4D2, 0xDE79, 0xF7BD, 0xF6DA, 0xFF1B, 0xFFFE, 0xFFFF, 0xFFBE,
    0xC555, 0xBD57, 0xE6FC, 0xF79D, 0xFFFE, 0xFF3B, 0xEE17, 0xEDB6, 0xEDD6, 0xEE37, 0xF658, 0xE534, 0xCD75, 0xEFBE, 0xE71C, 0xD617,
    0xDE17, 0xE617, 0xE5F6, 0xE5F7, 0xE638, 0xEEBA, 0xEE99, 0xDDF6, 0xCD75, 0xD5F7, 0xDE37, 0xEDB5, 0xED75, 0xE596, 0xEDD6, 0xEDF7,
    0xEDF6, 0xE575, 0xE5B5, 0xE575, 0xD4B2, 0xE575, 0xD4B1, 0xBBAE, 0xCCF2, 0xD5F7, 0xF7BE, 0xFFFF, 0xDDF7, 0xCC72, 0xC452, 0xF71C,
    0xFFBE, 0xF679, 0xF71C, 0xFF7C, 0xFEDA, 0xEE17, 0xEDB5, 0xED95, 0xEDD6, 0xEE18, 0xEE58, 0xF637, 0xDCF3, 0xCDB6, 0xEFBE, 0xF73C,
    0xF678, 0xF637, 0xF5D6, 0xED74, 0xED54, 0xE513, 0xED95, 0xEDD6, 0xEDF6, 0xF617, 0xF637, 0xE5B6, 0xD514, 0xD554, 0xE575, 0xEDB6,
    0xED95, 0xE574, 0xEDF6, 0xE595, 0xE554, 0xE595, 0xCC50, 0xCC71, 0xCD54, 0xD5F7, 0xF7BE, 0xFFFF, 0xFFFF, 0xDD96, 0xBB6E, 0xDC71,
    0xBBAE, 0xCCF3, 0xF69A, 0xEDF7, 0xEDD6, 0xEDD6, 0xEDD6, 0xEE17, 0xF617, 0xF617, 0xF658, 0xF658, 0xE595, 0xD4B2, 0xD5D7, 0xF79E,
    0xFF1B, 0xEDF6, 0xEDD6, 0xF637, 0xED95, 0xED74, 0xED14, 0xE450, 0xEDD6, 0xF617, 0xF637, 0xF637, 0xF617, 0xEDD6, 0xEDB6, 0xE5B6,
    0xD534, 0xDD34, 0xE575, 0xE4F3, 0xDC91, 0xDCF2, 0xCCB1, 0xCD33, 0xD5D6, 0xE6BA, 0xFFFF, 0xFFFF, 0xFFFF, 0xF79C, 0xFEFB, 0xC410,
    0xCBAE, 0xF637, 0xF5F6, 0xC430, 0xE595, 0xF617, 0xED95, 0xEDB5, 0xEDB5, 0xEDB5, 0xEDB5, 0xED95, 0xE575, 0xDDD6, 0xDE17, 0xE69A,
    0xFF9E, 0xFE99, 0xEDD6, 0xF637, 0xF658, 0xF658, 0xED33, 0xECB2, 0xEC71, 0xDBCF, 0xEDB5, 0xF617, 0xF617, 0xF617, 0xF617, 0xEE17,
    0xEDF7, 0xEDD6, 0xE5B6, 0xDD34, 0xDD34, 0xDDD6, 0xE5F7, 0xE658, 0xE6DA, 0xEF7D, 0xFFFF, 0xFFFF, 0xFFFE, 0xFF7D, 0xF6FB, 0xEE78,
    0xF638, 0xC430, 0xCC91, 0xFFBD, 0xFE99, 0xCC50, 0xDD75, 0xF617, 0xE659, 0xE679, 0xE699, 0xEEBA, 0xEEBA, 0xE69A, 0xE6DA, 0xF77D,
    0xFFFF, 0xFFFF, 0xF658, 0xEDD6, 0xF637, 0xF638, 0xF657, 0xF617, 0xE471, 0xE3EF, 0xE3F0, 0xDB8E, 0xED95, 0xF5F6, 0xF617, 0xF617,
    0xF5F6, 0xF638, 0xF637, 0xEE17, 0xEDD7, 0xEDB6, 0xE5D6, 0xEE38, 0xFF3C, 0xFFFF, 0xFFFF, 0xFFFF, 0xFFDE, 0xFF9D, 0xF73B, 0xF6B9,
    0xEE17, 0xEDD6, 0xF637, 0xCCB1, 0xD513, 0xFF9C, 0xF657, 0xCC10, 0xD513, 0xE554, 0xFFFF, 0xFFFF, 0xFFFF, 0xFFFF, 0xFFFF, 0xFFDE,
    0xFFFF, 0xFFFF, 0xFF7D, 0xF679, 0xEDF7, 0xF637, 0xF638, 0xF637, 0xF658, 0xF5B5, 0xD30C, 0xD30D, 0xE3AF, 0xE3CF, 0xED13, 0xF5F6,
    0xF5D6, 0xF679, 0xF658, 0xEE17, 0xF638, 0xF637, 0xEDD6, 0xEDF7, 0xE5F7, 0xE575, 0xEE17, 0xFFDE, 0xFFDE, 0xFF9D, 0xFF5C, 0xF6FA,
    0xEE99, 0xEE17, 0xEDD6, 0xEDF6, 0xF637, 0xD4D2, 0xE5D6, 0xFF5B, 0xF5D6, 0xCC10, 0xCC91, 0xCC50, 0xFF7C, 0xF6FB, 0xF699, 0xEE38,
    0xEDF7, 0xEDF6, 0xEE17, 0xEE17, 0xEDF7, 0xEDF7, 0xF637, 0xF637, 0xF658, 0xF699, 0xF5F6, 0xECD2, 0xDB4E, 0xD2CC, 0xE3AF, 0xE430,
    0xEC71, 0xED74, 0xEDB5, 0xF637, 0xF6DA, 0xF617, 0xF617, 0xF617, 0xEDF7, 0xEDD7, 0xE5D6, 0xE595, 0xF6DA, 0xFFBE, 0xFF9D, 0xFF3C,
    0xF6DA, 0xEE78, 0xEE17, 0xEDF6, 0xEDF6, 0xEDF7, 0xF637, 0xD4B2, 0xEE17, 0xFEDA, 0xE4D3, 0xCBF0, 0xB3CE, 0xB3AD, 0xEE17, 0xEDD6,
    0xEDB6, 0xEDD6, 0xEDF7, 0xEDF7, 0xEDD6, 0xEDB6, 0xEDD6, 0xEE38, 0xF658, 0xF657, 0xF699, 0xF637, 0xED54, 0xE471, 0xE36E, 0xEB2D,
    0xEB4D, 0xE410, 0xEC71, 0xE4B1, 0xE554, 0xEDB5, 0xEDF6, 0xF5F7, 0xF5F6, 0xEE17, 0xEDF7, 0xEDD5, 0xE5B5, 0xEE17, 0xFF3C, 0xFF5C,
    0xF6FB, 0xF6B9, 0xEE58, 0xEE17, 0xEDF6, 0xEDF6, 0xEDF6, 0xEE17, 0xEDD6, 0xC4B1, 0xF678, 0xFED9, 0xDC92, 0xCBCF, 0xC3EF, 0xC450,
    0xEDD6, 0xEDF7, 0xEDF7, 0xEDF7, 0xEE17, 0xEDF7, 0xEDD6, 0xEDD6, 0xEDD6, 0xEE17, 0xF637, 0xF637, 0xF617, 0xED74, 0xECD2, 0xE3CF,
    0xF3AE, 0xF3CF, 0xEB6E, 0xEBAF, 0xEC51, 0xECD2, 0xED33, 0xED94, 0xEDB5, 0xF5B6, 0xF5D6, 0xEDF6, 0xEDD6, 0xEDD6, 0xE5D6, 0xEE99,
    0xF71B, 0xF6DA, 0xF679, 0xEE38, 0xEE17, 0xEDF6, 0xEDF6, 0xEDF6, 0xEDF7, 0xF637, 0xD513, 0xDD74, 0xFEB8, 0xF678, 0xEE37, 0xD430,
    0xD450, 0xE534, 0xEDF6, 0xEDF7, 0xEDF7, 0xEDF6, 0xEDF6, 0xEDF6, 0xEDD6, 0xE595, 0xE595, 0xF5F7, 0xF617, 0xEDD6, 0xEDB5, 0xECD2,
    0xEC0F, 0xF410, 0xF3F0, 0xEBCF, 0xEB8F, 0xF411, 0xF410, 0xF4B2, 0xF513, 0xED12, 0xEDB5, 0xEDB6, 0xEDD6, 0xEDF6, 0xEDF6, 0xEDF6,
    0xEDF7, 0xF699, 0xF6B9, 0xF658, 0xEE37, 0xEDF7, 0xEDF6, 0xEDF6, 0xEDF6, 0xEE17, 0xEE17, 0xEDD6, 0xD4F2, 0xF678, 0xFE98, 0xEE16,
    0xFED9, 0xE513, 0xCBCE, 0xD492, 0xEDF6, 0xEDF6, 0xEDD6, 0xEDF6, 0xEDF7, 0xEDF6, 0xE5B5, 0xE595, 0xEDD6, 0xEDD6, 0xEDD5, 0xF5D6,
    0xF513, 0xF430, 0xFC71, 0xFC92, 0xF431, 0xEBCE, 0xEBAE, 0xF451, 0xFCB2, 0xF471, 0xF471, 0xEC91, 0xED13, 0xED95, 0xEDD6, 0xEDF6,
    0xEDF6, 0xE5B6, 0xEDF6, 0xEE58, 0xEE38, 0xEDF7, 0xEDF6, 0xEDF6, 0xEDF6, 0xEDF6, 0xEE17, 0xEE17, 0xEDF6, 0xCC91, 0xD533, 0xFEFA,
    0xF698, 0xF698, 0xFEFA, 0xE554, 0xCC2F, 0xD491, 0xEDD6, 0xEDD6, 0xEDF6, 0xEE17, 0xF617, 0xF617, 0xEDD6, 0xF617, 0xF617, 0xED94,
    0xEDB5, 0xF5D6, 0xFCD2, 0xFCF2, 0xFCF3, 0xFC92, 0xFCB2, 0xEB4D, 0xE2CB, 0xF451, 0xFCB2, 0xFCB2, 0xFCD2, 0xF4B2, 0xECD2, 0xED33,
    0xED95, 0xF5F7, 0xEDD6, 0xE595, 0xEE17, 0xEE37, 0xEE17, 0xEDF6, 0xEDF6, 0xEDF6, 0xEDF6, 0xEE16, 0xEDF6, 0xEDB5, 0xDD13, 0xBC50,
    0xEE37, 0xF678, 0xFE98, 0xFED9, 0xFF1A, 0xEDB5, 0xD450, 0xDCD2, 0xEE17, 0xF617, 0xEDF7, 0xE595, 0xD4B2, 0xCC71, 0xCC71, 0xCC0F,
    0xCC2F, 0xED13, 0xED74, 0xF574, 0xFD33, 0xFD33, 0xFCF3, 0xFCB3, 0xFC72, 0xF3CF, 0xEB4D, 0xF3AF, 0xFC92, 0xFCF4, 0xFCF3, 0xFD33,
    0xF513, 0xF513, 0xE4D2, 0xDCF3, 0xEDB5, 0xE595, 0xE5B6, 0xEE17, 0xF617, 0xF637, 0xEDF6, 0xEE16, 0xEE17, 0xEDF6, 0xE595, 0xE574,
    0xC40F, 0xD553, 0xFEB9, 0xF657, 0xFED9, 0xFEB9, 0xFF1A, 0xEDD5, 0xD470, 0xDCF2, 0xD4F2, 0xD491, 0xD491, 0xCC71, 0xCC50, 0xD470,
    0xD470, 0xE512, 0xD4B1, 0xCC0F, 0xED33, 0xFD96, 0xFD75, 0xFD14, 0xFD14, 0xFCB2, 0xF3F0, 0xF36E, 0xF34E, 0xF30E, 0xF411, 0xF554,
    0xFCF3, 0xF4F3, 0xF4F2, 0xEC71, 0xDC70, 0xD491, 0xD450, 0xD471, 0xDD54, 0xDD74, 0xD513, 0xDD33, 0xEDD6, 0xF617, 0xEDD6, 0xE554,
    0xDCF3, 0xC3EF, 0xC450, 0xF698, 0xF657, 0xFEB8, 0xFEB9, 0xFEB9, 0xFEFA, 0xEDD5, 0xD491, 0xDCF3, 0xD4B2, 0xDCF3, 0xE5B5, 0xF678,
    0xFE78, 0xED95, 0xED33, 0xF5F6, 0xFE16, 0xE4B1, 0xECF3, 0xFDD6, 0xFDD7, 0xFD76, 0xFD55, 0xFCD2, 0xF38E, 0xA967, 0x6021, 0xC1A8,
    0xFC11, 0xFD13, 0xF4D2, 0xF514, 0xF513, 0xDC0F, 0xE533, 0xF5F6, 0xE4B1, 0xDC0F, 0xEDB5, 0xF657, 0xE5D5, 0xD513, 0xD533, 0xD4D2,
    0xBBCE, 0xBBCE, 0xBC10, 0xBC30, 0xEE16, 0xFE98, 0xF678, 0xFEB9, 0xFE98, 0xFEB9, 0xFED9, 0xED94, 0xD491, 0xDCF3, 0xFEFA, 0xFEFA,
    0xFEFA, 0xFEDA, 0xFEDA, 0xF5D6, 0xECD2, 0xED13, 0xED53, 0xC36D, 0xE491, 0xF554, 0xF5B6, 0xFDB7, 0xFD55, 0xFCD2, 0xFBCE, 0x7883,
    0x0800, 0xA186, 0xFCD3, 0xF4D3, 0xF534, 0xF595, 0xFD74, 0xE471, 0xED54, 0xFDB5, 0xECB1, 0xE3EF, 0xED94, 0xFE98, 0xFE99, 0xFEDA,
    0xF699, 0xE5D6, 0xD513, 0xDDB5, 0xE637, 0xF678, 0xF657, 0xEE37, 0xFEB9, 0xFEB9, 0xFEB9, 0xFEB9, 0xFED9, 0xE533, 0xDC91, 0xDD13,
    0xFEB9, 0xFEB9, 0xFEB9, 0xFEDA, 0xFEDA, 0xF5F6, 0xDC91, 0xDC70, 0xCBCE, 0xCC30, 0xED95, 0xF554, 0xED33, 0xED13, 0xF533, 0xF512,
    0xF471, 0xD3AD, 0xBB6C, 0xE40F, 0xECB2, 0xED13, 0xED54, 0xED13, 0xECD2, 0xCBCE, 0xA2EB, 0xD42F, 0xE430, 0xE450, 0xF5D5, 0xFE78,
    0xF637, 0xFE99, 0xFEB9, 0xFEFA, 0xFF3B, 0xFF1B, 0xFEF9, 0xF698, 0xF637, 0xFE98, 0xFEB9, 0xFEB9, 0xFE99, 0xFEB9, 0xFEB9, 0xDCD2,
    0xDC91, 0xDD13, 0xFEB9, 0xFEDA, 0xFE99, 0xF617, 0xDCF3, 0xC40F, 0xCC0F, 0xD491, 0xE554, 0xFE78, 0xF616, 0xEDB5, 0xEDB5, 0xED54,
    0xED53, 0xED33, 0xE471, 0xF492, 0xFD13, 0xECF3, 0xED13, 0xED74, 0xED74, 0xED33, 0xE513, 0xDCF2, 0xD4D2, 0xC410, 0xBB6D, 0xC3AD,
    0xED74, 0xFED9, 0xFE98, 0xFEB9, 0xFE99, 0xFE99, 0xFEB9, 0xFEB9, 0xFEB9, 0xFED9, 0xFED9, 0xFEB8, 0xFEB8, 0xFE99, 0xFE99, 0xFEB9,
    0xFE79, 0xEDD6, 0xDD13, 0xD4B1, 0xFF1A, 0xED95, 0xCC50, 0xC3CE, 0xC3CE, 0xD491, 0xE574, 0xEE37, 0xF657, 0xEDF6, 0xEDD6, 0xED95,
    0xE595, 0xED75, 0xED33, 0xE4F3, 0xE4F2, 0xE4D2, 0xE4D2, 0xE533, 0xED74, 0xED74, 0xED75, 0xED95, 0xEDD6, 0xF5F7, 0xFE78, 0xF638,
    0xD513, 0xCC30, 0xBBAE, 0xDD33, 0xFEDA, 0xFED9, 0xFE98, 0xFE98, 0xF699, 0xFE99, 0xFEB9, 0xFEB9, 0xFEB9, 0xFEB9, 0xFEB9, 0xFE99,
    0xFE99, 0xFE99, 0xFE99, 0xFEDA, 0xE574, 0xD4B1, 0xCC91, 0xAAEA, 0xCC2F, 0xD512, 0xEDD5, 0xF658, 0xEE37, 0xEDF7, 0xEDF6, 0xEDF6,
    0xEDF6, 0xEDB5, 0xE574, 0xE4F2, 0xE491, 0xDC70, 0xDC70, 0xDC70, 0xE470, 0xE491, 0xE4D2, 0xE533, 0xED74, 0xEDB5, 0xEDD6, 0xEDD6,
    0xEDF6, 0xEDF6, 0xF638, 0xF638, 0xDD54, 0xC430, 0xC430, 0xE575, 0xF657, 0xF637, 0xF637, 0xF658, 0xF698, 0xFEB9, 0xFEB9, 0xFE99,
    0xFEB9, 0xFEB9, 0xFE99, 0xFEB9, 0xFED9, 0xFEFA, 0xEE16, 0xD4D2, 0xA268, 0xDD12, 0xF658, 0xF658, 0xEE17, 0xEDF6, 0xEDF6, 0xEDF6,
    0xEDF6, 0xEDF6, 0xEDD6, 0xEDD6, 0xED95, 0xE513, 0xDC50, 0xDC0F, 0xE3CF, 0xE3CF, 0xE3CF, 0xE3EF, 0xEC51, 0xED13, 0xF5F6, 0xF5F6,
    0xF5F6, 0xEDF6, 0xEDF6, 0xEDD6, 0xEDD6, 0xEDD6, 0xEDF6, 0xEDD6, 0xD4B2, 0xC3EF, 0xC430, 0xE513, 0xE554, 0xE513, 0xEDD6, 0xF698,
    0xFE99, 0xFEB9, 0xFEB9, 0xFEB9, 0xFEDA, 0xF637, 0xEDD6, 0xEDD6, 0xE574, 0xDCF2, 0xDD12, 0xF699, 0xEDF6, 0xEDF6, 0xEDF6, 0xEDF6,
    0xEDF6, 0xEDF6, 0xEDF6, 0xEDD6, 0xEDD6, 0xEDB5, 0xED95, 0xE533, 0xDC70, 0xDBAE, 0xE38E, 0xE3AF, 0xE38F, 0xE36E, 0xE3AF, 0xED95,
    0xF658, 0xF5D6, 0xEDF6, 0xF5F7, 0xF5F6, 0xEDD6, 0xEDD6, 0xEDB5, 0xE5B5, 0xE5B5, 0xEDD6, 0xE574, 0xBBEF, 0xB34D, 0xCC71, 0xE4D2,
    0xDCF3, 0xEE16, 0xFE99, 0xFEB9, 0xFEB9, 0xFEB9, 0xF699, 0xDD13, 0xDD54, 0xE574, 0xDD54, 0xDD33, 0xF678, 0xEDF6, 0xE5F6, 0xEDF6,
    0xEDF6, 0xEDF6, 0xEDF6, 0xEDD6, 0xEDD5, 0xEDD6, 0xEDB5, 0xED95, 0xED75, 0xE554, 0xDC70, 0xD38D, 0xE38E, 0xE38E, 0xD28B, 0xD2CC,
    0xDB6D, 0xED34, 0xF5F7, 0xF5D6, 0xEDF7, 0xEDF7, 0xEDF6, 0xEDD6, 0xEDD5, 0xEDB5, 0xED95, 0xED95, 0xE595, 0xE595, 0xEDB5, 0xCC91,
    0xAB6D, 0xD491, 0xF5B6, 0xEDD6, 0xF678, 0xFED9, 0xFEB9, 0xFEFA, 0xEDF6, 0xD4D2, 0xEDD6, 0xE5B5, 0xE595, 0xED74, 0xEDF6, 0xEDF6,
    0xEDF6, 0xEDF6, 0xEDF6, 0xEDD6, 0xEDD6, 0xEDD6, 0xEDD5, 0xEDB5, 0xED95, 0xED75, 0xE574, 0xE554, 0xE471, 0xDB8D, 0xE38E, 0xDACC,
    0x9126, 0xBA29, 0xDB4D, 0xE4B2, 0xF5D6, 0xF5F7, 0xF5F7, 0xEDF6, 0xEDD6, 0xEDD6, 0xEDB5, 0xED95, 0xED95, 0xED95, 0xE595, 0xE575,
    0xE574, 0xED95, 0xDCF2, 0xBBEE, 0xD513, 0xF657, 0xF678, 0xFED9, 0xFED9, 0xFEFA, 0xF678, 0xDCD2, 0xE5B5, 0xEDF6, 0xEDD6, 0xEDB5,
    0xEDF6, 0xEDF6, 0xEDF6, 0xEDF6, 0xEDF6, 0xEDD5, 0xEDB5, 0xEDB5, 0xEDB5, 0xEDB5, 0xED95, 0xED74, 0xED75, 0xE574, 0xE491, 0xDB8E,
    0xE38E, 0xD2CC, 0x8105, 0xB229, 0xE3AE, 0xED74, 0xF5F6, 0xF5F7, 0xF5F6, 0xEDF6, 0xEDD6, 0xEDB5, 0xED95, 0xED95, 0xED95, 0xED95,
    0xED95, 0xEDB5, 0xED75, 0xE554, 0xE574, 0xDCF3, 0xBBEF, 0xD4D2, 0xF637, 0xF637, 0xEE37, 0xF657, 0xF699, 0xD4B2, 0xCC30, 0xEDD6,
    0xF638, 0xEE17, 0xEDF6, 0xEDF6, 0xEDF6, 0xEDD5, 0xEDD5, 0xEDF6, 0xEDB5, 0xED95, 0xEDB5, 0xEDB5, 0xED74, 0xE574, 0xED74, 0xE554,
    0xE4D2, 0xDBCE, 0xDB6E, 0xDB2E, 0xC22A, 0xCAAA, 0xE491, 0xF5F7, 0xEDF6, 0xEDF6, 0xEDD6, 0xEDD6, 0xEDB6, 0xED95, 0xED95, 0xED75,
    0xED74, 0xEDF6, 0xFE99, 0xF658, 0xEDB5, 0xED54, 0xE554, 0xE554, 0xDCF3, 0xBC10, 0xC450, 0xE554, 0xF5D6, 0xE574, 0xE574, 0xD4F2,
    0xC3AF, 0xCC31, 0xE5D5, 0xF678
};

#endif
