:020000040800F2
:10000000E0E0001075020008E11E0008610200082F
:100010007D1E0008D90900081938000800000000FA
:10002000000000000000000000000000DD330008B8
:10003000BF0E00080000000075210008C53400084C
:100040008F0200088F0200088F0200088F0200084C
:100050008F0200088F0200088F0200088F0200083C
:100060008F0200088F0200088F0200088F0200082C
:100070008F0200088F0200088F0200083D0C000864
:100080008F0200088F0200088F0200088F0200080C
:100090008F0200088F0200088F0200088F020008FC
:1000A0008F0200088F0200088F0200088F020008EC
:1000B0008F0200088F0200088F0200088F020008DC
:1000C0008F0200088F0200088F0200088F020008CC
:1000D0008F020008BD3600088F0200088F0200085A
:1000E0008F0200088F0200088F0200088F020008AC
:1000F0008F0200088F0200088F0200088F0200089C
:100100008F020008412500088F0200088F020008B6
:100110008F0200088F0200088F0200088F0200087B
:100120008F0200088F0200088F020008410C0008AF
:100130008F0200088F0200088F0200088F0200085B
:100140008F0200088F0200088F0200088F0200084B
:100150008F0200088F0200088F0200088F0200083B
:100160008F0200088F0200088F0200088F0200082B
:100170008F0200088F0200088F0200088F0200081B
:100180008F0200088F020008DFF810D000F010F98D
:100190000048004789550008AFF30080E0E00010F8
:1001A0002C4B19680868B0E8F04F80F30988BFF35A
:1001B0006F8F4FF0000080F311887047000000003F
:1001C00008480068006880F308884FF0000080F35A
:1001D000148862B661B6BFF34F8FBFF36F8F00DF35
:1001E00000BF00BF08ED00E0DFF80C00016841F43B
:1001F00070010160704700BF88ED00E0EFF30980F7
:10020000BFF36F8F134B1A681EF0100F08BF20ED5D
:10021000108A20E9F04F106009B44FF0500080F3CD
:100220001188BFF34F8FBFF36F8F06F031FD4FF092
:10023000000080F3118809BC19680868B0E8F04F25
:100240001EF0100F08BFB0EC108A80F30988BFF3CE
:100250006F8F704758800010EFF3058070470000E3
:100260001EF0040F0CBFEFF30880EFF3098001F0DC
:1002700023B900000648804706480047FEE7FEE72E
:10028000FEE7FEE7FEE7FEE7FEE7FEE7FEE7FEE746
:10029000D9340008890100082DE9F05F05460020E7
:1002A00092469B4688460646814640241BE02846E7
:1002B00041464746224600F06AF853465A46C01A5D
:1002C000914110D311461846224600F051F82D1ADC
:1002D00067EB01084F4622460120002100F048F854
:1002E00017EB00094E41201EA4F10104DFDC484653
:1002F00031462A464346BDE8F09F40EA01039B078A
:1003000003D009E008C9121F08C0042AFAD203E08A
:1003100011F8013B00F8013B521EF9D27047D2B2EE
:1003200001E000F8012B491EFBD270470022F6E7DE
:1003300010B513460A4604461946FFF7F0FF20465B
:1003400010BDCAB2401E10F8011F8A4202D0002917
:10035000F9D10020704730B504460020034600E084
:100360005B1C934203D2E05CCD5C401BF8D030BDF7
:10037000202A04DB203A00FA02F100207047914065
:10038000C2F1200320FA03F3194390407047202A5A
:1003900004DB203A21FA02F00021704721FA02F32F
:1003A000D040C2F120029140084319467047000036
:1003B000064C074D06E0E06840F0010394E80700B2
:1003C00098471034AC42F6D3FFF7E2FEE42303086B
:1003D0001424030870B58C1810F8015B15F007039E
:1003E00001D110F8013B2A1106D110F8012B03E0CE
:1003F00010F8016B01F8016B5B1EF9D12B0705D4D6
:100400000023521E0DD401F8013BFAE710F8013B1E
:10041000CB1A921C03E013F8015B01F8015B521E3A
:10042000F9D5A142D8D3002070BD00000EB5104907
:10043000086A002801D14AF64440009091F824004F
:1004400000B902208DF8040091F8250000B91020B1
:100450008DF80500C869ADF80600898AADF8081066
:1004600000B101208DF80A00684600F079FA0EBD4F
:10047000A0DC001002490148C86070473D00002020
:100480000060024010B50A4C61680A48014203D07E
:10049000E060002000F0FCF8606806491031084276
:1004A00005D0E160BDE81040012000F0F1B810BDBA
:1004B000006002401000002070B590B00121480596
:1004C00001F0A0FE1D4E304600F0DEFB01A800F05A
:1004D000E5FC002401941A4802901A480390402039
:1004E0000490C10105910694000107904000089016
:1004F0000991C0100A904FF440300B900C940125E4
:100500000D950E940F9401A9304600F09BFC01223A
:100510001821304600F07CFC0F208DF800000620EA
:100520008DF801008DF802408DF80350684601F007
:10053000F5FCFFF79FFF10B070BD00007060024037
:100540000C3800400000002010B5FFF793FF06496B
:100550004FF40050486704480121703000F088FBD8
:1005600002490120087010BD006002404C8000105C
:1005700070B5064D4FF400442C600021044800F093
:1005800077FBFFF777FF45F8804C70BD80E100E016
:100590007060024070B500281DD002291BD34C08A2
:1005A000054606F043FA0C494A7882B9087850B1FA
:1005B0000A488068C0F58041A14208D321462846F8
:1005C00000F03AF803E02146284600F037F9BDE88C
:1005D000704006F039BA70BD4C800010CC8200101B
:1005E0002DE9F04180460C46114F3D68C5F5804627
:1005F0001048B44206D800EB450162004046FFF7C0
:100600007CFE0CE000EB450172004046FFF775FEF2
:10061000A01B420008EB46000649FFF76EFE2819B2
:10062000C0F30D003860B868001BB860BDE8F08109
:10063000CC820010000000102DE9F04180460C46ED
:10064000114F7D68C5F580461048B44206D8620057
:1006500000EB45004146FFF750FE0CE0720000EB56
:1006600045004146FFF749FEA01B420008EB46014A
:100670000648FFF742FE2819C0F30D007860B868FD
:100680002044B860BDE8F081CC820010000000106A
:1006900070B5104901EB40350F4884684FF480561F
:1006A000B44200D9344621462846FFF799FFB442A8
:1006B0000FD21CB1601E35F8100004E0002002E0EB
:1006C00025F81400641CB442FAD304484168491C5C
:1006D000416070BD00000020CC8200104C800010F2
:1006E0007CB50121062001F08DFD174D05220C215E
:1006F000284600F06BFE05220D21284600F066FE1C
:10070000124C05220321204600F060FE052206213E
:10071000204600F05BFE02218DF8041000218DF8C8
:10072000061003228DF805208DF8071011030091A3
:100730006946284600F00CFE482100916946204693
:1007400000F006FE7CBD00000004024000080240EC
:100750001FB50121880301F071FD4FF40071ADF860
:1007600000100020ADF80200ADF80400ADF806104E
:100770004AF644410291ADF80C00074C6946204608
:1007800001F030F801220221204602F01DFE012175
:10079000204601F01AF81FBD0038004010B504468D
:1007A000FFF79EFFFFF7D4FFFFF786FE204603F01A
:1007B00066F808B1012010BD4FF480410E48FFF7E4
:1007C000B5FD4FF400410D48FFF7B0FD0C49002086
:1007D0000870487048600B4A5060106090608870E4
:1007E0008860C8701146C8600861486100210648E9
:1007F00000F03EFA002010BD0000002000000010B4
:100800004C800010CC8200107060024010B50A4C81
:10081000207800280FD0607800280CD1012003F048
:1008200001F906F003F901206070FFF7A1FEBDE8B1
:10083000104006F009B910BD4C8000102DE9F041C0
:1008400007460D464FF480581F4E22E0B168C1F5AF
:100850008054AC4200D92C461C48620000EB410099
:100860003946FFF74AFD07EB44072D1BB068011915
:10087000B16041450DD31648B1784FF4005200EBFA
:1008800041301249FFF739FD0020B060B078401CBC
:10089000B07015B1B0780228D8D30E4C45B1A0681D
:1008A000C0F58040A84203D329463846FFF7C4FE6E
:1008B000B078022806D1A068404503D3BDE8F041D6
:1008C000FFF742BEBDE8F0814C80001000400020E0
:1008D00000000020CC8200100549002008704870FC
:1008E0004860044A5060106090608870886070476B
:1008F0004C800010CC82001010B50C4C20780028E1
:1009000013D06078002810D006F090F8FFF7B2FD01
:100910000121074800F0ACF90020607006F094F85F
:10092000BDE81040002003F07DB810BD4C800010E1
:100930007060024010B5012003F074F80748007899
:10094000002809D006F072F8FFF712FEFFF7C4FF87
:10095000BDE8104006F078B810BD00004C800010D3
:1009600070B50446002C07D006F060F8134D2878C7
:1009700030B1687810B103E0012070BDFFF7F8FDD9
:100980000F4994E80D000C310DC10120E870FFF70C
:10099000A3FF06F059F84FF480410A48FFF7C6FC60
:1009A0004FF400410848FFF7C1FCA07A20B10020B5
:1009B00003F038F8002070BD0120F9E74C800010EA
:1009C000CC820010000000200000001001484068A8
:1009D000704700004C800010FEE770B500254FF412
:1009E000803400E0641E24B1802001F083FD0028E3
:1009F000F8D02CB140F2FF5001F03AFD284670BD0E
:100A0000032070BD70B5054600243B49086800E02E
:100A1000086810F0450FFBD0410705D503240420DA
:100A200001F026FD204670BDC00705D0012401203D
:100A300001F01EFD204670BD01F056FDA84201D018
:100A4000102070BD40F2FF5001F012FD002001F0B7
:100A50006DFD2A49084201D1204670BD002801DA07
:100A60001C2070BD410001D5092070BD810001D559
:100A70000A2070BDC10001D50B2070BD010101D558
:100A80000C2070BD410101D50D2070BDC10101D503
:100A90000E2070BD010201D50F2070BD410201D5AD
:100AA000102070BD810201D5112070BDC10201D599
:100AB000122070BD010301D5132070BD410301D583
:100AC000142070BD810301D5152070BDC10301D56F
:100AD000162070BD010401D5172070BD410401D559
:100AE000182070BD810401D5192070BD000701D503
:100AF0001A2070BD204670BD342C014008E0FFFD77
:100B000010B500240E4A116800E0116811F0450F7D
:100B1000FBD0480705D50324042001F0A9FC20469A
:100B200010BDC80705D00124012001F0A1FC20461A
:100B300010BD40F2FF5001F09BFC204610BD0000AC
:100B4000342C014010B500240A4A116800E01168F5
:100B500011F0450FFBD0480705D50324042001F010
:100B600087FC204610BD40F2FF5001F081FC20467A
:100B700010BD0000342C014070B506460C4600251F
:100B80001C4A106800E0106810F0450FFBD04107C8
:100B900005D50324042001F06BFC204670BDC0077E
:100BA00005D00124012001F063FC204670BD01F056
:100BB0009BFCB04201D0102070BD40F2FF5001F00C
:100BC00057FC002001F0B2FC10F4604F03D0810408
:100BD00005D5132070BD000C2080284670BD41044F
:100BE00001D5102070BD000401D50F2070BD28462E
:100BF00070BD0000342C014010B500204FF480314E
:100C00000D4B1A6801E0491E1A6812F0450F01D118
:100C10000029F8D109B1510705D50324042001F0BA
:100C200027FC204610BD5106FCD50024402001F0D1
:100C30001FFC204610BD0000342C0140FFF722BCF1
:100C400002F0AEB9074A904201D2074801E00548D8
:100C50001038064A8B0001EA020101D5C1607047D5
:100C60008160704710640240006002407D0F7D0F7C
:100C7000002904D0016841F001010160704701685A
:100C800021F00101016070472DE9F043016821F076
:100C9000010101600021016041608160C16001616A
:100CA000212141613E493E4A10394FF03D089042B2
:100CB00003D1C1F80880BDE8F083394A4FF4746568
:100CC0001832904201D18D60F5E7354A4FF4741621
:100CD0003032904201D18E60EDE7314A4FF07467B7
:100CE0004832904201D18F60E5E72D4B2D4A6033A9
:100CF000984201D1CA60DEE7294C2B4B7834A042E0
:100D000001D1CB60D7E7DFF898C0284C0CF1900CEC
:100D1000604501D1CC60CEE7DFF884904FF03D5CB8
:100D200009F1A809484502D1C1F80CC0C3E7204920
:100D3000DFF87C900839484502D1C1F80080BAE755
:100D4000DFF86C8008F11808404501D10D60B2E76A
:100D5000174D3035A84201D10E60ACE7144D48352F
:100D6000A84201D10F60A6E7114D11496035091F56
:100D7000A84201D10A609EE70D4A7832904201D123
:100D80000B6098E70A4A9032904201D10C6092E7DA
:100D9000074AA83290428ED1C1F800C08BE700000C
:100DA000106002403D000020400F002000003D2068
:100DB00010640240002904D0016841F02001016064
:100DC0007047016821F02001016070470146002052
:100DD0000968C90700D001207047000002460020C2
:100DE000084B9A4201D2084A01E0064A103A8B00A9
:100DF00001D5526800E01268044B1A400A4200D044
:100E00000120704710640240006002407D0F7D0F9A
:100E10000B0609D522B1436943F08003436103E027
:100E2000436923F080034361802905D001F01E014E
:100E30001AB102680A430260704702688A4302607E
:100E40007047000030B50368124A1340CC680A6846
:100E50002243D1E905452C432243CC6922430C6A45
:100E600022434C6A22438C6A22434C6B22438C6B94
:100E700022431A430260426922F00703D1E90B249E
:100E800022431A4342610A6942604A688260896863
:100E9000C16030BD3F801CF041607047002101609F
:100EA00041608160C160016141618161C161016234
:100EB00041628162C162016341638163704770472F
:100EC00030B54FF47A72A0FB023501FB02510024C9
:100ED00000FB041118469DE000BF00BF00BF00BF2B
:100EE00000BF00BF00BF00BF00BF00BF00BF00BF0A
:100EF00000BF00BF00BF00BF00BF00BF00BF00BFFA
:100F000000BF00BF00BF00BF00BF00BF00BF00BFE9
:100F100000BF00BF00BF00BF00BF00BF00BF00BFD9
:100F200000BF00BF00BF00BF00BF00BF00BF00BFC9
:100F300000BF00BF00BF00BF00BF00BF00BF00BFB9
:100F400000BF00BF00BF00BF00BF00BF00BF00BFA9
:100F500000BF00BF00BF00BF00BF00BF00BF00BF99
:100F600000BF00BF00BF00BF00BF00BF00BF00BF89
:100F700000BF00BF00BF00BF00BF00BF00BF00BF79
:100F800000BF00BF00BF00BF00BF00BF00BF00BF69
:100F900000BF00BF00BF00BF00BF00BF00BF00BF59
:100FA00000BF00BF00BF00BF00BF00BF00BF00BF49
:100FB00000BF00BF00BF00BF00BF00BF00BF00BF39
:100FC00000BF00BF00BF00BF00BF00BF00BF00BF29
:100FD00000BF00BF00BF00BF00BF00BF00BF00BF19
:100FE00000BF00BF00BF00BF00BF00BF00BF00BF09
:100FF00000BF00BF00BF00BF00BF00BF00BF00BFF9
:1010000000BF00BF00BF00BF00BF00BF00BF00BFE8
:1010100000BF00BF421E41F1FF331046D2431946C4
:1010200072EA03027FF458AF30BD000030B58FB0D4
:101030000121880501F0E6F81A4C00212046FFF74F
:1010400017FE2046FFF7C2FE0028FAD12046FFF720
:101050001BFE154D20462946FFF7F4FD6846FFF7B5
:101060001DFF00220092802003900123049301922F
:101070000E4802905802059006928000079080006A
:1010800008900B920C930D920E92099200010A9017
:1010900069462046FFF7D6FE29462046FFF7D2FDD7
:1010A0000FB030BD106402403D0080108000006C25
:1010B0008000A0F1C040002904D0016841F0010186
:1010C000016070470168024A1140016070470000EA
:1010D000FEFF0F0070B501688900A1F1C0410B68E7
:1010E000344A1340D0E901242243D0E903452C437C
:1010F00022434469224384692243C4692243046A27
:101100002243446A2243846A2243C46A2243046B12
:1011100022431A430A608168082907D101688900BF
:10112000A1F1C0410A6842F040020A600168491C0E
:101130008A00A2F1C042116801F04044416BD1E93C
:10114000003543EA05138D688E892D0245EA064570
:101150002B430D8A43EA05530D7D896943EA0563F4
:101160000B4323431360C16AB1F5804F08D0006878
:101170006FF070418000A0F1C040C0F8041170BD54
:1011800001688900A1F1C041D1F804210A4B1A403D
:10119000806BD0E9003443EA041384688589240213
:1011A00044EA05448069234303431343C1F80431EF
:1011B00070BD00008000F7FF0000F0CF014602A0E4
:1011C00002F0EAFCFEE700005B464154414C5D2022
:1011D00025730D0A000000002DE9FC470E4600248F
:1011E000002700970197574D4FF0080AC5F800A057
:1011F000102068604FF04009C5F80890EF604FF488
:101200008068C5F81080284601F0C6F91020FFF765
:10121000F9FB002832D14C480089000428603720AF
:101220006860C5F80890EF60C5F81080284601F0A6
:10123000B3F93720FFF7E6FB00281FD1411E05F167
:1012400014000160C0F804A0302181600221C16057
:1012500007610121416101F023F92F6033206860AB
:10126000C5F80890EF60C5F81080284601F094F9A1
:101270003320FFF7C7FB0546280001D0BDE8FC87F7
:101280004FF4001A6F46DFF8C48040F22A6908E084
:10129000504601F02FF920B101F078F947F8240009
:1012A000641CD8F8000010EA090FF1D0082001F002
:1012B00021F920B1082001F0DBF80420DEE702204C
:1012C00001F018F920B1022001F0D2F80220D5E790
:1012D000202001F00FF920B1202001F0C9F80620EC
:1012E000CCE74FF40074204601F004F920B1204609
:1012F00001F0BEF80720C1E740F2FF5001F0B8F856
:1013000000980099000601F47F4140EA012000990D
:1013100001F47F0140EA1120009940EA11607060F9
:1013200001980199000601F47F4140EA01200199EA
:1013300001F47F0140EA1120019940EA1160306018
:1013400028469BE7A081001028800010342C014023
:101350002DE9F041002201274FF0030C07FA02F5B6
:101360000B682B40AB422CD1066853000CFA03F4F7
:10137000A64306600E79D0F800809E4046EA080633
:1013800006600E79012E01D0022E12D18668A64386
:1013900086604E79D0F808809E4046EA080686604E
:1013A0004668AE43466045688E799640B6B235438E
:1013B0004560C568A543C560CC799C40C3681C43A3
:1013C000C460521C102AC9D3BDE8F08110B54B0788
:1013D000DB0E9A40C90800EB8100016A0F249C4093
:1013E000A1430162016A1143016210BD024600205F
:1013F00012690A4200D001207047090481617047D8
:101400008161704770B5244C6079002803D1A079C0
:1014100008B9E07930B16421206905F063FE012844
:1014200002D036E0002070BDE0790025C0B1E57142
:10143000E07818B1E078012808D011E0FFF7E6F96C
:101440000120E07015A002F0A7FB09E0FFF754FAB5
:10145000E57005F06FFF1449C86014A002F09CFB12
:10146000607950B1657120780521401CB0FBF1F224
:1014700001FB120000F06AFF05E0A07918B1A57128
:10148000207800F063FF00231A461946206905F012
:1014900021FD012070BD0000CC80001050617573EB
:1014A00065640D0A00000000C8DC00105265737509
:1014B0006D65640D0A000000044624A003F0BEFD23
:1014C000FCB128A0216803F0C3FD28A0616803F0E7
:1014D000BFFD28A0A16803F0BBFD28A0E16803F0D0
:1014E000B7FD28A0216903F0B3FD28A0616903F0CE
:1014F000AFFD28A0A16903F0ABFD28A0E16903F0CE
:10150000A7FD2848016828A003F0A2FD2548001D7A
:10151000016827A003F09CFD22480C30016826A03A
:1015200003F096FD1F481030016825A003F090FDE0
:10153000EFF3088124A003F08BFDEFF3098124A0D1
:1015400003F086FD24A003F079FDFEE70D0A2A2AA8
:101550002A2048415244204641554C54202A2A2AE8
:101560000D0A0000523020200000000052312020DF
:1015700000000000523220200000000052332020E2
:101580000000000052313220000000004C522020A8
:10159000000000005043202000000000785053520B
:1015A0000000000028ED00E0434653520000000018
:1015B00048465352000000004D4D46415200000085
:1015C00042464152000000004D53502000000000F0
:1015D00050535020000000002A2A2A20E5819CE474
:1015E000BD8F202A2A2A0D0A0000000030B50346CC
:1015F00000209A8A02F0020422F010052C4308D041
:101600001B8B1B041A4322F07F42914300D101201F
:1016100030BD002030BD002904D0018841F0010117
:1016200001807047018821F00101018070470000AE
:1016300010B5154988420AD101214C05204600F019
:101640000BFE2046BDE81040002100F005BE0F490A
:1016500088420AD101218C05204600F0FDFD20467C
:10166000BDE81040002100F0F7BD094988420AD1C9
:101670000121CC05204600F0EFFD2046BDE81040DA
:10168000002100F0E9BD10BD0054004000580040AA
:10169000005C0040002904D0018841F48071018081
:1016A0007047018821F4807101807047002904D0BF
:1016B000018841F4007101807047018821F40071B4
:1016C000018070470CB50246002000920A0F01927B
:1016D00021F07F41019A002A03D0009A143200922F
:1016E00003E0090C009A18320092009A12680A422C
:1016F00000D001200CBD00007FB504460D46A08837
:1017000020F03F06684600F0D1FD02982749B0FB63
:10171000F1F189B20E43A680228822F001022280D4
:10172000234B2A689A4209D85200B0FBF2F080B2EB
:10173000042800D20420491C218423E0EB88A3F56F
:101740003F46FF3E0BD002EBC20303EB0212B0FB9D
:10175000F2F080B240F48040020506D007E002EBD0
:101760004202B0FBF2F080B2F6E740F0010040F434
:1017700000404FF4967251434FF47A72B1FBF2F18C
:10178000491C2184A083208840F00100208020880B
:101790004FF6F5310840A9886A8911430143218039
:1017A000A8892989084320817FBD000040420F009D
:1017B000A0860100002A02D041F0010101E001F001
:1017C000FE010182704701827047002904D0818B9D
:1017D00041F4806181837047818B21F48061818332
:1017E00070470000F0B502220023848B4FF24005C1
:1017F0002C40848302240484868B8C68022C50D075
:101800008A8862B320224B884FF6FF77202B01D8BD
:1018100007EA4202324B1C68240203D51C6824F4F8
:1018200000041C602E4B7C331C68C4F388141B68B6
:10183000C3F30275DFF8A8C0ACF1040CDCF800308B
:1018400003F03F03DCF800C05FEA4C2C09D5DFF859
:1018500094C0BCFBF3F36343B3FBF5F308E0102241
:10186000D1E7DFF884C0BCFBF3F36343B3FBF5F3CC
:10187000CC88B4F5007F29D05201B3FBF2F202EB21
:1018800082028B685200B2FBF3F2521D92B20A231D
:10189000B2FBF3F202F00103D21AC2F34F0207EADD
:1018A0000323941EFE2C01D302220023CC881A436A
:1018B000144304840A884B881A438B8889890B4314
:1018C0001A43324342F400618183F0BD1A0A02EBED
:1018D00082028B685200B2FBF3F2521D92B2D6E73D
:1018E0000838024000127A000024F40030B50446A3
:1018F0004FF41635002140F2DF1340F23F12084644
:1019000000F036FA00214FF0D84202E0A2F8804001
:10191000491CA942FAD330BD70B500F0EBF8FFF7CF
:1019200085FB724D4FF4004421462846FFF765FDC4
:1019300014200021FFF7C4FA21462846FFF760FD76
:1019400078200021FFF7BCFAE02000F037FA0020F1
:1019500000F038FA032000F035FA092000F032FADE
:10196000082000F02FFA162000F02CFA0A2000F0D0
:1019700029FA3F2000F026FA782000F023FA4C20C4
:1019800000F020FA092000F01DFA0A2000F01AFAEF
:10199000082000F017FA162000F014FA1A2000F0C0
:1019A00011FA0F2000F00EFAE12000F007FA0020F3
:1019B00000F008FA162000F005FA192000F002FAEB
:1019C000032000F0FFF90F2000F0FCF9052000F0E3
:1019D000F9F9322000F0F6F9452000F0F3F946203D
:1019E00000F0F0F9042000F0EDF90E2000F0EAF923
:1019F0000D2000F0E7F9352000F0E4F9372000F081
:101A0000E1F90F2000F0DEF9C02000F0D7F917202F
:101A100000F0D8F9152000F0D5F9C12000F0CEF97A
:101A2000412000F0CFF9C52000F0C8F9002000F0F7
:101A3000C9F9122000F0C6F9802000F0C3F9362061
:101A400000F0BCF9482000F0BDF93A2000F0B6F9EA
:101A5000552000F0B7F9B02000F0B0F9002000F0F8
:101A6000B1F9B12000F0AAF9A02000F0ABF9B42040
:101A700000F0A4F9022000F0A5F9B62000F09EF9CC
:101A8000022000F09FF9022000F09CF93B2000F0BA
:101A900099F9B72000F092F9C62000F093F9F720E9
:101AA00000F08CF9A92000F08DF9512000F08AF99E
:101AB0002C2000F087F9822000F084F9112000F03A
:101AC0007DF978200021FFF7FBF9292000F076F955
:101AD00032200021FFF7F4F91F20FFF707FF21460E
:101AE000BDE870400248FFF78BBC000000180240C0
:101AF000000402402DE9F04F9FB00121084600F09C
:101B00008FFB01217E2000F07DFB02258DF87850AF
:101B100003208DF8790000248DF87A408DF87B4001
:101B20004CF203701D908C4E1DA93046FFF710FC3F
:101B30000C2200213046FFF749FC0C2201213046DF
:101B4000FFF744FC0C2208213046FFF73FFC0C2233
:101B500009213046FFF73AFC0C220A213046FFF7F4
:101B600035FC0C220E213046FFF730FC0C220F21F1
:101B70003046FFF72BFC4FF680711D91774F1DA962
:101B80003846FFF7E5FB0C2207213846FFF71EFC1D
:101B90000C2208213846FFF719FC0C22092138468F
:101BA000FFF714FC0C220A213846FFF70FFC0C2229
:101BB0000B213846FFF70AFC0C2211463846FFF786
:101BC00005FC0C220D213846FFF700FC0C220E21EB
:101BD0003846FFF7FBFB0C220F213846FFF7F6FBD8
:101BE00030211D911DA93046FFF7B2FB0C220421C4
:101BF0003046FFF7EBFB0C2205213046FFF7E6FBF2
:101C0000EF021D97DFF858911DA94846FFF7A0FB8A
:101C10000C2211464846FFF7D9FB1D97DFF8448197
:101C20001DA94046FFF794FB0C2211464046FFF7E2
:101C3000CDFB01261D968DF878608DF87A408DF8E1
:101C400079508DF87B40DFF820A11DA95046FFF7A1
:101C50007FFB04201D908DF878408DF87B401DA9F6
:101C60005046FFF775FBA8021D908DF878608DF83F
:101C70007A408DF879508DF87B401DA94046FFF7DA
:101C800067FB4FF40058CDF874808DF878608DF8BC
:101C90007A408DF879508DF87B60DFF8D0B01DA9BF
:101CA0005846FFF755FB41465846FFF7A9FB1D95DF
:101CB0008DF878408DF87B501DA95046FFF748FB02
:101CC0004FF40048CDF874808DF878608DF87A4034
:101CD0008DF879508DF87B401DA94846FFF738FBF9
:101CE00041464846FFF78CFBCDF874801DA950464D
:101CF000FFF72EFB41465046FFF77FFB16951794E2
:101D00000A20189019941A941B941C940F951094FF
:101D10001190129413941494159406200090019439
:101D20000294102003900494069405940794089458
:101D300009970A9480020B900C9416A80D900FA896
:101D40000E906846FFF7C6F901210620FFF7B0F9AB
:101D50001FB0BDE8F08F0000000C024000100240F0
:101D60000018024000140240000402400008024033
:101D700030B504460D462A2000F020F8200A00F075
:101D800021F8E0B200F01EF8100A00F01BF8D0B203
:101D900000F018F82B2000F011F8280A00F012F8D3
:101DA000E8B200F00FF8180A00F00CF8D8B200F012
:101DB00009F8BDE830402C20AFF300804FF0D84147
:101DC0000880704701490880704700008000006C5F
:101DD0001CB50121102000F015FA1C2000900020F5
:101DE0008DF8040001208DF8070069460148FFF7CF
:101DF000AFFA1CBD001002402DE9F04706460C4624
:101E0000DFF86C801B4F2BE0B4F5803F02D34FF618
:101E1000FF7500E0254600213846FEF729FF3846C9
:101E2000FEF7D4FF0028FAD141463846FEF70AFFF4
:101E3000104808300660A9B23846FFF72DF8BFF306
:101E40004F8F01213846FEF713FFDFF82C903846FC
:101E50004946FEF7C3FF0028F9D006EB4506641B90
:101E6000002CD1D141463846BDE8F047FEF7EABE26
:101E70003D0080101064024020000010FEE70000CA
:101E800070B500244FF4967501220BA10B4802F0A7
:101E90008DFE014669B1621C09A001F07DFE284655
:101EA0000021FFF70DF8641CE4B2052CECD30D20E3
:101EB00070BD002070BD0000313A0000986B012019
:101EC0005344206D6F756E74206661696C282564BB
:101ED000292C2072657472792025752F350D0A0022
:101EE000704738B54FF4407000F04CF831208DF851
:101EF000000000208DF801008DF8020001248DF80B
:101F00000340684600F00AF83B208DF800008DF889
:101F10000140684600F002F838BD000030B50F23DC
:101F2000C27801250178002A1FD0154A126802F4F0
:101F3000E062C2F5E062C2F30722C2F10404D340BA
:101F40004278A24084781C401443220101F1E02130
:101F500081F80024007800F01F018D4040098000C6
:101F600000F1E020C0F8005130BD01F01F008540B5
:101F70004809800000F1E020C0F8805130BD000029
:101F80000CED00E002490843024908607047000078
:101F90000000FA050CED00E0F0B58FB00646002514
:101FA00004954C4F7878002803D04B4802F0EEFDA2
:101FB0007D70484C01221C34474854F8261002F02A
:101FC0001FFE02463AB154F8261044A001F0E4FD89
:101FD00001200FB0F0BD0120787004AB282205A9C4
:101FE0003D4802F001FF10B90498282808D040A00D
:101FF00001F0D2FD384802F0C9FD7D700220E8E70B
:10200000282205A93F48FEF778F94FF4F04C3D4CE3
:102010003D492068884201D001212CE0A18859B1B6
:10202000E2884AB1208948B163893BB1E06808B1D0
:10203000604505D904211EE002211CE003211AE0BD
:102040005FEAC05C01D0052115E051432269B2EB83
:10205000410F01D006210EE05843904201D00721E4
:1020600009E0E06930B1B0F5005F01D8800701D028
:10207000082100E0002141B124A001F08DFD1648A7
:1020800002F084FD7D700320A3E7E06960B121695F
:1020900008446169484328300F49C968814203D226
:1020A0001FA001F079FDE5613E70BD70E06908B1E7
:1020B00023A000E019A06389E2686169CDE90210FC
:1020C000CDE900322389E288A1881FA001F064FDD8
:1020D00000207EE7CC800010CC6D01204F70656E33
:1020E000202573206661696C3A25640D0A000000A2
:1020F0005265616420686561646572206661696C1F
:102100000D0A0000A0DC0010564D503142616420E1
:10211000686561646572282564290D0A0000000065
:102120005B5741524E5D204E6F20617564696F2090
:10213000646174612C206D7574650D0A00000000E7
:10214000202B617564696F002E7669643A25757875
:102150002575202575667073202575626C6B2F665A
:1021600020256C754220256C7566726D25730D0AED
:102170000000000010B505F0CFF8012803D0BDE83D
:102180001040FEF73BB810BD2DE9FC4105F0D2F838
:10219000104C2169401AB0F57A7F18D30E4DA8690A
:1021A00004F0D6FB0646686904F0D2FB0746FEF74A
:1021B0000DFC0246E8783B46CDE9006007A0A16827
:1021C00001F0EAFC0020A06005F0B4F82061BDE851
:1021D000FC810000C8DC0010CC8000106670733DEC
:1021E000257520756E3D256C752073746B28723DC6
:1021F000257520643D2575292073743D25640D0ADD
:1022000000000000054A002903D011680143116055
:1022100070471168814311607047000030380240F8
:10222000054A002903D01168014311607047116805
:10223000814311607047000038380240054A002988
:1022400003D0116801431160704711688143116028
:102250007047000040380240054A002903D0116849
:10226000014311607047116881431160704700009D
:1022700020380240054A002903D01168014311604B
:102280007047116881431160704700004438024074
:10229000054A002903D01168014311607047116895
:1022A00081431160704700002438024070B5244B10
:1022B000196801F00C01234C00291ED06610042976
:1022C0001DD008291DD00460196801F0F00109092A
:1022D0001D4A545C0168E14041601C6804F4E0540C
:1022E000A40A145D21FA04F484601B6803F46043BB
:1022F0005B0BD25CD140C16070BD0460E4E7066056
:10230000E2E70F4A121F1168C1F38055116801F00E
:102310003F0135B1B6FBF1F11468C4F38814614391
:1023200005E0B4FBF1F11468C4F38814614312684A
:10233000C2F30142521C5200B1FBF2F10160C3E74B
:10234000083802400024F4000080001038B504462C
:10235000FEF75CFA00254FF4F0734FF4A0722946A3
:102360002846009501F026F907490C718D7002206E
:10237000C87014210548FDF7D9FF04F0DBFF0349BD
:102380000861C86038BD0000CC800010C8DC0010B7
:102390002DE9FC470646002400940194002000F03B
:1023A000C5F8800102D50E20BDE8FC872E4D694698
:1023B000288980B2FEF710FF0028F5D137202B4F77
:1023C0004FF0060A4FF040094FF48068012E22D0EA
:1023D0000199C90345D52989090439607860C7F88E
:1023E0000890FC60C7F81080384600F0D5F8372018
:1023F000FEF708FB0028D7D13C60C7F804A0C7F857
:102400000890FC60C7F81080384600F0C5F8062038
:10241000FEF7F8FAC8E70199490320D5298909048C
:1024200039607860C7F80890FC60C7F810800F48E2
:1024300000F0B2F83720FEF7E5FA0028B4D1022008
:102440003860C7F804A0C7F80890FC60C7F810808F
:10245000064800F0A1F80620FEF7D4FAA4E72520EC
:10246000A2E72520A0E7000028800010A08100102E
:102470000149086070470000382C0140014908609C
:1024800070470000382C0140014908607047000087
:10249000A080254201490860704700008C852542D4
:1024A00010B50A4A01681160121D41681160141DBF
:1024B000216821F0F701D0E902231A43D0E9043062
:1024C00003431A430A43226010BD0000242C01403C
:1024D00010B50121CC022046FFF7DAFE2046BDE808
:1024E00010400021FFF7D4BE01480068C0B2704719
:1024F000102C014001460020024A12680A4200D016
:1025000001207047342C014001460020024A126825
:102510000A4200D001207047342C01400248006874
:1025200000F0030070470000002C014008B503498B
:10253000084400900098006808BD0000142C014079
:1025400000F042BD054A002903D011680143116023
:102550007047116881431160704700003C2C0140B6
:1025600030B5094B196847F6FF629143027D8468D4
:10257000C568224344682C4322430468006922430F
:1025800002430A431A6030BD042C01400148006830
:1025900070470000802C014010B5084A01681160A6
:1025A000141D21686FF30A01D0E901231A43D0E911
:1025B000033003431A430A43226010BD082C014034
:1025C0000149086070470000002C014008B5012057
:1025D000009008210448FEF709FF08B10020009090
:1025E0009DF8000008BD0000000C02402DE9F041FC
:1025F000014600241C484068032805D038B1012852
:1026000005D0022803D02DE02720BDE8F081B1F5E8
:10261000805F0CD04FF400670026144DB94212D1F0
:102620000120FFF7B5FE0446200002D01AE0272063
:10263000EBE72E752E606E60AE60EF602E610B488A
:10264000FFF78EFF0EE00020FFF7A2FE04462000F9
:1026500008D12E752E606E60AE60EE602E6103486C
:10266000FFF77EFF2046D0E7288000108881001009
:102670002DE9F04397494E6880F856600989A0F823
:102680005410DFF854C2DCF800100A0E93090370EE
:10269000C2F38303437002F0030282700A0CC2701B
:1026A0000A0A02714171DCF80420110E0901C1808F
:1026B000C2F30741C38843EA1113C38001F00F013D
:1026C0000172C2F30721CB094372C1F380138372F5
:1026D000C1F34013C372C1F30013037300234373A8
:1026E00064460127D4F80880002E4FEA1864C8F326
:1026F0000745C8F3072904D0012E02D0022E3AD094
:1027000051E08907090D0161D1B2026942EA8101F4
:102710000161016941EA94110161C4F3C2010175CB
:1027200004F00701417569098175C5F38201C1751E
:10273000A907490F01764946027E42EAD112027684
:102740000269521C047EA41C07FA04F6A2FB064987
:10275000F51703FB069602FB0565027A07FA02F9F4
:10276000C0F85090A4FB092605FB096504FB03543F
:10277000C0E9122417E09106890A0161016941EA62
:102780000421016101692943016149460269521C22
:1027900043F10004E40444EA5234D204C0E91224B0
:1027A0004FF4007202651C30C1F3801200F8032C54
:1027B0008906490E00F8021C08F0FF0110F8022CEF
:1027C00042EAD11200F8022C01F07F0100F8011C4E
:1027D000DCF80C20110ECC090470C1F341144470D4
:1027E000C1F3820484708907090FC170C2F30741E5
:1027F000C47844EA9114C470C1F340140471437165
:1028000001F001018171C2F30721CC09C471C1F348
:1028100080140472C1F340144472C1F30014847232
:10282000C1F38104C47201F003010173D1B24908FC
:1028300041738773284A103211680C0E04740C0C13
:1028400024024482C1F30724458A254345820906B0
:10285000416151680C0E456945EA04444461C1F385
:102860000744456945EA04244461C1F307244569E6
:1028700025434561017691680C0E44760C0C2406C4
:10288000C461C1F30724C56945EA0444C461C9B2FF
:10289000C46944EA0121C161D1680A0EC4691443C4
:1028A000C461C1F3074290F8204044EA121480F852
:1028B00020401207120D4284C1F30722448C1443B6
:1028C0004484C9B2490880F8241080F8257018465D
:1028D000BDE8F083288000100081001008B50020BA
:1028E0000090FFF773FE012801D0FF2008BD684665
:1028F00000F036FC08B1FF2008BD0098C0F343206B
:1029000008BD10B5FFF7EAFF042803D0FF2803D065
:10291000012010BD002010BD022010BD2DE9F043A4
:1029200093B0002711971297402101A8FDF7FEFCF4
:1029300001AC514807700761C76050490F600089BA
:1029400011A980B2FEF748FC00285CD1129911F061
:10295000407100D00121002955D0494D4FF0400869
:10296000C5F8008010206860C5F80880EF604FF45B
:102970008069C5F810902846FFF70EFE1020FEF77C
:1029800041F800283FD1461E05F114000660C0F84A
:102990000480602181600221C160076101214161E1
:1029A000FFF77EFD3748286006206860C5F808807C
:1029B000EF60C5F810902846FFF7EEFD0620FEF701
:1029C00021F800281FD12D4F4FF40049083740F25D
:1029D0002A680CE04846FFF78DFD40B10025FFF75F
:1029E000D5FD44F825006D1C082DF8D32034386837
:1029F00010EA080FEED00820FFF77CFD30B1082068
:102A0000FFF736FD042013B0BDE8F0830220FFF786
:102A100071FD20B10220FFF72BFD0220F3E72020FB
:102A2000FFF768FD20B12020FFF722FD0620EAE72E
:102A30004FF400752846FFF75DFD20B12846FFF7EB
:102A400017FD0720DFE74FF4001503E0FFF79EFDB9
:102A500001C4761E2846FFF74DFD08B1002EF5D1C2
:102A600040F2FF50FFF704FD9DF81100800701D5EB
:102A70000020C8E72720C6E7288000102C2C014042
:102A8000A081001001FFFF80F8B50024009400F041
:102A900067F9FFF71DFD00F0C1F900909DF80000F7
:102AA00010B19DF80000F8BD00F044F800909DF8CA
:102AB000000010B19DF80000F8BD1D4D2C752C6074
:102AC0006C60AC60EC602C612846FFF749FDA5F115
:102AD0005800FFF7CDFD00909DF8000040B9A5F12A
:102AE00058000021B0F85400000400F023FB0090CF
:102AF0009DF800004FF4006618B93046FFF776FDE8
:102B000000909DF8000010B9FFF708FF00909DF8B5
:102B1000000050B92C752C604FF480606860AC6088
:102B2000EE602C610248FFF71BFD9DF80000F8BD28
:102B3000888100102DE9F84F002401200090FFF754
:102B4000EDFCE0B1DFF8FC8000263F4DD8F8040032
:102B50004FF0C0094FF4806704282AD02E6002206D
:102B60006860C5F80890EE602F612846FFF714FDF5
:102B7000FDF7C6FF0446200003D0BDE8F88F2520EE
:102B8000FBE70020FFF7D2FCDFF8BCA0AAF1900A17
:102B9000CAF800000420FFF7C9FCCAF804000820A6
:102BA000FFF7C4FCCAF808000C20FFF7BFFCCAF806
:102BB0000C00D8F8040028B1012803D0062801D061
:102BC000022811D12E60032068604020A860EE60CA
:102BD0002F611D48FFF7E0FC69460320FDF7CCFF9D
:102BE0000446200000D0C8E7D8F80400042826D006
:102BF000BDF80000C8F808000004286009206860DB
:102C0000C5F80890EE602F610F48FFF7C5FCFDF78F
:102C100077FF0446200000D0AFE70020FFF786FCD6
:102C2000094DA03D28600420FFF780FC6860082063
:102C3000FFF77CFCA8600C20FFF778FCE8602046DA
:102C40009BE7000028800010A081001070B590B0B4
:102C500005460C461D4E4FF0FA513046FDF7F2FF87
:102C600000213046FEF704F83046FEF70DF84FF02D
:102C7000006001901648029003950020049005948E
:102C800006903115079189000891890009910A90F1
:102C90004FF440300B9004200C9003200D9048021C
:102CA0000E9080100F9001A93046FEF7CBF801225C
:102CB00010213046FEF7ACF820213046FEF77AF8B6
:102CC00001213046FDF7D4FF10B070BD58640240BA
:102CD000802C014070B590B004460D461E4E4FF05A
:102CE000FA513046FDF7AEFF00213046FDF7C0FF38
:102CF0003046FDF7C9FF4FF0006001901748029081
:102D0000039440200490059500200690311507910A
:102D100089000891890009910A904FF440300B9086
:102D200004200C9003200D9048020E9080100F900C
:102D300001A93046FEF786F8012210213046FEF741
:102D400067F820213046FEF735F801213046FDF7BF
:102D50008FFF10B070BD000058640240802C01400D
:102D60002DE9FC4101210C20FFF74CFA294F0C22E0
:102D700008213846FEF72AFB0C2209213846FEF7C7
:102D800025FB0C220A213846FEF720FB0C220B21E2
:102D90003846FEF71BFB0C2211463846FEF716FBA1
:102DA0001D4E0C2202213046FEF710FB4FF47060DE
:102DB000009002218DF805108DF8041000248DF884
:102DC000064001258DF8075069463846FEF7C0FADF
:102DD0000420009069463046FEF7BAFA28030090B6
:102DE0008DF8074069463846FEF7B2FA0820009091
:102DF0008DF804408DF8075069463046FEF7A8FA72
:102E00000121C802FFF736FA01218805FFF7FAF918
:102E1000BDE8FC8100080240000C02402DE9F84F9B
:102E200000270097BB460024A2460025594876217A
:102E30000175076047608760C7600761FFF790FB17
:102E40000320FFF7BDFB0120FFF71EFB514E183694
:102E500037607760B760F7604FF48069C6F810900C
:102E60003046FFF799FBFDF7B8FD00909DF8000094
:102E700018B19DF80000BDE8F88F4FF4D5703060B0
:102E8000082070604FF04008C6F80880F760C6F868
:102E9000109040481830FFF77FFBFDF7ADFE009023
:102EA0009DF8000018B3376037207060C6F80880BE
:102EB000F760C6F8109037481830FFF76DFB3720E1
:102EC000FDF7A0FD0090376037207060C6F80880DD
:102ED000F760C6F810902F481830FFF75DFB3720D9
:102EE000FDF790FD00909DF8000090B34FE02A4858
:102EF000012141608D07E6E7376037207060C6F832
:102F00000880F760C6F8109022481830FFF744FB9D
:102F10003720FDF777FD00909DF8000010B19DF877
:102F20000000A8E71D482843306029207060C6F8DB
:102F30000880F760C6F8109016481830FFF72CFB91
:102F4000FDF700FE00909DF8000018B19DF800000C
:102F500091E706E00020FFF7E9FA83464FEADB7AC3
:102F6000641CBAF1000F03D14FF6FF708442C3D343
:102F70004FF6FF70844204D31B2000909DF80000A0
:102F800079E71BF0804F02D00348022141609DF891
:102F9000000070E788810010288000100000108079
:102FA0000748006810F0C05F08D00649012048615A
:102FB00003484FF0C2515830FDF744BE704700003F
:102FC000006402402880001070B54FF480752846D8
:102FD000FFF79AFA214C38B1002020702846FFF7FD
:102FE0004DFA0120206132E00220FFF78DFA28B16E
:102FF0000220FFF743FA0220207028E00820FFF7A4
:1030000083FA28B10820FFF739FA042020701EE067
:103010002020FFF779FA28B12020FFF72FFA0620A9
:10302000207014E01020FFF76FFA28B11020FFF78E
:1030300025FA052020700AE04FF400752846FFF7B6
:1030400063FA20B12846FFF719FA07202070002103
:103050004CF23A30FFF776FA207870BD28800010E5
:103060002DE9F05F8346DDE90A6714461D46DFF867
:10307000B8A04FF000088AF80080CAF810804FF01E
:103080000109CAF80C902948C0F80080012140F2DB
:103090002A30FFF757FA07FB06F15846FFF7D6FD2F
:1030A0000120FFF7F7F9DAF80400022803D106023D
:1030B000640A44EAC5541E4D2E60102068604FF02B
:1030C000400AC5F808A0C5F80C804FF4806BC5F81D
:1030D00010B02846FFF760FA1020FDF793FC002897
:1030E00020D1411E05F11400016077434760902113
:1030F00081600221C160C0F81080C0F81490FFF711
:10310000CFF92C6012206860C5F808A0C5F80C80C3
:10311000C5F810B02846FFF73FFABDE8F05F12206F
:10312000FDF770BCBDE8F09F288000102C2C0140FA
:10313000A081001010B5094A10600720506040209F
:1031400090600020D0604FF4806010611046FFF75F
:1031500023FABDE810400720FDF754BCA081001001
:1031600070B50546002D16D00F48008901040F48A0
:1031700001600D214160402181600021C1604FF458
:1031800080610161FFF708FA0D20FDF73BFC044662
:103190001CB1204670BD262070BD0020FFF7C6F987
:1031A0002860204670BD000028800010A08100101B
:1031B00010B50848002101600C2242604022826064
:1031C000C16011010161FFF7E7F9BDE810400C2073
:1031D000FDF718BCA08100102DE9F04100256C1E00
:1031E0002146154E00E0491E706928B9306918B9AA
:1031F000307808B90029F6D1002777610F4800E040
:10320000641E0168890401D5002CF9D1F0680128F9
:1032100003D1FFF7CDFF0546F7602C4300D104250D
:1032200040F2FF50FFF724F9307810B13078BDE854
:10323000F0812846FBE7000028800010342C014074
:103240002DE9F04100256C1E2146154E00E0491E77
:10325000706928B9306918B9307808B90029F6D1F1
:10326000002777610F4800E0641E0168C90401D59A
:10327000002CF9D1F068012803D1FFF799FF05462A
:10328000F7602C4300D1042540F2FF50FFF7F0F81F
:10329000307810B13078BDE8F0812846FBE70000B7
:1032A00028800010342C01402DE9F05F8246DDE9D2
:1032B0000A6714461D46DFF804914FF0000889F8AC
:1032C0000080C9F810800120C9F80C003C48C0F803
:1032D0000080012140F22A30FFF734F907FB06F1A4
:1032E0005046FFF7F7FC0120FFF7D4F8D9F80400A7
:1032F000022803D10602640A44EAC554314D2E6007
:10330000102068604FF0400BC5F808B0C5F80C807D
:103310004FF4806AC5F810A02846FFF73DF9102049
:10332000FDF770FB002847D1B9F8080000042860B9
:1033300037206860C5F808B0C5F80C80C5F810A043
:103340002846FFF729F93720FDF75CFB002833D129
:103350002F6017206860C5F808B0C5F80C80C5F864
:1033600010A02846FFF718F91720FDF74BFB00289F
:1033700022D12C6019206860C5F808B0C5F80C800F
:10338000C5F810A02846FFF707F91920FDF73AFB0A
:10339000002811D105F11402401E106077435760D8
:1033A00090209060C2F80C80C2F81080012050611B
:1033B0001046FFF775F84046BDE8F09F28800010E2
:1033C0002C2C0140A0810010002A03D082880A43DF
:1033D0008280704782888A438280704710B503F0EC
:1033E0009BFF012803D0BDE81040FCF7D9BE10BDFB
:1033F0000CB50022019200922D48016841F4803101
:1034000001604FF4A043016801F40031009101997B
:10341000491C0191009911B901999942F3D10168B0
:10342000890302D50121009100E000920099012951
:103430003CD11F4940310A6842F080520A601D4960
:103440000A6842F440420A60194908310A680A6071
:103450000A6842F400420A600A6842F4A0520A6014
:103460000B1F154A1A60026842F0807202600268FF
:103470009201FCD50E4B114A84331A60026842F067
:103480008062026002681201FCD50D4A40F20570AC
:103490001060086820F003000860086840F002002F
:1034A00008600868C0F381000228FAD10CBD000052
:1034B000003802400070004008544007C04300201C
:1034C000003C024010B503F027FF012803D0BDE8FF
:1034D000104003F05BBC10BD10B51248016841F408
:1034E000700101601048016841F0010101600E4A5D
:1034F00000210832116002680C4B1A400260031D63
:103500000B4A1A60026822F48022026006480C30DE
:103510000160FFF76DFF03494FF0006080390860DC
:1035200010BD000088ED00E000380240FFFFF6FE0D
:1035300010300024FEF71CBC10B590B001218805A6
:10354000FEF760FE184C00212046FDF791FB204657
:10355000FDF73CFC0028FAD12046FDF795FB01A8B9
:10356000FDF79CFC002101910291104803908020FE
:103570000490012205928000069007918000089037
:10358000800009900A9100010B900C910D920E9110
:103590000F9101A92046FDF755FC05492046FDF78E
:1035A00051FB10B010BD0000106402408000006CA0
:1035B0003D0080102DE9F0478046DDF820900D4653
:1035C00016461F46781E83B2701E82B229464046B8
:1035D000FFF7B0FF0AE0444604E0484600F012F866
:1035E000641CA4B2B442F8D36D1CADB2BD42F2D398
:1035F000BDE8F08710B5FEF78FF9BDE81040FFF782
:103600009BBF000001490880704700008000006CEB
:1036100010B5044C6068002803D1012003F0CCFBF6
:10362000606010BD1080001070B586B005460121A5
:103630000846FEF7E7FD01211020FEF71BFE4FF4C0
:103640000071049102218DF814108DF815100024DA
:103650008DF8164001218DF81710164E04A930463A
:10366000FDF776FE3115049104A93046FDF770FE92
:10367000072209213046FDF7A9FE07220A2130461C
:10368000FDF7A4FE0095ADF80440ADF80640ADF896
:103690000840ADF80C400C20ADF80A00064C694615
:1036A000204600F053F80121204600F01BF806B038
:1036B00070BD0000000002400010014010B5074C32
:1036C00040F22551204600F020F8002804D0204682
:1036D00000F09AF80249087010BD00000010014087
:1036E00010800010002904D0818941F400518181AB
:1036F0007047818921F40051818170470246002082
:1037000012880A4200D00120704770B5002440F6AC
:103710006A12C1F3421301F01F05012606FA05F2F1
:10372000012B0CD0022B0DD0838A1340090A8E4046
:10373000008830400BB100B10124204670BD838960
:103740001340F3E7038A1340F0E700007FB5044617
:103750000D46208A20F44051E88808432082A08941
:1037600041F20C618843A9882A8911436A8902437E
:103770001143A181A08A20F44071A8890843A08246
:103780006846FEF793FD1E48844202D01D488442DD
:1037900001D1039800E00298A189090408D500EB43
:1037A000C00101EB001029684900B0FBF1F007E00F
:1037B00000EBC00101EB001029688900B0FBF1F0BB
:1037C0006422B0FBF2F109010B096FF018056B439D
:1037D00000EB8300A3891D044FF0320307D503EBF0
:1037E000C000B0FBF2F000F00700084306E003EB76
:1037F0000010B0FBF2F000F00F00084320817FBD05
:1038000000100140001401408088C0F30800704798
:10381000C1F3080181807047FEE710B502460C46EF
:10382000032000F023F912B140F0030101E020F081
:103830000301032000F024F9022000F017F914B16D
:1038400040F0030101E020F00301BDE81040022038
:1038500000F016B910B50A4600F03F0102F03F042F
:10386000002900D1402104B94024342000F008F997
:1038700044F48071BDE81040352000F001B910B566
:10388000044600F06FF808B1012010BD00210220AD
:1038900000F05EF800210120FFF7BFFF00210120AA
:1038A00000F0D0F821462046FFF7D4FF002000F0BA
:1038B000B9F8002010BD000010B586B0012102202B
:1038C000FEF7A0FC01214805FEF7B8FC1D4C0422C0
:1038D00008212046FDF77AFD042209212046FDF744
:1038E00075FD4FF44071049102218DF814100122EE
:1038F0008DF816208DF817208DF8151004A9204694
:10390000FDF726FD104C2046FDF792FE0021ADF894
:1039100004104BF6FF72ADF80620ADF80810211523
:10392000ADF80A100901ADF80C100849009169467C
:103930002046FDF7E1FE01212046FDF76CFE06B0B2
:1039400010BD00000004024000540040801A060030
:103950008007C00E01F0030140EA4111042000F08D
:103960008FB8000010B54FF4807421462C48FCF746
:10397000DDFCFFF7A1FF0021084600F081F808B147
:10398000012010BD02200021FDF79AFA1B21012021
:1039900000F076F808B1022010BD4FF4D871022073
:1039A00000F06EF808B1032010BD6C21032000F078
:1039B00067F808B1042010BD0021062000F060F86F
:1039C00008B1052010BD10212B2000F059F808B1D6
:1039D000062010BD21462F2000F052F808B1072024
:1039E00010BD2146302000F04BF808B1082010BD72
:1039F0000221312000F044F808B1092010BD08214F
:103A00000A2000F03DF808B10A2010BD08210E2060
:103A100000F036F808B10B2010BD002010BD0000EA
:103A2000CC81001010B502460A2000F01FF812B138
:103A300040F0200101E020F02001BDE810400A2004
:103A400000F01EB810B50024002800D0012419B1E0
:103A500044F0020040F014042146322000F010F837
:103A60002146BDE81040332000F00AB8802803D278
:103A7000024931F81000704700207047CC810010D7
:103A80002DE9F04706460F464FF6FF7844463E4D77
:103A90004FF4003949462846FDF714FE10B1641E64
:103AA000601CF7D164B101212846FDF7F3FD4446BF
:103AB000DFF8D89028464946FDF798FD18B105E093
:103AC0000120BDE8F087641E601CF3D174B12C4660
:103AD000002234212046FDF76DFE4546DFF8B09008
:103AE00020464946FDF782FD30B108E00121284615
:103AF000FDF7DCFD0220E4E76D1E681CF0D195B1F6
:103B0000C7F3002040EA4600C1B22046FDF75BFE45
:103B10004546DFF87C90A9F1020949462046FDF7A9
:103B200065FD30B108E001212046FDF7BFFD03200F
:103B3000C7E76D1E681CF0D17DB12546F9B2284655
:103B4000FDF741FE4446DFF8488008F1020841468F
:103B50002846FDF74BFD30B108E001212046FDF776
:103B6000A5FD0420ADE7641E601CF0D101212846AC
:103B7000FDF79CFD34B1802E02D2064820F8167065
:103B800000209EE705209CE7005400400100030050
:103B900082000700CC8100100FB4054B10B503A9BB
:103BA000044A029800F018F810BC5DF814FB0000FD
:103BB00051520008FC80001002E008C8121F08C122
:103BC000002AFAD170477047002001E001C1121F9E
:103BD000002AFBD1704700002DE9FF4F8DB00F4642
:103BE0000546002606E025280BD0DDE90F12904798
:103BF0006D1C761C28780028F5D111B03046BDE840
:103C0000F08F0024A246A1460122E94900E00443C6
:103C100015F8013F203B02FA03F00842F7D128785B
:103C20002A2810D06FF02F022878A0F1300109293E
:103C300014D80AEB8A0102EB410144F0020400EBC4
:103C4000010A6D1CF0E701CF5FEA000A03D544F4D6
:103C50000054CAF1000A44F002046D1C28782E2892
:103C600017D115F8010F44F004042A280ED06FF084
:103C70002F022878A0F1300109290AD809EB89011F
:103C800002EB410100EB01096D1CF2E757F8049BC0
:103C90006D1C28786C280FD006DC4C2817D06828BB
:103CA0000DD06A2814D104E0742810D07A280FD1DE
:103CB0000DE044F400140AE044F4801401E044F4FC
:103CC00040146978814202D104F580146D1C6D1C8A
:103CD00028786E281ED00CDC632830D004DC002845
:103CE0008BD0582811D19FE0642867D069280CD167
:103CF00064E073282DD004DC6F2872D0702804D1C2
:103D000094E075286ED078286DD0DDE90F129047C9
:103D1000761C4BE1C4F30250022806D0032809D0D8
:103D2000042801CF09D0066040E101CFF117C0E9B6
:103D300000613BE101CF068038E1067036E117F8FB
:103D4000040B8DF8000000208DF80100EB460120E7
:103D500003E057F804BB4FF0FF3061074FF000015C
:103D600002D40DE008F10101884649450FDA80458B
:103D7000F8DB1BF808100029F4D108E008F1010174
:103D800088468142FADB1BF808100029F6D1DDE9EC
:103D90000F23AAEB08008146214600F031F9304498
:103DA00000EB080604E0DDE90F121BF8010B904759
:103DB000B8F10108F7D221464846F2E00A21C4F3DF
:103DC00002524FF0000B0891022A04D001CFC11714
:103DD000032A09D00AE0FF1D27F00707F7E80201D0
:103DE00008E02CE01EE01FE000B2C117042A01D158
:103DF00040B2C117021E71F1000206DA0023D0EBB7
:103E0000030063EB01012D2202E0220504D52B22E1
:103E10008DF82420012203E0E20701D02022F7E7F9
:103E2000904653E00A210BE0102109E010214FF0E9
:103E3000000B44F004044FF00809089103E0082146
:103E40004FF0000B0891C4F30252022A04D001CFB4
:103E50000021032A06D006E0FF1D27F00707F7E838
:103E6000020103E080B2042A00D1C0B24FF0000882
:103E700022072BD52A78702A07D0DDF820C08CF0D5
:103E8000100C5CEA0B0C05D00EE040228DF82420CB
:103E9000012208E050EA010306D030238DF82430D7
:103EA0008DF8252002229046089B83F0080353EAF0
:103EB0000B030BD150EA010201D1620706D5302273
:103EC0008DF824204FF00108A9F101092A78582A19
:103ED00004D038A20B9208AA0A920BE03AA2F9E7A2
:103EE0005B46089AFCF7D8F90B9B9B5C0A9A521E1A
:103EF0000A92137050EA0102F2D10A98ADEB000069
:103F000000F1200B600702D524F4803401E04FF06B
:103F10000109D94502DDA9EB0B0000E0002000EB10
:103F20000B0141440890AAEB010AE00306D4DDE945
:103F30000F232146504600F063F806444FF0000975
:103F400008E009A911F80900DDE90F12904709F10D
:103F50000109761CC145F4DBE0030CD5DDE90F2334
:103F60002146504600F04CF8064404E0DDE90F120B
:103F700030209047761C0899481E08900029F5DCEF
:103F800008E00A980A990078491C0A91DDE90F12A5
:103F90009047761CBBF10001ABF1010BF1DC21462F
:103FA0005046DDE90F2300F019F806446D1C21E6A8
:103FB00009280100303132333435363738396162FF
:103FC00063646566000000003031323334353637C3
:103FD0003839414243444546000000002DE9F04194
:103FE000044600251E461746880404D405E03946D9
:103FF0002020B0476D1C641EF9D52846BDE8F0812D
:104000002DE9F041044600251E469046C80301D51F
:10401000302700E02027880404D505E041463846D3
:10402000B0476D1C641EF9D52846BDE8F08100003C
:1040300070B5044600202071401E2062204601F029
:1040400083FC08B1042070BD04F2322001F078FA3C
:10405000054694F834004AF65526EB2803D0E928A3
:1040600001D0E82841D1B54206D1082222A104F1AD
:104070008600FCF770F9A8B304F13F0001F060FA84
:1040800094F84110421E10422FD14FF4007290421A
:104090002BD3904229D841B3481E014225D104F1C7
:1040A000420001F04DFA00B394F84400401E01288C
:1040B0001BD804F1450001F043FAB0B104F1470008
:1040C00001F03EFA802806D204F1540001F03DFAD6
:1040D000B0F5803F09D304F14A0001F031FA20B174
:1040E000002070BDFFE70020FBE7B54201D10220B0
:1040F000F7E70320F5E70000464154333220202043
:10410000000000000368826A121D480A5989B0FB4A
:10411000F1F002CA21B1884204D211680844704704
:1041200000207047401A121DF3E7891E8269921E13
:104130008A4201D800207047026B408900FB0120B1
:10414000704700002DE9F0478146884608F11A00C3
:1041500001F0F6F910B10020BDE8F08798F80000F2
:1041600000F03F00401E00EB800101EBC00401277E
:104170000025DFF860A01AF80500404401F0E0F9DE
:1041800006468FB1FF2C0BD8304600F0A5FF07463E
:104190002046641C39F8100000F09EFF874201D0D1
:1041A0000020D9E7374605E0A6F57F40FF3801D06B
:1041B0000020D1E76D1C0D2DDDD398F800004006DE
:1041C00005D527B139F8140008B10020C4E7012053
:1041D000C2E70000C07700082DE9F04180460F4695
:1041E000D8F80050002F08D03946404601F0B2F808
:1041F000022809D20120BDE8F0812E6916B1A86914
:10420000B04207D8012605E0411CF4D0A9698142DB
:10421000F1D83E466869D0B10024BE4215D1741C65
:10422000A869A04200D802242146404601F092F835
:104230000128E0D0411CDED038B12869022803D320
:10424000A969814200D90646002414B118E0002073
:10425000D1E73446641CA869A04204D80224022E87
:1042600001D20020C7E72146404601F073F838B17B
:104270000128C0D0411CBED0B442EBD10020BAE727
:104280004FF0FF3632462146284602F01EF828B984
:1042900027B122463946284602F017F820B10128F6
:1042A00011D001242046A6E72C6168690028F9D0C6
:1042B000A969891E8842F5D8401E6861687940F076
:1042C00001006871EEE73446ECE700002DE9F34F9A
:1042D00081B00E463068009001980068D0F80CA0BC
:1042E0000024684602F0CCFA411C18D0B0F5803F9B
:1042F00004D3020C2146641C2AF8112085B2202D1B
:104300000FD32F2D0DD05C2D0BD0802D0DD2294633
:1043100074A0FCF716F840B10620BDE8FE8F062019
:10432000FBE7202D0CD2042516E0FF2C01D306203C
:10433000F3E72046641C2AF81050D2E7401C009096
:10434000009801782F29F9D05C29F7D00025009832
:104350000078202800D204250098306007E0601E15
:104360003AF81000202801D02E2802D1641E002C1B
:10437000F5D100202AF814000CB1002702E0062035
:10438000CBE77F1C3AF817002028FAD01FB9BAF8FB
:1043900000002E2803D145F0030500E0641E24B17F
:1043A000601E3AF810002E28F8D1019820220B2127
:1043B0002030FBF7B4FF4FF00008C1464FF0080B68
:1043C00038467F1C3AF8106006B3202E03D02E2EFC
:1043D00004D1A74202D045F00305F1E7D84501D248
:1043E000A74219D1BBF10B0F0ED0A74201D045F067
:1043F00003050BD827464FF008084FF00B0B4FEA88
:1044000089604FEA1069DBE745F00305019890F8F1
:104410002000E5283FD042E0802E09D345F0020578
:10442000304600F059FE4FF46A7100F029FE06464E
:10443000FF2E10D9ABF10100804503D345F00305F1
:10444000D846BDE7019940460844320A08F1010800
:1044500080F8202017E026B1314625A0FBF771FF38
:1044600018B15F2645F003050DE0A6F141001928BB
:1044700001D849F00209A6F16100192803D849F0D2
:104480000109203EB6B201994046084408F10108EE
:1044900080F8206094E70198052180F82010BBF196
:1044A000080F03D14FEA89604FEA1069C9F3810010
:1044B000032803D06FEA0900800701D145F0020507
:1044C000A80709D45FEAC97001D045F010055FEA7A
:1044D000497001D545F00805019880F82B5000205F
:1044E0001BE700002A3A3C3E7C223F7F0000000090
:1044F0002B2C3B3D5B5D0000812803D3FE2801D8B7
:10450000012070470020704700F098BD2DE9F04170
:1045100005460E462F680021284600F0D6F988B9D6
:1045200000243846A96901F00FFA58B9E9690A78F8
:10453000E52A0CD05AB100240121284600F0CEF81B
:104540000028EED0042800D10720BDE8F081641CCB
:10455000B442F7D0F0E72DE9F04705460C4628466F
:1045600002F06AF910B10120BDE8F0872146284623
:10457000FFF7DBFD06462E624FF4007805F13400AC
:1045800041468146FBF7D2FE68894FF40044B4EB04
:10459000402F00D94402002700E06408444504D9B4
:1045A000204600F069FD071EF7D0444517D9214683
:1045B0003846FBF7BBFE4FEA5428002400E0444491
:1045C0006889A04207D9321968784346394600F015
:1045D00012FA0028F3D0384600F050FD0EE0012713
:1045E000002400E03C446889A04207D93219687869
:1045F0003B46494600F0FFF90028F3D06889A04205
:1046000001D00120B0E70020AEE72DE9F0470446D5
:10461000D4F800A00021204600F057F900285BD113
:10462000FF26B0464FF0FF39C4F82C905046A169E0
:1046300001F08AF9074638004DD1E06905786DB17F
:10464000C17A01F03F01A171E52D03D00A0707D51A
:104650000F2905D0FF26C4F82C9035E004273AE056
:104660000F2901D0F6B121E094F82B1049062BD484
:10467000690606D505F0BF052E462169E16290F86E
:104680000D80B5420BD1417B414508D1DAF80C20B1
:1046900001461046FFF756FD08B1761E00E0FF26E2
:1046A000F6B211E002F074F8404514D094F82B00F3
:1046B000C00706D10B2204F12001E069FBF74BFE95
:1046C00048B1FF26C4F82C900021204600F006F8DF
:1046D00007463800AAD03846BDE8F0872DE9F047F4
:1046E000044689462768266920364FF00008B6F54B
:1046F000001F01D3C4F81880A06910B1F10503D0E0
:1047000047E00420BDE8F087401CA061616929B141
:104710007889401E10EA562F08D03AE03889B0EB6D
:10472000561F36D8C4F818800420EBE7204600F066
:1047300011FE0546012D01D80220E3E7681C16D0C2
:10474000B869A8421FD8B9F1000F12D0204661699C
:10475000FFF742FD054685B1012D10D0681C10D031
:1047600029463846FFF7F7FE68B10120CAE7012065
:10477000C8E7C4F818800420C4E70720C2E7022075
:10478000C0E70120BEE7656129463846FFF7CDFC4A
:10479000A0612661C6F3080038443430E06100208F
:1047A000B0E72DE9FE430446266894F82B0010F08C
:1047B000A00F02D00620BDE8FE830027F06800E0CD
:1047C0007F1C30F817100029FAD1D4E90912206AA9
:1047D0008DE807009DF80B0004F12008C00718D0F1
:1047E000402084F82B000125ABB269464046F268B0
:1047F00000F05EFD2046FFF708FF10B96D1C642D28
:10480000F2D3642D0FD00428D5D19DF80B0084F885
:104810002B009DF80B00800707D50C370D20B7FB48
:10482000F0F77F1C02E00720C5E701273946204644
:10483000FFF76CFE05464FF001093DBB7F1E25D0FA
:104840002069794200EB4111204600F03EF8054610
:1048500028001BD1404601F09BFF80463046A169ED
:1048600001F072F80546280010D1FAB2E16943461A
:10487000F06801F0A7FD86F8049000212046FFF7BC
:104880002DFF0546280001D17F1EE7D1DDB9304656
:10489000A16901F059F80546280014D154F81C0FFD
:1048A0002021FBF743FD206861680160A168416039
:1048B000A1890181A17B8172E07B216800F0180051
:1048C000087386F80490284675E72DE9F0410646FE
:1048D0000D463768B5F5001F01D2E80602D0022068
:1048E000BDE8F0813561B4681CB93878032800D37D
:1048F000FC6A1CB178894FEA40281AE03889B0EB8D
:10490000551F01D80220EBE7F86AB06118E0214694
:10491000304600F01FFD0446601C06D0022C02D376
:10492000B869A04203D80220DAE70120D8E7A5EB56
:1049300008054545EBD221463846FFF7F6FBB06146
:104940007461B06948B100EB5520B061C5F308004F
:1049500038443430F0610020C2E70220C0E710B5CF
:10496000002803D0012803D0012010BD084610BD47
:10497000FEF78AF808B1012010BD002010BD0146E5
:104980000420002901D00129FFD070477CB5002800
:1049900003D0012803D004207CBD08467CBD4FF421
:1049A0000070CDE90003520200230846FEF758FBD1
:1049B000FEF712FC05464FF4FA6400E0641EFDF7B2
:1049C000A0FF08B1002CF9D104B929250DB10120AF
:1049D0007CBD00207CBD10B5002803D0012803D089
:1049E000012010BD084610BDFDF78BFF08B1012066
:1049F00010BD002010BD1CB5002803D0012803D035
:104A000004201CBD08461CBD4FF40070CDE9000316
:104A1000520200230846FEF747FCFEF711FC04464D
:104A2000FDF76FFF0028FBD10CB101201CBD002059
:104A30001CBD000002F07EFC454C2061E060454D4D
:104A4000A4F12806DFF810810027FCF7DBFC002822
:104A5000FBD1A87868B1A868E968884209D13FA06D
:104A60006168FFF799F8FBF765FFAF700320E87006
:104A7000EBE7E87830B102F05DFCE0600A2002F07C
:104A800041F8E2E7A968E868814203D1012002F019
:104A900039F8DAE7206880BB606880B1308900B9F6
:104AA00019204FF47A72B2FBF0F0A0FB0201002350
:104AB000FBF7F2FB014626480C3002F0FFFBB28800
:104AC000C2F5A07000EBD0704010F388C3F5F07110
:104AD00001EBD1714910002800DA0020002900DA2A
:104AE0000021A1F1010C6344A0F1010C62449BB2CE
:104AF00092B289B280B2FEF71DFDE86800F00100B5
:104B0000C0EB4021C1EB403008EB80095FEA8970BF
:104B100003D0494616A0FFF73FF84FF4F04050F895
:104B2000090041084846FDF767F9E868401CE8605D
:104B30002068401C20607189884206D32760606825
:104B4000401C6060A068401CA060FDF71DFB7CE776
:104B5000C8DC0010CC80001000600020446F6E653F
:104B60003A20256C75206672616D65730D0A000030
:104B7000556E616C69676E65642120616464723D85
:104B80003078253038580D0A0000000038B504464A
:104B9000204600F0E3F9002807D16946204602F0DC
:104BA000B9F8002801D10021216038BD37B582B0A5
:104BB00015460398019001A800F02EFC002802DAA7
:104BC0000B2005B030BD0D4B53F82010002411B15F
:104BD00043F820400C70029939B1084A921F12F82C
:104BE00010204A700C7043F820102DB1002202A949
:104BF00003A800F083FDE4E70020E2E72080001036
:104C00002DE9F74F8EB00546002D0BD002F03F0680
:104C1000324601A90FA800F071FD04464FF00008CC
:104C200024B1D8E0092011B0BDE8F08F01982860C8
:104C3000019802904FF40079484600F01DFA0746AB
:104C4000380009D00198C76002A80F9900F0C3FA94
:104C50000446200002D006E01120E4E79DF833006E
:104C6000000600D5062416F01C0F4FD044B1042CCA
:104C700003D102A8FFF795FD044646F0080609E0B7
:104C8000700701D5082405E09DF80E0010F0110F03
:104C900000D00724CCBB300744D5DFF848A10998E1
:104CA00051460E3001F058FD09985146163001F07A
:104CB00053FD0999019800F053FC82460999202080
:104CC000C87200220999019801F04EFD099800214F
:104CD0001C3001F041FD019801210171BAF1000F72
:104CE00020D0D0F820B00022514602A801F0F4FCF8
:104CF0000446200016D15946019800F025FE0446CE
:104D00000198AAF1010AC0F810A00BE054B99DF86F
:104D10000E00C10601D5042404E0B10702D5C00786
:104D200000D0072444B9300701D546F04006019869
:104D3000006A286209986862F4BB0999019800F03A
:104D40000FFCA86009981C3000F0FFFBE860C5F874
:104D500028800198C088A8802E7485F81180C5F835
:104D60001C80C5F81480494605F12C008146FBF7EC
:104D7000DDFAB0062CD5EE68F6B16E610198408977
:104D80004FEA402AA9680BE0284600F0E3FA014602
:104D9000012900D80224481C00D10124A6EB0A06F0
:104DA0000CB95645F0D8A96134B9F00510D0019876
:104DB000FFF7BBF9A0B100E00AE000EB5622EA6180
:104DC0000198012349464078FFF7E0FD00B1012436
:104DD000384600F053F90CB1C5F80080204622E7B0
:104DE0000224F5E70000215C2DE9FC5F04460F4634
:104DF000164698460020C8F800006946204601F093
:104E000089FF002812D1607C00280FD1207CC007C8
:104E10000BD06169E068401A864200D9064604F169
:104E20002C004FF00109019092E00720BDE8FC9FA3
:104E30006169C80574D100984089401E00EA512A72
:104E4000BAF1000F14D129B1A06A28B12046FFF7AA
:104E500059F905E0A06803E02046A16900F07AFA5C
:104E6000022802D202206074E0E7411C1CD0A0613D
:104E7000A1690098FFF759F9D0B100EB0A0B750A48
:104E800055B300980AEB050241898A4201D9A1EB8A
:104E90000A0540782B465A463946FFF777FD50B150
:104EA00084F811900120C1E784F811900120BDE73A
:104EB00002206074BAE7207C00060BD5E069A0EB05
:104EC0000B00A84206D207EB40204FF40072019974
:104ED000FBF713FA6D0231E0E2695A451ED0207CDF
:104EE00000060ED50098012301994078FFF783FD55
:104EF00018B184F81190012098E7207C00F07F0021
:104F00002074009801235A4640780199FFF73EFD2E
:104F100020B184F81190012088E701E0C4F81CB0AA
:104F2000A08AC0F30800C0F50075B54200D9354627
:104F300001192C312A463846FBF7DFF9761BD8F8E1
:104F400000002844C8F800002F44606928446061CC
:104F5000002E7FF46DAF002068E7000038B50446EE
:104F60006946204601F0D6FE00280ED1217C4A0673
:104F70000BD508060ED50098E2690123407804F1AC
:104F80002C01FFF738FD08B1012038BD207C00F06E
:104F90007F002074216A009800F0D6FC0028F4D12C
:104FA000656AE87A40F02000E8722946A268206825
:104FB00001F0DAFB05F11C00E16801F0CDFB0A49C4
:104FC00005F1160001F0C8FB002105F1120001F007
:104FD000BFFB00980121017101F0E8FB217C01F089
:104FE000BF01217438BD00000000215C70B5064689
:104FF00007A000F023F81C24064D26FA04F000F068
:105000000F00285C00F008F8241F002CF5DA70BDB2
:10501000307800009523030870B50546064C8021C2
:105020002046FEF76BFB0028F9D029462046BDE854
:105030007040FEF7EDBB00000010014010B50446C3
:1050400002E0641CFFF7E8FF20780028F9D110BDCA
:1050500010B50C46FFF7F2FF05A0FFF7EFFF204663
:10506000FFF7C4FFBDE8104002A0FFF7E7BF000054
:10507000203D20000D0A000001F0DEB901F0F0BC77
:10508000F0B50024802801D284B221E0B0F5803F41
:105090001ED2B1F56A7F1BD186B20E4D45F2205368
:1050A00000221021981A02EB500035F82070B74208
:1050B00007D001D2024600E00346A1F10101002918
:1050C000F0D129B14FF0010101EB400035F810405B
:1050D0002046F0BDCE77000830B5B0F5803F1FD236
:1050E00080B2B0F5805F01D21E4900E01E4931F860
:1050F000022B002A14D0904212D331F8023B1C0A32
:10510000DBB2D518854228D9092C09D2DFE804F092
:1051100005090F1215181B1E2100801A31F8100006
:1051200030BD811A01F00101401A80B230BD103843
:1051300080B230BD203880B230BD303880B230BD52
:105140001A3880B230BD083080B230BD503880B2DD
:1051500030BDA0F5E35080B230BD002CC7D101EBCB
:105160004301C4E7D6200308C82203082DE9FF4104
:1051700007460E4600213846FEF75AFF022803D0A4
:10518000032804D2002E02D0042E03D9032004B039
:10519000BDE8F0810024E84607EB041000F5FD703F
:1051A00000F0D3F948F82400641C042CF4D30EB1A9
:1051B000751E00E0002558F8251019B13846FEF795
:1051C00037FF00E00320002EE1D10228DFD36D1C61
:1051D000042DF0D3DBE773B50446266801E0491CD3
:1051E0000191019908782F28F9D05C28F7D0002088
:1051F000A06001980078202807D2802084F82B0036
:1052000000212046FFF761FB7CBD01A92046FFF786
:105210005DF80028F8D194F82B502046FFF7F5F9F7
:1052200028B10428F0D16907EED405207CBD6907B8
:10523000FCD4A079C00601D405207CBD208AC0F32F
:10524000080081193431304600F08AF9A060DCE7AB
:105250002DE9F0410646144D6868002806D002F09A
:105260005BF8022802D1EFF30580D8B1002424B105
:105270004FF0FF31686801F035FF0C4FF1B238464E
:10528000FEF7C6FA80213846FEF738FA0028F9D032
:105290002CB100231A461946686801F01BFE3046FF
:1052A000BDE8F0810124E2E7108000100010014009
:1052B0002DE9FC410646086830604868706008893E
:1052C0003081887AB072052B12D9214D0CE0921CE6
:1052D000002418460B4660F35F034908D80300D545
:1052E0006B40641C102CF4D311880029EFD19BB2C1
:1052F00007256F4603F00F0130311B09392901D909
:10530000C91DC9B228466D1E39540DB1002BF1D10B
:105310007E2078550024A5F1010806E0FFF7ECF89F
:1053200010B1444506D0641C641CAC4202D2305D0E
:105330002028F3D1082D03D228466D1C385C00E0EC
:1053400020202146641C7054082CF3D3BDE8FC8156
:10535000211001002DE9F0470D460468022D02D30B
:10536000A069A84201D8012609E04FF0FF36207855
:10537000012807D002282CD003283AD00126304635
:10538000BDE8F08705EB5507A06A00EB57212046E2
:1053900000F0DAFA0028F2D1C7F30800204407F140
:1053A000010890F83490A06A00EB5821204600F0E4
:1053B000CBFA0028E3D1C8F30800204490F8340069
:1053C00049EA0020E90701D00609D8E7C0F30B0637
:1053D000D5E7A06A00EB1521204600F0B5FA0028B9
:1053E000CDD1E8B204EB4000343000F0A9F8064615
:1053F000C5E7A06A00EBD511204600F0A5FA002809
:10540000BDD140F2FF1000EA85002044343000F0A6
:105410009CF820F07046B2E730B5044621680A4691
:105420004FF0FF35002A01D1284630BD11F8010B9D
:10543000202801D33A28F9D13A2801D0002030BDE4
:1054400002201378303B092B03D8921C8A4200D1EA
:105450001846022801DB284630BD216030BD00001F
:1054600010B5104A002808D001280FD0042110469A
:10547000FBF7BCFF98B1002010BD10211046FBF7D0
:10548000B5FF08B1002010BD012010BD0821104655
:10549000FBF7ACFF08B1002010BD012010BD0120BA
:1054A00010BD000000100240FCF792FC0024DFF861
:1054B000809009F106052046FFF7D2FF09F80400A5
:1054C0002855641CE4B2032CF5D3194F4FF00008A3
:1054D000FF1C012624E02046FFF7C2FF19F8041044
:1054E000814202D107F8048013E0395D491CC9B23A
:1054F000395503290DD307F8048009F80400012861
:1055000006D1295D21B96CB1012C0ED009490E706C
:105510002855641CE4B2032CDDD30A2001F0F2FA12
:105520000024D8E704490E70F2E704490E70EFE753
:1055300040800010D1800010D3800010D280001075
:105540004178007840EA01207047C178827842EAC9
:105550000121427842EA0121007840EA01207047A7
:1055600070B506460D4605F11A00FFF7E9FF04463F
:105570003078032805D105F11400FFF7E1FF44EA74
:105580000044204670BD00001CB5FCF7AAFC4FF497
:10559000E130FEF749F8FEF73BF8FCF719FCFEF79F
:1055A00029F84FF47840002100904FF4F0734FF445
:1055B000A0720846FDF7FEFF23A0FEF7EDFAFCF708
:1055C0005FFC014624A0FEF7E7FA3220FBF7E6F87D
:1055D00008B125A100E026A126A0FEF7DDFA4FF4D0
:1055E000FA700021FBF76CFC012001F0E5FB264975
:1055F0000861002824D000200421CDE900100346D2
:105600008A0122A1234801F035FE1F4803211430EE
:10561000CDE900100023C0221FA1224801F02AFE7C
:10562000194802211830CDE90010002380221EA164
:105630001F4801F01FFE01F005FB1EA0FBF7BEFD99
:1056400024A0FBF7BBFD0000496E69742E2E2E20AE
:1056500046573A31370D0A005344206D6F756E740A
:105660003A2025640D0A00004641494C0000000024
:105670004F4B0000417564696F20696E69743A2070
:1056800025730D0A00000000CC8000106B65797353
:1056900000000000A95400087265616463617264CF
:1056A0000000000021650008646973706C61790076
:1056B000354A00085363686564756C6572207265CD
:1056C0007475726E656420756E6578706563746557
:1056D000646C79004D7574657820637265617465DA
:1056E000206661696C3A206865617020696E737527
:1056F0006666696369656E74000000002DE9F0411B
:105700000E4617464FF00008C6F80080FFF784FEEB
:105710000546280002D50B20BDE8F081854850F8E9
:10572000254094B1346007F0FE06207820B16078FF
:10573000FFF751F9C1070AD084F800806078FFF7BD
:105740000EF9C1070AD00320E6E70C20E4E71EB1FA
:10575000400701D50A20DFE70020DDE71EB1400742
:1057600001D50A20D8E77348801F00EB4500417837
:105770002046FFF7FBFC042803D0022803D30D20AA
:10578000CAE70120C8E7266A04F13F00FFF7D8FE08
:10579000B0F5007F01D00D20BEE704F14A00FFF70D
:1057A000CFFE18B904F15800FFF7CFFEE06194F87E
:1057B0004470E770012F03D0022F01D00D20ABE71A
:1057C000474394F84100608110B1411E084201D066
:1057D0000D20A1E704F14500FFF7B2FE208100078C
:1057E00001D00D2098E704F14700FFF7A9FE054618
:1057F000280004D104F15400FFF7A7FE054604F188
:105800004200FFF79DFE014639B12389C81900EB1C
:105810001312954203D20D207EE70D207CE7A81AD3
:105820006589B0FBF5F060B30025DFF80CC1604579
:1058300000D803254FF6F57C604500D8022540F6D8
:10584000F57C604500D80125EDB1801CA061666241
:105850003144A16232442263032D16D043B339444C
:10586000E162022D26D000F0010100EB400001EBC7
:105870005000E16900F2FF10B1EB502F1CD20D2057
:105880004AE70D2048E70D2046E704F15E00FFF7E8
:1058900057FE08B10D203FE7208908B10D203BE7F6
:1058A00004F16000FFF751FEE062A0698000E0E7CC
:1058B0000D2031E74000DCE74FF0FF3060612061F0
:1058C00080206071032D2BD104F16400FFF738FEB6
:1058D000012825D1711C204600F036F800BB84F861
:1058E000058004F13400FFF730FE1449884217D1D7
:1058F00004F50670FFF729FE1149884210D104F51E
:105900000C70FFF722FE0F49884209D104F5077099
:10591000FFF71BFE606104F50870FFF716FE2061BB
:105920002570044908390888401C0880E080002060
:10593000F2E6000020800010F5FFFF0F5252614197
:1059400072724161000055AA70B504460E460025EA
:10595000206AB04210D0204600F06EFF05465DB9C7
:1059600060780123324604F13401FFF70FF810B1DB
:105970004FF0FF3601252662284670BD2DE9F0471D
:10598000044689461E4DEE686F6BD5F8388029684D
:10599000002081F84A002868001D00F0C1FF601C4B
:1059A00017D1B9F1000F14D0164948682A689060E1
:1059B00083682A68D3602A688368121D5A602A683F
:1059C000121D8260286841610868401C0860BDE8BB
:1059D000F087344428684460B44206D229684046BF
:1059E000BDE8F047091D01F009B829683846091DCE
:1059F00001F004F8A86A8442E9D2AC62E7E700004B
:105A000058800010508B001070B5044601F00EF85D
:105A1000244DA868401CA860286810B1686938B196
:105A20000CE02C60A868012808D100F021FA05E0FC
:105A30002868E16AC06A884200D82C60686A401C05
:105A40006862E06A2969884200D92861164AC0EB79
:105A5000C00002EB80004068A0608168E16083685C
:105A6000211D59608160E06AC0EBC00002EB80013B
:105A7000616152F82010491C42F8201000F0E4FF48
:105A8000686900280CD02868E16AC06A884207D299
:105A900006494FF080500860BFF34F8FBFF36F8F00
:105AA00070BD0000588000107C87001004ED00E0FD
:105AB00038B500F0BBFF0E4C2068A8B90D4800F0C7
:105AC0008DFF0C481C3000F089FF0A48E0601C3054
:105AD0002061084B0020FC3B009003F15C02102188
:105AE0000A2001F098F92060BDE8384000F0ACBF12
:105AF00098800010688C001070B50C4D0C4E11E0B1
:105B000000F094FFF068C468201D00F009FFA86849
:105B1000401EA8606868401E686000F095FF20463F
:105B200000F0E0F868680028EAD170BD58800010E5
:105B3000348B001030B40B46026D002A0CD0C168C3
:105B40001144C1608468A14201D30168C160C16889
:105B500030BC1846FAF7D1BB30BC70472DE9F04194
:105B6000044617460026A56C226D002A10D0C7B146
:105B7000E068FAF7C2FBE168206D091AE16022686B
:105B8000914202D2A168081AE060022F16D017E0F5
:105B90002068A8B9A06801F05FFC06460020A0605C
:105BA0000EE06068FAF7A9FB216D60680844606048
:105BB000A168884204D32068606001E005B16D1ED1
:105BC0006D1CA5643046BDE8F0810000F0B587B0DB
:105BD000002006AA14A1095C115411B1401C04282C
:105BE000F8DB0024124F0025124E0595049503AAF8
:105BF00004A905A800F0B6FEDDE90410CDE90051C6
:105C00000290002306A93046039A01F042FB47F8B0
:105C1000240008B1012000E00020002802D0641C0C
:105C2000012CE1DB07B0F0BD49444C450000000009
:105C300094800010915D00082DE9FF5F0646DDE9C4
:105C4000104BDDE90EA50F4690469946002C14D066
:105C50009DB14C212046FAF769FB2563022084F8A8
:105C600049000020CDE902404B4642463946CDE985
:105C700000AB304600F0BCF800E0002404B0204641
:105C8000BDE8F09F2DE9FF5F8146DDE90E788A4689
:105C900016469B46B00000F0CFFB054628000ED00C
:105CA0004C2000F0C9FB04462CB14C212046FAF7E9
:105CB0003DFB256304E0284600F0D2FE00E000240E
:105CC00064B1002084F84900CDE90240CDE90078B4
:105CD0005B4632465146484600F08AF804B02046FA
:105CE000BDE8F09F10B5044694F84900002806D09E
:105CF00001280CD12046BDE8104000F0B1BE206B59
:105D000000F0AEFE2046BDE8104000F0A9BE10BD78
:105D1000C16A002904D0806B0068C0F11F00704781
:105D2000002070470749CA681168002904D0002183
:105D3000016019B1002070470121F9E7D0680068BF
:105D400070470000988000104FF4A0410E484207B1
:105D500006D0C01D20F007000B49411AC1F5A04133
:105D60000A4A1060002353600144083921F00701FA
:105D7000143A11604B600B600B1A4360016040687D
:105D80009060506070470000A08C0010C48000102C
:105D9000074E4FF08054074DFFF7AEFE30680128E4
:105DA000FAD92C60BFF34F8FBFF36F8FF4E7000079
:105DB0007C87001004ED00E0002808D000218160FD
:105DC0000160C16000231A46194601F083B870478C
:105DD00010B5029C002909D02260E06421650121F0
:105DE000204601F02DF80020A06510BD2460F4E7E6
:105DF0002DE9F0478146DDE908570A9C0E4690469A
:105E00009A464FEA8801A522206BFAF788FA206BA0
:105E1000A8F1010800EB880020F0070866B1002017
:105E20002218315C82F83410315C11B1401C042816
:105E3000F6D3002084F837001F2D00D31E25E5621D
:105E4000A563201D00F0D7FD04F1180000F0D3FD7C
:105E50002461C5F11F00A061646252464946404674
:105E600000F04CFB2060002F00D03C60BDE8F087C4
:105E700070B50024114DC4EBC40005EB800000F0A8
:105E8000ADFD641C1F2CF6D30D4800F0A7FD0C4897
:105E90001C3000F0A3FD0A48383000F09FFD084890
:105EA000543000F09BFD0648703000F097FD054827
:105EB000034941631C31816370BD00007C87001081
:105EC000E08A00105880001030B5134900E01146F8
:105ED0000A688242FBD34B685C18844203D1406855
:105EE0001844486008460D6844682318AB420DD139
:105EF000094B143B1B689A4206D052682244426008
:105F00000A681268026002E0036000E002608142F9
:105F100000D0086030BD0000C480001070B50024BF
:105F2000416000610C4D91420AD8D11A82699142B8
:105F300001D301240EE0011D286900F05FFD09E096
:105F40009A4203D2994201D3012403E0011DE8687B
:105F500000F054FD204670BD9880001010B5044636
:105F600000F064FDA06C20B1002400F06DFD20461F
:105F700010BD0124F9E710B5044600F057FDA06CF0
:105F8000E16C884201D1012400E0002400F05CFDB6
:105F9000204610BDF1B50098846D0026A06CE16C20
:105FA000884210D294F95550002269462046FFF7E6
:105FB000D5FD0646681C08D000F0C4FC854202D21C
:105FC0006D1C84F855503046F8BDE06A0028FAD0C0
:105FD00004F12C0001F0D0FA0028F4D00126F2E7F9
:105FE00070B505460E460D48C068C068C468201DDF
:105FF00000F096FC94F82400410705D53246294666
:10600000204600F0B9F803E000F0FE0084F8240018
:106010002046216ABDE870400847000098800010C3
:1060200070B586B000200290039004900590364E23
:1060300061E00298002803DADDE903200599904722
:106040000298002857DB049C606910B1201D00F005
:1060500067FC01A800F0B4F8054602980A284AD265
:10606000DFE800F0490505282E3D0505282E94F8A7
:10607000240040F0010084F824000398A16903463D
:1060800001442A462046FFF749FF38B394F824001C
:10609000410707D50398A1692A460144204600F02C
:1060A0006BF803E000F0FE0084F82400216A20462B
:1060B000884720E014F8240F00F0FE0020701AE05A
:1060C00094F8240040F0010084F824000398A061B3
:1060D00041192B462A462046FFF720FF0BE094F893
:1060E0002400810703D4204600F0BAFC03E000F04E
:1060F000FE0084F82400002202A9306800F07AFF34
:10610000002896D106B070BD98800010F8B50646FC
:106110000D4600F0B5FD684600F052F804460098C0
:1061200010B101F08FFAF8BD45B9A64206D801F0CA
:1061300089FA21463046FFF753FFF8BD0C481DB1E0
:106140000169096891B10025311B2A46006800F0F9
:10615000B5FC01F077FA0028EFD106494FF08050E6
:106160000860BFF34F8FBFF36F8FF8BD0125EBE7DA
:106170009880001004ED00E070B505460C46164608
:1061800004E0A8690444296A28468847A869234688
:10619000011932462846FFF7C1FE0028F1D170BD33
:1061A0000648416B0968002904D0416BC968096839
:1061B000816270474FF0FF31816270475880001054
:1061C00070B5054601F0B6F80446074EB068844243
:1061D00004D200F00BF80120286001E000202860C4
:1061E000B460204670BD00009880001070B5094C66
:1061F0004FF0FF3504E0C06800682946FFF7F0FE65
:10620000E0680268002AF6D1E0682169E160206157
:1062100070BD000098800010002101E0401C491C66
:106220000278A52AFAD088087047502080F3118898
:10623000BFF34F8FBFF36F8FFEE708B56846FFF7D8
:1062400071FD0099FFF762FFFFF7EAFEF6E72DE91F
:10625000F041044600F0EAFB94F9555004F12C0695
:1062600012E0A06D30B12046FFF794FE50B100F06F
:106270006BFC07E0E06A48B1304601F07DF908B1F7
:1062800000F062FC6D1E6DB2002DEADC4FF0FF36AF
:1062900084F8556000F0D8FB00F0C8FB94F9545026
:1062A00004F1100709E0206948B1384601F064F9AB
:1062B00008B100F049FC6D1E6DB2002DF3DC84F8CE
:1062C0005460BDE8F04100F0BFBB2DE9F047044643
:1062D0000D4617460226022D71D3A069A8426ED939
:1062E00020784FF0010A012804D002283AD0032870
:1062F00065D14AE005EB5508A06A00EB582120461D
:10630000FFF722FB0646300059D1C8F308002044AD
:1063100008F101093430E90704D00178FAB262F3D8
:106320001F1100E03946017084F804A0A06A00EB58
:1063300059212046FFF708FB064630003FD1C9F33C
:10634000080020443430E90702D0C7F3071105E004
:106350000178C7F3032201F0F0011143017084F8C2
:1063600004A02CE0A06A00EB15212046FFF7ECFA10
:106370000646300023D1E8B204EB4000B9B2343015
:1063800000F0E6F984F804A019E0A06A00EBD5114A
:106390002046FFF7D9FA0646300010D140F2FF1030
:1063A00000EA8500204434300546FFF7CEF867F355
:1063B0001B000146284600F0CFF984F804A03046BF
:1063C000BDE8F0872DE9F05F81460E469046737375
:1063D0000F20F07200203073002106F11A0000F047
:1063E000B7F9A8F1010000EB800101EBC005002422
:1063F0002746DFF840B04FF6FF7A544503D02846D1
:106400006D1C39F810401BF807002146304400F09D
:106410009FF904B954467F1C0D2FEED3544502D08A
:1064200039F8150008B948F0400886F80080BDE842
:10643000F09F0000C07700082DE9F04104460025D8
:10644000002C11D014F1090F0DD8083460070BD0BF
:1064500004F00700C0F10800C1438C4201D8044495
:1064600002E0002400E0002400F00AFC1D4E306829
:1064700008B9FFF769FC002C2FDD73689C422CD80B
:10648000184914310846006801E001461046426888
:10649000A24202D20268002AF7D1326890421CD090
:1064A0000D68083502680A604268171B102F05D96D
:1064B0000219576044600C6814600A604268991AB7
:1064C0007160B368994200D2B16042F0004141600E
:1064D00000210160F068401CF06001F0B3F828462C
:1064E000BDE8F081B080001003480068002802D0A9
:1064F000C16B491CC16370475880001024384FF0AD
:106500008073036221F00101C1610449816142602D
:106510006FF0020140F82019704700002B6200085C
:1065200008B5002500240026DFF850A1544FA346EB
:106530004FF00108F878022821D1C11E386900F017
:10654000D1FD012815D13879FBF726FDD0B1387976
:10655000401C0521B0FBF1F201FB120038716D1CEB
:10656000EDB2052D05D3002587F8038045A0FDF782
:1065700013FB00231A461946386900F0ABFCF87883
:10658000B0B913E0002426462546C7F80CB0C7F87A
:1065900008B0F9F74BFF87F803B0394938781C3158
:1065A00051F820103FA0FDF7F7FAE2E7B87818B1EC
:1065B0000A2000F0A7FABDE7B868F968401A022877
:1065C00003D3012000F09EFAB4E7B86800F00100A0
:1065D000CDF800B0C0EB4021C1EB403134486B46F0
:1065E00000EB810949463348DAF80C20FEF7FCFB42
:1065F000014669B1641CE4B2032C05D32EA0FDF75B
:10660000CBFA87F802800024052000F07BFA91E79E
:106610000024009800B3DAF80C10814201D987F801
:10662000028009F5E049C9F80008B868401CB86064
:10663000761CBAF80A00B6B28642BCD30026DAF855
:106640001C20002AB7D0CDF800B06B46214919486C
:10665000FEF7CAFB18B108E087F802806AE70098E5
:1066600018B181B21B48F9F795FFDAF81C000099C0
:106670008842A0D987F802805CE70000A0DC001007
:10668000CC8000105B4552525D204E6F2076616CCD
:10669000696420766964656F2C2070617573656428
:1066A0000D0A0000506C61793A2025730D0A000034
:1066B00000600020CC6D01205B4552525D20526588
:1066C0006164206661696C3A25642C20454F460D53
:1066D0000A000000085001202DE9F0410E4607464F
:1066E00011463C68022E02D3A069B04202D80220B3
:1066F000BDE8F08131B14FF0FF322046FFF7E5FDF4
:106700000028F5D131463846FEF724FE054628001C
:1067100018D0012D18D0681C18D000223146204610
:10672000FFF7D3FD0028E3D1D4E90510821E914282
:1067300005D2491C6161617941F0010161712E4608
:10674000B042DFD80020D3E70220D1E70120CFE715
:106750000170090A417070470170090A4170090A05
:106760008170090AC170704770B506460C4615461F
:10677000A9B204F11A00FFF7EBFF3078032806D125
:10678000290C04F11400BDE87040FFF7E1BF70BDB3
:10679000014600200B22430803EBC01011F8013B17
:1067A0001844C0B2521EF6D17047000070B50446BE
:1067B000204600F041F80546ADBB607901282BD199
:1067C000002060712078032826D104F134004FF4B2
:1067D00000710646F9F7AAFD14493046FFF7BCFFE1
:1067E000134904F50670FFF7B7FF04F507706169F8
:1067F000FFF7B2FF04F508702169FFF7ADFF0D49FF
:1068000004F50C70FFF7A8FF626A0123521C226294
:1068100060783146FEF7EFF8002260781146FEF707
:10682000AEF800B10125284670BD0000525261410A
:1068300072724161000055AA70B5044600252079A6
:10684000002809D004F13401607801230E46226A41
:10685000FEF7D1F810B10125284670BD0020207147
:10686000A16A206A421AE1698A42F5D2E278022AD4
:10687000F2D14218607801233146FEF7BCF8EBE70D
:10688000F0B50546296811F8010B020641D5C0F3A1
:1068900042124FF0FF34062A09D0C0F303120E2A29
:1068A00009D0C0F3C4021E2A09D02046F0BD00F072
:1068B0001F00012206E000F00F00022202E000F0BB
:1068C00007000322022611F8013BB6EB931F01D00B
:1068D0002046F0BD0746184667F39F10521EF2D1BE
:1068E000802807D3A0F55842B2F5006F02D3B0F567
:1068F000881F01D32046F0BDB0F5803F09D3A0F535
:106900008032054BC0F3090003EA821202430348B8
:1069100010432960F0BD00000000FF0300DC00D838
:106920000169D0E901329A60D0E901235A604A68CE
:10693000824201D182684A60002202610868401EDA
:106940000860704701488068704700005880001058
:10695000002801D102480068006BFFF75DBC000011
:1069600058800010034B036003F14C000860802046
:1069700010607047E4820010034B036003F14C0089
:106980000860802010607047308500100C460AA017
:10699000FDF7BAFD0CB1204600E00DA0FDF7B4FDF7
:1069A0000DA0FDF7B1FD502080F31188BFF34F8F8C
:1069B000BFF36F8FFEE700000D0A2A2A2A535441C5
:1069C000434B204F564552464C4F572A2A2A200007
:1069D000286E756C6C2900000D0A000000F108019A
:1069E00041604FF0FF328260C1600161002141616E
:1069F00081610160704700210161704730B50C680A
:106A0000621C02D000F1080202E0026904E01A46AA
:106A100053681D68A542FAD953684B6099608A6033
:106A2000516008610168491C016030BD502080F34D
:106A30001188BFF34F8FBFF36F8F02480168491C65
:106A400001607047AC80001004490868401E08606F
:106A5000002801D180F3118870470000AC8000103D
:106A600070B500281BD0083804466068002816DA84
:106A70002168002913D120F00040606000F000F987
:106A8000074D60686968084468602046FFF71CFA93
:106A90002869401C2861BDE8704000F0D3BD70BD7E
:106AA000B08000104FF0E0200021016181610249B7
:106AB00041610721016170473F90020070B50446B3
:106AC0000D461646FFF7B2FF94F954304FF0000020
:106AD0005B1C01D184F8540094F95510491C01D174
:106AE00084F85500FFF7B0FFA06C28B9324629465C
:106AF00004F12C0000F03EF82046BDE87040FFF79E
:106B0000A6BB000010B502460020002A07D000F006
:106B1000B7F800211046FEF731FF00F093FD002882
:106B200007D104494FF080500860BFF34F8FBFF387
:106B30006F8F10BD04ED00E002490A6A0260C96867
:106B4000416070475880001001490120086070477B
:106B50007480001010B50C46054909681831FFF71C
:106B60004DFF2046BDE810400121FEF707BF0000A1
:106B700058800010F0B403460C4658680D490D6863
:106B8000E86185680E6835620D688668183575603D
:106B90000D6818358560086883621868401C1860A5
:106BA000002A01D04FF0FF342046F0BC1146FEF71A
:106BB000E5BE00005880001070B5044600283BD0A8
:106BC000A06B884200D30146E06A884234D0E26B71
:106BD000012A31D1E162A269002A02DBC1F11F0161
:106BE000A161164DC0EBC000616905EB80008142D8
:106BF00022D1201DFFF794FE1149E06A0A699042F4
:106C000000D90861C0EBC00005EB80004068A060BF
:106C10008168E1608268211D51608160E06AC0EB9B
:106C2000C00005EB80006061E06AC0EBC00055F871
:106C30002010491C45F8201070BD00007C87001012
:106C40005880001010B5FEF7C1FF012801D100F0F7
:106C50008DFD0A4C01280FD1502080F31188BFF31D
:106C60004F8FBFF36F8F4FF0FF30A0620120606144
:106C70000020E06000F06AF8E06A10BD5880001063
:106C80000248016B491C01637047000058800010E6
:106C900010B51E4C216B04F11C00002902D001210B
:106CA000016010BD002101602068006B4FF0A5322B
:106CB0000168914208D14168914205D181689142B1
:106CC00002D1C068904204D0216834312068FFF7B7
:106CD0005DFE20690E4900E0401EC0EBC00251F885
:106CE0002220002AF8D0C0EBC00201EB82014A68E2
:106CF00052684A6001F108039A4201D1CA684A60A9
:106D00004968C96821602061206810BD5880001062
:106D10007C87001070B504460E460925002C0DD066
:106D2000206858B1017849B1A188C288914205D143
:106D30004078FDF750FEC00700D100251DB10020AE
:106D40003060284670BD2068FAE7000010B50C4896
:106D5000016841F47F010160016841F07F410160F9
:106D6000FFF7A0FE074900200860F9F73DFA064842
:106D7000016841F040410160F9F722FA002010BD9E
:106D800020ED00E0AC80001034EF00E010B55020A2
:106D900080F31188BFF34F8FBFF36F8F00F0D0FAED
:106DA00018B104494FF080500860002080F311882A
:106DB00010BD000004ED00E010B5024600210120E6
:106DC00000F006F804462046FEF7F6FF204610BD08
:106DD000F8B505460E4617460024002D19D0601E52
:106DE000B0FBF5F0B04214D305FB06F010F15D0FD7
:106DF0000FD85C30FFF720FB044654B122465C32CA
:106E0000002084F856003B46314628460094FEF7A1
:106E1000DFFF2046F8BD38B5049D002400280CD0C3
:106E20005BB102B149B102B939B91C46012384F8FA
:106E300056302B460094FEF7CBFF204638BD0000AD
:106E40002DE9F04104460F460125002C3BD0E26CB1
:106E5000C2B3AE1EB6FBF2F1206D814233D3FFF711
:106E6000E5FDD4E91320216802FB0011A160002197
:106E7000A16421686160E06C2268216D401E00FB06
:106E80000121E16084F8546084F8556004F1100039
:106E900047B1FFF7A3FD04F12C00FFF79FFDFFF7BB
:106EA000D3FD11E021690029F9D000F065FB00282D
:106EB000F5D007494FF080500860BFF34F8FBFF304
:106EC0006F8FECE7FFE700252846BDE8F081000062
:106ED00004ED00E02DE9FF4782B004468A4698465B
:106EE0000025A9464FF08056414FFFF79FFDA06C4B
:106EF000E16C884206D3B8F1020F03D0049880B346
:106F000085B338E0A56C424651462046FEF726FE82
:106F1000A16D69B1B8F1020F00D1E5B92046FFF7C4
:106F200039F8C0B13E60BFF34F8FBFF36F8F12E0EF
:106F3000E16A51B104F12C0000F01EFB58B13E6033
:106F4000BFF34F8FBFF36F8F05E020B13E60BFF3FB
:106F50004F8FBFF36F8FFFF777FD012006B0BDE8BD
:106F6000F08700E003E0FFF76FFD0020F6E76846DA
:106F7000FFF7E2FD0125FFF767FDFFF781FEFFF751
:106F800055FD94F95400401C01D184F8549094F9B3
:106F90005500401C01D184F85590FFF755FD04A918
:106FA000684600F031F930B12046FFF750F900F0A3
:106FB00049FB0020D2E72046FEF7DDFF88B104F14F
:106FC00010000499FFF7C6FD2046FFF740F900F0D6
:106FD00039FB002889D13E60BFF34F8FBFF36F8F1D
:106FE00083E72046FFF733F900F02CFB7DE7000034
:106FF00004ED00E02DE9F74783B004468A460026F9
:1070000000274FF08058DFF8D890FFF70FFDA56CF0
:10701000C5B151462046FEF78DFD6D1EA564206961
:1070200050B104F1100000F0A7FA28B1C9F80080AF
:10703000BFF34F8FBFF36F8FFFF706FD012006B040
:10704000BDE8F087059808B126B107E0FFF7FCFC22
:107050000020F4E701A8FFF76FFD0126FFF7F4FC1D
:10706000FFF70EFEFFF7E2FC94F95400401C01D13B
:1070700084F8547094F95500401C01D184F855707F
:10708000FFF7E2FC05A901A800F0BEF858B12046C0
:10709000FFF7DDF800F0D6FA2046FEF75FFF002884
:1070A000B3D00020CBE72046FEF758FF90B104F1A3
:1070B0002C000599FFF74EFD2046FFF7C8F800F0B9
:1070C000C1FA0028A1D1C9F80080BFF34F8FBFF3E8
:1070D0006F8F9AE72046FFF7BAF800F0B3FA94E70B
:1070E00004ED00E02DE9F34383B004460025A946F2
:1070F00000264FF08057DFF80C81FFF797FCA06C5B
:10710000C8B1401EA064206810B9FFF7EDF9A06077
:10711000206950B104F1100000F02EFA28B1C8F82F
:107120000070BFF34F8FBFF36F8FFFF78DFC01200F
:1071300005B0BDE8F083049808B125B107E0FFF77A
:1071400083FC0020F4E701A8FFF7F6FC0125FFF718
:107150007BFCFFF795FDFFF769FC94F95400401C98
:1071600001D184F8546094F95500401C01D184F891
:107170005560FFF769FC04A901A800F045F8C8B103
:107180002046FFF764F800F05DFA2046FEF7E6FEC1
:107190000028B2D0B9F1000F0AD0FFF747FC204613
:1071A000FEF7B6FD0146A068FFF706FDFFF74CFCB1
:1071B0000020BDE72046FEF7D1FEE0B1206838B9D7
:1071C000FFF734FCA06800F085F98146FFF73CFC2E
:1071D00004F12C000499FFF7BDFC2046FFF737F8B7
:1071E00000F030FA002888D1C8F80070BFF34F8F44
:1071F000BFF36F8F81E72046FFF729F800F022FAEE
:107200007BE7000004ED00E02DE9F04107460D4664
:10721000FFF70CFC164EF2687C68131B306890F880
:107220004A10002021B1316881F84A0001241AE097
:107230002968B1F1FF3F09D0D7F800C0366AB445DC
:1072400006D0944204D8012428600CE000240AE00F
:10725000994206D9C81A28603846FFF76DFC002409
:1072600001E028600124FFF7EFFB2046BDE8F08134
:10727000588000107CB5DDE90654CDE90054FEF7D6
:1072800001FD18B1FEF7C0FB01207CBD4FF0FF30BF
:107290007CBDF0B585B0DDE90A650C9C002704973C
:1072A00004AFCDE90247CDE90065FEF7C5FC08B1A2
:1072B000FEF7AAFB049805B0F0BD000070B50346C8
:1072C0000D460024FFF7DCFC1148C268186841191C
:1072D000904205D9884208D9914206D9012404E098
:1072E000884201D8914200D9012419601CB1881A42
:1072F0000021FEF743FB00F0A5F938B905494FF02E
:1073000080500860BFF34F8FBFF36F8F204670BD72
:107310005880001004ED00E005484169002903D0C1
:10732000006B18B1002070470120704702207047A1
:10733000588000100148C068704700005880001055
:107340002DE9F0410025424E306B002805D0B06990
:10735000401CB0612846BDE8F081F468641CF4600C
:1073600044B9706BB16B7163B063306A401C3062BA
:10737000FEF716FFB06A374F84420FD34FF0000C70
:10738000706B006838B1706BC068C168486884422F
:1073900014D2B06202E04FF0FF30B0623068C06AD1
:1073A000C0EBC00057F82000012800D9012528486B
:1073B0001C3000680028CDD00125CBE74A69D1E90F
:1073C00002309860D1E90203586050680B1D984262
:1073D00001D1C8685060C1F814C01068401E106028
:1073E0008A6A9AB1D1E90780C8F80800D1E907088C
:1073F000C8F80400506801F11808404501D1086A36
:107400005060C1F828C01068401E1060C86A326918
:10741000904200D93061C0EBC00007EB80004268A9
:107420008A609068C860906843609360C86AC0EBE7
:10743000C00007EB80024A6157F82020521C47F831
:107440002020C86A3168C96A884299D9012597E71E
:10745000588000107C87001010B504460020002CD6
:1074600032D0E16B491EE163A36BE26A9A422BD0F2
:10747000002929D1201DFFF753FAA06BE062C0F16B
:107480001F00A0611149E06A0A69904200D90861B1
:107490000F4AC0EBC00002EB80004068A06081682A
:1074A000E1608368211D59608160E06AC0EBC00023
:1074B00002EB80006061E06AC0EBC00052F820106F
:1074C000491C42F82010012010BD00005880001017
:1074D0007C87001070B504460020002C3FD0244D5E
:1074E000E16A2A68D26A91423AD2A069002804DB94
:1074F0002868C06AC0F11F00A061E06A1D4EC0EBA1
:10750000C000616906EB8000814224D1201DFFF795
:1075100007FA2868C06AE0622969884200D92861B0
:10752000C0EBC00006EB80004068A0608168E160AD
:107530008268211D51608160E06AC0EBC00006EBEB
:1075400080006061E06AC0EBC00056F82010491C62
:1075500046F8201002E02868C06AE062012070BD91
:10756000A16B2A68D26A9142F9D2012070BD000055
:10757000588000107C87001030B5C068C068816AF0
:10758000D0E907329A60D0E907235A604B6800F1CE
:107590001802934201D1036A4B60002484620B6895
:1075A0005B1E0B60244B196BB1B1244C6168C16147
:1075B0008D6805628D686A608A6084622168491CF2
:1075C0002160C06A1968C96A884233D901201A4A01
:1075D00001211C32116030BD4169D0E90252AA601C
:1075E000D0E902256A604D68021D954201D1C56847
:1075F0004D6044610C68641E0C60C16A1C69A14244
:1076000000D919610E4CC1EBC10104EB810149683D
:1076100081608D68C5608D686A608A60C16AC1EBEF
:10762000C10104EB8102426154F82120521C44F84C
:107630002120C6E7002030BD58800010188B0010B4
:107640007C8700102DE9F0470024A246FFF7EEF9F1
:107650000025424F386B401E3863386B002877D1C5
:10766000B868002874D0A0463D4A4FF0010907F1E0
:107670001C064DE0D068C468A16AD4E90730986060
:10768000D4E9070358604B6804F11800834201D124
:10769000206A4860C4F828800868401E0860606955
:1076A000D4E902319960D4E9021359604368211D7D
:1076B0008B4201D1E3684360C4F8148003685B1E09
:1076C0000360E06A3B69984200D93861254BC0EB02
:1076D000C00003EB80004068A060D0F808C0C4F888
:1076E0000CC0D0F808C0CCF804108160E06AC0EB90
:1076F000C00003EB8001616153F82010491C43F87E
:107700002010E06A3968C96A884201D946F8259094
:1077100010680028AED10CB1FEF742FDBC694CB137
:10772000FFF70EFE08B146F82590641E002CF7D135
:10773000C7F8188056F8250050B14FF0010A386894
:1077400009494FF080500860BFF34F8FBFF36F8F30
:10775000FFF77AF95046BDE8F08700005880001026
:10776000188B00107C87001004ED00E030B587B066
:107770000024FEF79DF90E4D2868B0B10020069058
:10778000059004AA05A906A8FFF7F6F8DDE905109B
:107790001E22CDE900210290002306A10748049A89
:1077A000FFF777FD686000B1012407B0204630BDC7
:1077B00098800010546D7220537663003B6200087D
:1077C00001030507090E10121416181C1E00A40050
:1077D000E8A1A700ECA1A800A7A1B000E3A1B10017
:1077E000C0A1B700A4A1D700C1A1E000A4A8E100F6
:1077F000A2A8E800A8A8E900A6A8EA00BAA8EC0098
:10780000ACA8ED00AAA8F200B0A8F300AEA8F7005B
:10781000C2A1F900B4A8FA00B2A8FC00B9A80101FD
:10782000A1A81301A5A81B01A7A82B01A9A8440181
:10783000BDA84801BEA84D01ADA86B01B1A8CE01FD
:10784000A3A8D001ABA8D201AFA8D401B3A8D60198
:10785000B5A8D801B6A8DA01B7A8DC01B8A85102CA
:10786000BBA86102C0A8C702A6A1C902A5A1CA02FD
:1078700040A8CB0241A8D90242A89103A1A6920335
:10788000A2A69303A3A69403A4A69503A5A6960374
:10789000A6A69703A7A69803A8A69903A9A69A0344
:1078A000AAA69B03ABA69C03ACA69D03ADA69E0314
:1078B000AEA69F03AFA6A003B0A6A103B1A6A303E3
:1078C000B2A6A403B3A6A503B4A6A603B5A6A703B0
:1078D000B6A6A803B7A6A903B8A6B103C1A6B2036A
:1078E000C2A6B303C3A6B403C4A6B503C5A6B60314
:1078F000C6A6B703C7A6B803C8A6B903C9A6BA03E4
:10790000CAA6BB03CBA6BC03CCA6BD03CDA6BE03B3
:10791000CEA6BF03CFA6C003D0A6C103D1A6C30382
:10792000D2A6C403D3A6C503D4A6C603D5A6C7034F
:10793000D6A6C803D7A6C903D8A60104A7A71004D2
:10794000A1A71104A2A71204A3A71304A4A71404B7
:10795000A5A71504A6A71604A8A71704A9A7180485
:10796000AAA71904ABA71A04ACA71B04ADA71C0453
:10797000AEA71D04AFA71E04B0A71F04B1A7200423
:10798000B2A72104B3A72204B4A72304B5A72404F3
:10799000B6A72504B7A72604B8A72704B9A72804C3
:1079A000BAA72904BBA72A04BCA72B04BDA72C0493
:1079B000BEA72D04BFA72E04C0A72F04C1A7300463
:1079C000D1A73104D2A73204D3A73304D4A73404F7
:1079D000D5A73504D6A73604D8A73704D9A73804C5
:1079E000DAA73904DBA73A04DCA73B04DDA73C0493
:1079F000DEA73D04DFA73E04E0A73F04E1A7400463
:107A0000E2A74104E3A74204E4A74304E5A7440432
:107A1000E6A74504E7A74604E8A74704E9A7480402
:107A2000EAA74904EBA74A04ECA74B04EDA74C04D2
:107A3000EEA74D04EFA74E04F0A74F04F1A75104A1
:107A4000D7A710205CA9132043A81420AAA11520B1
:107A500044A81620ACA11820AEA11920AFA11C206B
:107A6000B0A11D20B1A1252045A82620ADA1302020
:107A7000EBA13220E4A13320E5A1352046A83B202C
:107A8000F9A1AC2080000321E6A1052147A8092126
:107A900048A81621EDA1212159A96021F1A2612157
:107AA000F2A26221F3A26321F4A26421F5A265216E
:107AB000F6A26621F7A26721F8A26821F9A269213E
:107AC000FAA26A21FBA26B21FCA27021A1A2712162
:107AD000A2A27221A3A27321A4A27421A5A275213E
:107AE000A6A27621A7A27721A8A27821A9A279210E
:107AF000AAA29021FBA19121FCA19221FAA193219C
:107B0000FDA1962149A897214AA898214BA899211F
:107B10004CA80822CAA10F22C7A11122C6A1152272
:107B20004DA81A22CCA11D22D8A11E22DEA11F22FF
:107B30004EA82022CFA123224FA82522CEA1272262
:107B4000C4A12822C5A12922C9A12A22C8A12B2269
:107B5000D2A12E22D3A13422E0A13522DFA13622E8
:107B6000C3A13722CBA13D22D7A14822D6A14C22C6
:107B7000D5A1522250A86022D9A16122D4A16422A9
:107B8000DCA16522DDA1662251A8672252A86E22DF
:107B9000DAA16F22DBA1952292A89922D1A1A52278
:107BA000CDA1BF2253A81223D0A16024D9A2612461
:107BB000DAA26224DBA26324DCA26424DDA26524B1
:107BC000DEA26624DFA26724E0A26824E1A2692481
:107BD000E2A27424C5A27524C6A27624C7A2772483
:107BE000C8A27824C9A27924CAA27A24CBA27B2471
:107BF000CCA27C24CDA27D24CEA27E24CFA27F2441
:107C0000D0A28024D1A28124D2A28224D3A2832410
:107C1000D4A28424D5A28524D6A28624D7A28724E0
:107C2000D8A28824B1A28924B2A28A24B3A28B2428
:107C3000B4A28C24B5A28D24B6A28E24B7A28F2420
:107C4000B8A29024B9A29124BAA29224BBA29324F0
:107C5000BCA29424BDA29524BEA29624BFA29724C0
:107C6000C0A29824C1A29924C2A29A24C3A29B2490
:107C7000C4A20025A4A90125A5A90225A6A903251A
:107C8000A7A90425A8A90525A9A90625AAA9072504
:107C9000ABA90825ACA90925ADA90A25AEA90B25D4
:107CA000AFA90C25B0A90D25B1A90E25B2A90F25A4
:107CB000B3A91025B4A91125B5A91225B6A9132574
:107CC000B7A91425B8A91525B9A91625BAA9172544
:107CD000BBA91825BCA91925BDA91A25BEA91B2514
:107CE000BFA91C25C0A91D25C1A91E25C2A91F25E4
:107CF000C3A92025C4A92125C5A92225C6A92325B4
:107D0000C7A92425C8A92525C9A92625CAA9272583
:107D1000CBA92825CCA92925CDA92A25CEA92B2553
:107D2000CFA92C25D0A92D25D1A92E25D2A92F2523
:107D3000D3A93025D4A93125D5A93225D6A93325F3
:107D4000D7A93425D8A93525D9A93625DAA93725C3
:107D5000DBA93825DCA93925DDA93A25DEA93B2593
:107D6000DFA93C25E0A93D25E1A93E25E2A93F2563
:107D7000E3A94025E4A94125E5A94225E6A9432533
:107D8000E7A94425E8A94525E9A94625EAA9472503
:107D9000EBA94825ECA94925EDA94A25EEA94B25D3
:107DA000EFA9502554A8512555A8522556A853256A
:107DB00057A8542558A8552559A856255AA85725D7
:107DC0005BA858255CA859255DA85A255EA85B25A7
:107DD0005FA85C2560A85D2561A85E2562A85F2577
:107DE00063A8602564A8612565A8622566A8632547
:107DF00067A8642568A8652569A866256AA8672517
:107E00006BA868256CA869256DA86A256EA86B25E6
:107E10006FA86C2570A86D2571A86E2572A86F25B6
:107E200073A8702574A8712575A8722576A8732586
:107E300077A8812578A8822579A883257AA8842522
:107E40007BA885257CA886257DA887257EA88825F2
:107E500080A8892581A88A2582A88B2583A88C25BE
:107E600084A88D2585A88E2586A88F2587A893258B
:107E700088A8942589A895258AA8A025F6A1A125DA
:107E8000F5A1B225F8A1B325F7A1BC258BA8BD2586
:107E90008CA8C625F4A1C725F3A1CB25F0A1CE253A
:107EA000F2A1CF25F1A1E2258DA8E3258EA8E42536
:107EB0008FA8E52590A80526EFA10626EEA10926A4
:107EC00091A84026E2A14226E1A10030A1A1013003
:107ED000A2A10230A3A10330A8A10530A9A10630B8
:107EE00065A9073096A90830B4A10930B5A10A30B8
:107EF000B6A10B30B7A10C30B8A10D30B9A10E302E
:107F0000BAA10F30BBA11030BEA11130BFA11230F9
:107F100093A81330FEA11430B2A11530B3A11630CE
:107F2000BCA11730BDA11D3094A81E3095A82130EA
:107F300040A9223041A9233042A9243043A9253049
:107F400044A9263045A9273046A9283047A9293019
:107F500048A94130A1A44230A2A44330A3A4443094
:107F6000A4A44530A5A44630A6A44730A7A4483011
:107F7000A8A44930A9A44A30AAA44B30ABA44C30E1
:107F8000ACA44D30ADA44E30AEA44F30AFA45030B1
:107F9000B0A45130B1A45230B2A45330B3A4543081
:107FA000B4A45530B5A45630B6A45730B7A4583051
:107FB000B8A45930B9A45A30BAA45B30BBA45C3021
:107FC000BCA45D30BDA45E30BEA45F30BFA46030F1
:107FD000C0A46130C1A46230C2A46330C3A46430C1
:107FE000C4A46530C5A46630C6A46730C7A4683091
:107FF000C8A46930C9A46A30CAA46B30CBA46C3061
:10800000CCA46D30CDA46E30CEA46F30CFA4703030
:10801000D0A47130D1A47230D2A47330D3A4743000
:10802000D4A47530D5A47630D6A47730D7A47830D0
:10803000D8A47930D9A47A30DAA47B30DBA47C30A0
:10804000DCA47D30DDA47E30DEA47F30DFA4803070
:10805000E0A48130E1A48230E2A48330E3A4843040
:10806000E4A48530E5A48630E6A48730E7A4883010
:10807000E8A48930E9A48A30EAA48B30EBA48C30E0
:10808000ECA48D30EDA48E30EEA48F30EFA49030B0
:10809000F0A49130F1A49230F2A49330F3A49B3079
:1080A00061A99C3062A99D3066A99E3067A9A13064
:1080B000A1A5A230A2A5A330A3A5A430A4A5A53054
:1080C000A5A5A630A6A5A730A7A5A830A8A5A93024
:1080D000A9A5AA30AAA5AB30ABA5AC30ACA5AD30F4
:1080E000ADA5AE30AEA5AF30AFA5B030B0A5B130C4
:1080F000B1A5B230B2A5B330B3A5B430B4A5B53094
:10810000B5A5B630B6A5B730B7A5B830B8A5B93063
:10811000B9A5BA30BAA5BB30BBA5BC30BCA5BD3033
:10812000BDA5BE30BEA5BF30BFA5C030C0A5C13003
:10813000C1A5C230C2A5C330C3A5C430C4A5C530D3
:10814000C5A5C630C6A5C730C7A5C830C8A5C930A3
:10815000C9A5CA30CAA5CB30CBA5CC30CCA5CD3073
:10816000CDA5CE30CEA5CF30CFA5D030D0A5D13043
:10817000D1A5D230D2A5D330D3A5D430D4A5D53013
:10818000D5A5D630D6A5D730D7A5D830D8A5D930E3
:10819000D9A5DA30DAA5DB30DBA5DC30DCA5DD30B3
:1081A000DDA5DE30DEA5DF30DFA5E030E0A5E13083
:1081B000E1A5E230E2A5E330E3A5E430E4A5E53053
:1081C000E5A5E630E6A5E730E7A5E830E8A5E93023
:1081D000E9A5EA30EAA5EB30EBA5EC30ECA5ED30F3
:1081E000EDA5EE30EEA5EF30EFA5F030F0A5F130C3
:1081F000F1A5F230F2A5F330F3A5F430F4A5F53093
:10820000F5A5F630F6A5FC3060A9FD3063A9FE3077
:1082100064A90531C5A80631C6A80731C7A8083129
:10822000C8A80931C9A80A31CAA80B31CBA80C319A
:10823000CCA80D31CDA80E31CEA80F31CFA810316A
:10824000D0A81131D1A81231D2A81331D3A814313A
:10825000D4A81531D5A81631D6A81731D7A818310A
:10826000D8A81931D9A81A31DAA81B31DBA81C31DA
:10827000DCA81D31DDA81E31DEA81F31DFA82031AA
:10828000E0A82131E1A82231E2A82331E3A824317A
:10829000E4A82531E5A82631E6A82731E7A828314A
:1082A000E8A82931E9A82032E5A22132E6A222324B
:1082B000E7A22332E8A22432E9A22532EAA226323A
:1082C000EBA22732ECA22832EDA22932EEA2313203
:1082D0005AA9A33249A98E334AA98F334BA99C339B
:1082E0004CA99D334DA99E334EA9A1334FA9C43348
:1082F00050A9CE3351A9D13352A9D23353A9D53382
:1083000054A9004EBBD2014EA1B6024E4081034E8D
:10831000DFC6044E4181054E4281064E4381074E21
:10832000F2CD084EC9D5094EFDC80A4ECFC90B4E35
:10833000C2CF0C4EA2D80D4EBBB20E4EEBD30F4E99
:108340004481104EA4D8114EF3B3124E4581134E02
:10835000A8D7144ED2C7154EA7D8164EC0CA174E6E
:108360004681184EF0C7194EFBB11A4EB5D21B4EBE
:10837000D4B41C4EABB61D4EBFCB1E4EA9D81F4E5B
:108380004781204E4881214E4981224EAAB6234E74
:108390004A81244EBDC1254ECFD1264E4B81274E5A
:1083A000A5C9284EADD8294E4C812A4EF6B82B4E81
:1083B000BED12C4EDCE32D4ED0D62E4E4D812F4E0D
:1083C0004E81304EE1B7314E4F81324EAEB4334E16
:1083D0005081344ED9C1354E5181364EBCD8374EBE
:1083E0005281384EE8CD394EA4B53A4EAACE3B4E16
:1083F000F7D63C4E53813D4EF6C03E4ED9BE3F4E61
:10840000AFD8404E5481414E5581424E5681434E25
:10841000CBC4444E5781454EC3BE464E5881474E4D
:10842000B1D8484EB4C3494EE5D24A4E59814B4E5D
:10843000AED64C4EDACE4D4EA7D54E4EF5BA4F4E77
:10844000A6B7504ED6C0514E5A81524EB9C6534E61
:10845000D2C5544EC7C7554E5B81564ED4B9574E00
:108460005C81584ECBB3594ED2D25A4E5D815B4E91
:108470005E815C4EBFD85D4EC5BE5E4EF2C65F4E9D
:10848000B2D2604EB0CF614EE7CF624E5F81634E95
:108490006081644E6181654E6281664EE9CA674EB5
:1084A0006381684E6481694EC0D86A4E65816B4EA7
:1084B00066816C4E67816D4E68816E4E69816F4E2C
:1084C0006A81704EF2C2714ED2C2724E6B81734E8F
:1084D000E9C8744E6C81754E6D81764E6E81774E13
:1084E0006F81784E7081794E71817A4E72817B4EA8
:1084F00073817C4E74817D4E75817E4EACC77F4EFC
:108500007681804E7781814E7881824E7981834E4B
:108510007A81844E7B81854E7C81864ECBC1874E8D
:108520007D81884EE8D3894EF9D58A4E7E818B4E67
:10853000C2CA8C4EFEB68D4EA1D88E4EDAD38F4E67
:10854000F7BF904E8081914EC6D4924EA5BB934EFC
:10855000C1D8944EE5CE954EAEBE964E8181974ED3
:108560008281984EA8D8994E83819A4EC7D19B4E4E
:10857000A9D09C4E84819D4E85819E4E86819F4EC2
:10858000BDD8A04EEFD9A14EF6CDA24EBABFA34E94
:108590008781A44EBBBDA54EA5BAA64EE0D2A74E7C
:1085A000FAB2A84EE0BAA94EB6C4AA4E8881AB4E24
:1085B000EDCFAC4EA9BEAD4EA4CDAE4EC1C1AF4EB7
:1085C0008981B04E8A81B14E8B81B24ED7C7B34EEE
:1085D000F1D9B44E8C81B54EF4D9B64E8D81B74EDB
:1085E0008E81B84E8F81B94E9081BA4ECBC8BB4EAA
:1085F000E9D8BC4E9181BD4E9281BE4E9381BF4E53
:10860000DAD2C04EB2CAC14ECAC8C24EECD8C34EAE
:10861000EAD8C44EC6D8C54EF6BDC64ECDC6C74E66
:10862000F0B3C84E9481C94EEBD8CA4EF1BDCB4EC3
:10863000E9BDCC4E9581CD4ED4C8CE4ED3B4CF4EED
:108640009681D04E9781D14ED8C2D24E9881D34ECA
:10865000D6B2D44ED0D7D54ECBCAD64EFBCBD74E02
:10866000CCD5D84EB6B8D94EC9CFDA4E9981DB4EAB
:108670009A81DC4E9B81DD4EDAD9DE4EF0D8DF4E9A
:10868000AAC7E04E9C81E14EEED8E24E9D81E34EBA
:10869000FAB4E44EEEC1E54ED4D2E64E9E81E74EEA
:1086A0009F81E84EEDD8E94EA081EA4EC7D2EB4E4D
:1086B000EFD8EC4EC7C3ED4EA181EE4EA281EF4E36
:1086C000A381F04EF6D1F14EA481F24ED9D6F34EED
:1086D000F2D8F44EA581F54EF5D8F64EFEBCF74E15
:1086E000DBBCF84EA681F94EA781FA4EA881FB4E5D
:1086F000CEC8FC4EA981FD4EDDB7FE4EAA81FF4ECD
:10870000C2B7004FAB81014FF3C6024FAC81034F9C
:10871000AD81044FAE81054FAF81064FB081074F49
:10872000B181084FB281094FF8D80A4FC1D20B4F1F
:10873000B3810C4FB4810D4FE9CE0E4FBFBC0F4F2C
:10874000FCB7104FA5B7114FDDD0124FB581134FB5
:10875000B681144FB781154FB881164FB981174FA5
:10876000DAD6184FC5D3194FEFBB1A4FE1BB1B4FD9
:10877000F1D81C4FBA811D4FBB811E4FA1C91F4F9D
:10878000B0CE204FABB4214FBC81224FF3D8234F42
:10879000BD81244FCBC9254FF6D8264FD7C2274FCE
:1087A000F7D8284FBE81294FBF812A4FB1CE2B4F1A
:1087B000F9D82C4FC0812D4FC1812E4FC2812F4F30
:1087C000AEB2304FC0B9314FC381324FA3D9334F0E
:1087D000C481344FE9B0354FC581364FE6C1374FBC
:1087E000C681384FECC9394FC7813A4FC5CB3B4F93
:1087F000C8813C4FC6CB3D4FA4D93E4FC9813F4FA6
:10880000CA81404FCB81414FCC81424FCD81434FF4
:10881000E8B5444FCE81454FCF81464FABB5474F6A
:10882000D081484FD181494FD2814A4FD3814B4F9C
:10883000D4814C4FD5814D4FBBCE4E4FCDB54F4F10
:10884000A1D7504FF4D7514FD3D3524FD681534F66
:10885000E5CC544FD781554FCEBA564FD881574F9C
:10886000A2D9584FDCD9594FE0D35A4FFDD85B4FAE
:10887000F0B75C4FF7D75D4FFED85E4FFAD85F4F29
:10888000A1D9604FE3C4614FD981624FDA81634F50
:10889000B6D3644FF4D8654FDDD9664FDB81674F9F
:1088A000FBD8684FDC81694FE5C56A4FDD816B4FAE
:1088B000DE816C4FD0C06D4FDF816E4FE0816F4F16
:1088C000F0D1704FDBB0714FE181724FE281734F95
:1088D000D1BC744FA6D9754FE381764FA5D9774F98
:1088E000E481784FE581794FE6817A4FE7817B4FCC
:1088F000ACD97C4FAED97D4FE8817E4FABD97F4F4D
:10890000B9CA804FE981814FEA81824FEB81834F61
:10891000A9D9844FB6D6854FEC81864FED81874F1C
:10892000EE81884FDEB3894FA8D98A4FEF818B4FF4
:10893000FDC08C4FF0818D4FCCCA8E4FF1818F4F8F
:10894000AAD9904FF281914FA7D9924FF381934FBB
:10895000F481944FB0D9954FF581964FF681974F9A
:10896000B1B6984FF781994FF8819A4FF9819B4F93
:10897000A9B99C4FFA819D4FC0D29E4FFB819F4F5A
:10898000FC81A04FC0CFA14FFD81A24FFE81A34F1C
:10899000C2C2A44F4082A54FC4BDA64FECD5A74F7D
:1089A000E0B2A84FC8C7A94FEBBFAA4FADD9AB4F94
:1089B0004182AC4FAFD9AD4F4282AE4FEACEAF4FFE
:1089C000EEBAB04F4382B14F4482B24F4582B34FAB
:1089D0004682B44F4782B54FD6C7B64F4882B74F8D
:1089E0004982B84F4A82B94F4B82BA4F4C82BB4F33
:1089F0004D82BC4F4E82BD4F4F82BE4F5082BF4F03
:108A0000E3B1C04F5182C14F5282C24F5382C34F14
:108A1000D9B4C44FEDB6C54FB4D9C64F5482C74F71
:108A20005582C84F5682C94F5782CA4FA1BFCB4FFC
:108A30005882CC4F5982CD4F5A82CE4FDED9CF4F7C
:108A4000CEC7D04FFEC0D14FB8D9D24F5B82D34FE3
:108A50005C82D44F5D82D54F5E82D64F5F82D74F06
:108A6000D7CBD84FFDB7D94F6082DA4FB5D9DB4F9E
:108A70006182DC4FB7D9DD4FA3B1DE4FE1D3DF4FC9
:108A8000B9D9E04F6282E14FC5D0E24F6382E34F34
:108A9000B6D9E44F6482E54F6582E64FB1D9E74F1E
:108AA0006682E84FB2D9E94FA9C1EA4FB3D9EB4F7B
:108AB0006782EC4F6882ED4FF3BCEE4FDED0EF4F94
:108AC000A9B8F04F6982F14FE3BEF24F6A82F34FCB
:108AD000BDD9F44F6B82F54F6C82F64F6D82F74F24
:108AE0006E82F84FBAD9F94F6F82FA4FB3B0FB4F8D
:108AF0007082FC4F7182FD4F7282FE4FC2D9FF4FD0
:108B00007382005074820150758202507682035045
:108B10007782045078820550798206507A82075015
:108B20007B8208507C8209507D820A507E820B50E5
:108B300080820C50C4D90D50B6B10E5081820F50B6
:108B4000BFD910508282115083821250B9B5135090
:108B500084821450F3BE15508582165086821750B9
:108B600087821850C8CC1950F2BA1A50D0D21B5074
:108B700088821C50C3D91D5089821E508A821F5082
:108B8000E8BD20508B822150ABB322508C82235001
:108B90008D8224508E822550C5D92650EBBE275099
:108BA0008F822850C6D92950BBD92A50DFC42B50F8
:108BB00090822C50BED92D50C1D92E50C0D92F50E3
:108BC000918230509282315093823250948233504D
:108BD000958234509682355097823650988237501D
:108BE000998238509A8239509B823A50AED53B5088
:108BF0009C823C50B5D63D509D823E50E3C73F50CD
:108C00009E8240509F824150A0824250A182435098
:108C1000C8D94450A2824550A3824650A4824750EE
:108C2000D9BC4850CAD94950A5824A50A6824B5057
:108C3000A7824C50BCD94D50A8824E50CBD94F5032
:108C4000ABC65050A9825150AA825250AB825350A9
:108C5000AC825450AD825550C9D95650AE8257504F
:108C6000AF825850B0825950B1825A50F6D75B50FB
:108C7000B2825C50A3CD5D50B3825E50B4825F502F
:108C8000B5826050B6826150B7826250B88263503C
:108C9000B9826450BA826550A1BD6650BB826750EC
:108CA000BC826850BD826950BE826A50BF826B50E0
:108CB000C0826C50CCD96D50C1826E50C2826F5050
:108CC000C3827050C4827150C5827250C682735084
:108CD000C7827450C8827550C9827650BCC577501F
:108CE000B5CD7850CA827950CB827A50CC827B50F5
:108CF000CDD97C50CD827D50CE827E50C7D97F5059
:108D0000A5B38050FEBF8150CF828250D082835065
:108D1000D1828450D2828550B5B88650D382875094
:108D2000D4828850FCC08950D5828A50D6828B501C
:108D3000D7828C50D8828D50F8B08E50D9828F5007
:108D4000DA829050DB829150DC829250DD82935027
:108D5000DE829450DF829550E0829650E1829750F7
:108D6000E2829850E3829950E4829A50E5829B50C7
:108D7000E6829C50E7829D50E8829E50E9829F5097
:108D8000EA82A050EB82A150EC82A250ED82A35067
:108D9000F6B4A450EE82A550CED9A650EF82A750CB
:108DA000CFD9A850A2B4A950D0D9AA50F082AB50C4
:108DB000F182AC50DFB4AD50F282AE50F382AF50CE
:108DC000F482B050F582B150F682B250C1B0B350C7
:108DD000F782B450F882B550F982B650FA82B75093
:108DE000FB82B850FC82B950FD82BA50D1D9BB5039
:108DF000B5C9BC50FE82BD504083BE504183BF50B8
:108E00004283C0504383C1504483C2504583C35002
:108E10004683C4504783C5504883C6504983C750D2
:108E20004A83C8504B83C9504C83CA504D83CB50A2
:108E30004E83CC504F83CD505083CE505183CF5072
:108E4000F1CFD0505283D1505383D2505483D3505A
:108E50005583D4505683D5505783D650D2D9D75046
:108E60005883D8505983D9505A83DA50C5C1DB5042
:108E70005B83DC505C83DD505D83DE505E83DF50BE
:108E80005F83E0506083E1506183E2506283E3508E
:108E90006383E4506483E5506583E650D6D9E75098
:108EA000AEC9E8506683E9506783EA506883EB50A7
:108EB0006983EC50D5D9ED50D4D9EE50D7D9EF50C5
:108EC0006A83F0506B83F1506C83F2506D83F350E2
:108ED000DBCBF4506E83F550A9BDF6506F83F7508D
:108EE0007083F8507183F9507283FA507383FB508A
:108EF000A7C6FC507483FD507583FE507683FF50E7
:108F00007783005178830151798302517A83035129
:108F10007B8304517C8305517D830651D3D907514E
:108F2000D8D908517E83095180830A5181830B511E
:108F3000D9D90C5182830D5183830E5184830F51F3
:108F4000858310518683115187831251E5C81351CF
:108F500088831451898315518A8316518B83175145
:108F60008C8318518D8319518E831A518F831B5115
:108F700090831C5191831D5192831E5193831F51E5
:108F80009483205195832151DCC022519683235133
:108F90009783245198832551998326519A83275189
:108FA0009B8328519C8329519D832A519E832B5159
:108FB0009F832C51A0832D51A1832E51A2832F5129
:108FC000A3833051A4833151A5833251A6833351F9
:108FD000A7833451A8833551A9833651AA833751C9
:108FE000AB833851AC833951AD833A51AE833B5199
:108FF000AF833C51B0833D51B1833E51B2833F5169
:10900000F9B64051A3D84151CAD44251B383435118
:10901000AAD44451D6D04551E4B34651D7D547518F
:10902000B4834851C8CF4951E2B94A51B5834B5135
:10903000CBBF4C51B6834D51E2C34E51B7834F5114
:10904000B8835051B9835151D2B65251BA8353515A
:10905000BB835451C3CD5551EED95651F0D9575118
:10906000BC835851BD835951BE835A51B3B55B512E
:10907000BF835C51B5B65D51C0835E51C1835F5102
:10908000C2836051C3836151C4836251A4BE6351E2
:10909000C5836451C6836551EBC86651C783675168
:1090A000C8836851ABC86951C9836A51CA836B517F
:1090B000CBB06C51ABB96D51F9C16E51E2D96F5162
:1090C000CB837051BCC07151B2B97251CC83735112
:1090D000D8B97451CBD07551F8B17651E4C67751F7
:1090E000DFBE7851E4B57951C8D77A51CD837B5131
:1090F000F8D17C51E6BC7D51DECA7E51CE837F51D2
:10910000CF838051BDBC8151E6D98251E7D88351CC
:10911000D0838451D1838551DAC48651D28387515B
:10912000D3838851D4B88951BDC88A51D4838B5117
:10913000D5838C51E1B28D51D9D48E51D6838F51C4
:10914000D7839051D8839151D9839251B0C3935111
:10915000DA839451DB839551E1C39651A2DA97519A
:10916000DFC89851DC839951B4D09A51DD839B516B
:10917000FCBE9C51A9C59D51DE839E51DF839F514A
:10918000E083A051DAB9A151E183A251A3DAA3513E
:10919000E283A451A9D4A551A4DAA651E383A7512F
:1091A000E483A851E583A951E683AA51E783AB5133
:1091B000FBD9AC51ACB6AD51E883AE51E983AF51A8
:1091C000EBB7B051F9B1B151FCD9B251E5B3B351DC
:1091D000F6BEB451EA83B551F6BFB651B1D2B7511C
:1091E000E4C0B851EB83B951EC83BA51ED83BB5164
:1091F000B3B6BC51FED9BD51FDD9BE51EE83BF51AE
:10920000EF83C051BBBEC151F083C251F183C35142
:10921000F283C451E0C6C551F383C651BCD7C751D0
:10922000A1DAC851F483C951B9C1CA51F583CB51F0
:10923000F2B5CC51E8C1CD51F683CE51F783CF5171
:10924000F5BCD051F883D151D5B4D251F983D35163
:10925000FA83D451FB83D551FC83D651FD83D7517A
:10926000FE83D8514084D9514184DA514284DB5184
:10927000DDC1DC514384DD51FDC4DE514484DF5146
:109280004584E051B8BCE151B2B7E2514684E351A4
:109290004784E451EFB7E5514884E6514984E751EA
:1092A0004A84E8514B84E9514C84EA514D84EB5196
:1092B000ECD9EC514E84ED51BEC6EE514F84EF51C6
:1092C000ADBFF051CBBBF1515084F2515184F351F9
:1092D000CAB5F4515284F551C9DBF651D7D0F751D4
:1092E0005384F851B9CDF951BCB0FA51F6B3FB51E2
:1092F000F7BBFC51CADBFD51AFBAFE515484FF519C
:10930000E4D40052B6B50152F3B50252D6D8035296
:10931000D0C804525584055256840652D6B7075217
:10932000D0C70852D7D8095257840A52AFBF0B5240
:1093300058840C5259840D52BBDB0E52D8D80F52B0
:109340005A8410525B841152CCD01252AEBB1352CD
:109350005C8414525D8415525E841652BEEB175223
:10936000D0C11852F5C11952F2D41A52D5B81B52B5
:10937000B4B41C525F841D52F5B31E5260841F5258
:1093800061842052BEC921526284225263842352D6
:1093900064842452D0C5255265842652668427529F
:1093A00067842852D9C52952FBC02A5268842B529F
:1093B000F0B12C5269842D52D9D82E52CEB92F52E9
:1093C0006A843052BDB531526B8432526C84335250
:1093D000DAD834526D8435526E843652C6D637523E
:1093E000A2CB3852AFC83952B2C93A52CCB43B5270
:1093F000CCBF3C526F843D52F4B93E5270843F5210
:10940000DBD84052DCD84152E7B64252C1BC43528D
:10941000EACC445271844552728446527384475256
:10942000748448527584495276844A52F7CF4B521D
:1094300077844C52DDD84D52B0C74E5278844F528B
:1094400079845052D0B95152A3BD52527A845352AA
:109450007B845452DECC55527C845652CAC6575235
:109460007D8458527E84595280845A5281845B5242
:1094700082845C52E0D85D5283845E52DED85F52B3
:109480008484605285846152DFD86252868463523C
:109490008784645288846552FEB06652898467521C
:1094A000E7BE68528A846952A3CA6A52F4BC6B52FE
:1094B0008B846C528C846D528D846E528E846F526C
:1094C000B1B870528F84715290847252EEB8735258
:1094D0009184745292847552938476529484775214
:1094E000958478529684795297847A5298847B52E4
:1094F00099847C529A847D52E2D87E529B847F521A
:10950000CBBD80529C848152E4D88252E3D88352EE
:109510009D8484529E8485529F848652A084875263
:10952000A1848852FCC58952A2848A52A3848B529A
:10953000A4848C52A5848D52A6848E52A7848F5207
:10954000A8849052E5D89152A9849252AA84935249
:10955000E6D89452AB849552AC849652AD8497521F
:10956000AE849852AF849952B0849A52B1849B527F
:10957000A6C19C52B2849D52B0C89E52ECB09F527C
:10958000A6B9A052D3BCA152F1CEA252BDDBA352C8
:10959000D3C1A452B384A552B484A652B584A752B1
:1095A000B684A852AFB6A952FAD6AA52ACC5AB52ED
:1095B000D9BDAC52BEDBAD52BFDBAE52B784AF52A9
:1095C000B884B052B984B152F8C0B252A2BEB352FC
:1095D000CDC0B452BA84B552BB84B652BC84B75223
:1095E000BD84B852BE84B952BF84BA52C084BB5243
:1095F000C184BC52C284BD52C384BE52C0DBBF52C0
:10960000C6CAC052C484C152C584C252C684C352A1
:10961000AAB2C452C784C552C884C652C984C752AC
:10962000C2D3C852CA84C952E3C3CA52CB84CB52F4
:10963000ABD1CC52CC84CD52CD84CE52CE84CF523D
:10964000CF84D052C2DBD152D084D252D5C0D352B3
:10965000D184D452D284D552D384D652C3DBD752CC
:10966000D484D852B1BFD952D584DA52D684DB52D1
:10967000D784DC52D884DD52D984DE52DA84DF52BA
:10968000BCC4E052DB84E152DC84E252DD84E3526C
:10969000DE84E452DAC7E552DF84E652E084E75222
:1096A000E184E852E284E952E384EA52E484EB5232
:1096B000E584EC52E684ED52E784EE52E884EF5202
:1096C000E984F052C4DBF152EA84F252EB84F352A3
:1096D000EC84F452ED84F552EE84F652EF84F752A6
:1096E000F084F852F184F952E8D9FA52D7C9FB5202
:1096F000F284FC52F384FD52F484FE52B4B9FF525A
:10970000F0CE0053C8D40153F5840253F6840353BA
:10971000F7840453F8840553FCB00653D2B40753BE
:10972000F9840853D9D00953FA840A53FB840B53A4
:10973000FC840C53FD840D53E9D90E53FE840F5362
:10974000CBDE1053EBD9115340851253418513538F
:109750004285145343851553B0D81653AFBB1753E6
:10976000B1B1185344851953D7B31A53CED81B53EC
:1097700045851C5346851D53D1D41E5347851F5321
:1097800048852053B3BD2153EFBF2253498523534E
:10979000BBCF24534A8525534B852653D0D8275316
:1097A0004C8528534D8529534E852A53CBB72B53CF
:1097B0004F852C5350852D5351852E53D1D82F537F
:1097C0005285305353853153548532535585335325
:1097D00056853453578535535885365359853753F5
:1097E0005A8538535B853953A5C63A53F8C73B535E
:1097F000BDD23C535C853D535D853E53D2D83F532B
:10980000E4C440535E854153AECA42535F8543531F
:10981000A7C7445360854553A6D84653618547532F
:10982000FDC94853E7CE4953DCBB4A53EBB04B5319
:1098300062854C5363854D5364854E53AABB4F5389
:10984000ADD0505365855153B0B15253E4D7535303
:10985000BFD7545366855553A5B55653F4C25753D5
:10986000CFC458536785595368855A53A9B25B537F
:1098700069855C53B7B25D536A855E53E5B15F534A
:10988000B2DF6053BCD56153A8BF6253ACC263530F
:10989000D5D86453B1C265536B856653D4D867532A
:1098A000D4CE68536C856953E0DA6A536D856B5387
:1098B000C0CE6C536E856D536F856E53B4D86F53A5
:1098C000AEC37053A1D37153A3CE7253708573533B
:1098D000B4BC7453B4C87553D1C2765371857753F1
:1098E000EDBE7853B6D0795372857A53E1DA7B5363
:1098F00073857C5374857D5375857E5376857F5340
:10990000E4C780537785815378858253A7B3835307
:1099100079858453F2B68553FCCC8653FAC08753BD
:109920007A8588537B858953F7C08A537C858B530E
:10993000B9D18C53E1D18D53C7D88E537D858F53C8
:109940007E85905380859153818592538285935370
:109950008385945384859553DEB2965385859753BA
:1099600086859853E5C0995387859A53F1BA9B53DE
:1099700088859C5389859D53C8D89E538A859F535B
:10998000ADD4A0538B85A1538C85A253E1CFA353B3
:10999000C9D8A4538D85A553CAD8A653C3CFA753FE
:1099A0008E85A853F8B3A953C7BEAA538F85AB536E
:1099B0009085AC539185AD539285AE53CBD8AF53C0
:1099C0009385B0539485B1539585B2539685B3531F
:1099D0009785B4539885B5539985B653CCDBB75367
:1099E0009A85B8539B85B9539C85BA539D85BB53C3
:1099F000A5C8BC539E85BD539F85BE53A085BF534C
:109A0000D8CFC053A185C153FEC8C253CEB2C353F1
:109A1000A285C453A385C553A485C653A585C75342
:109A2000A685C853D6D3C953E6B2CA53B0BCCB53EC
:109A3000D1D3CC53ABCBCD53B4B7CE53A785CF53F3
:109A4000A885D053A985D153A2B7D253AA85D353A1
:109A5000AB85D453E5CAD553AC85D653A1C8D753EB
:109A6000DCCAD853E4B1D953F0D0DA53AD85DB5317
:109A7000D1C5DC53AE85DD53AF85DE53B085DF53F2
:109A8000C5DBE053FEB5E153B185E253B285E35344
:109A9000DABFE453C5B9E553E4BEE653EDC1E7537D
:109AA000B385E853B6DFE953B5DFEA53BBD6EB53D2
:109AB000D0BDEC53D9D5ED53C8B0EE53A3B6EF5398
:109AC000C9BFF053A8CCF153B3DFF253B7CAF35375
:109AD000D2D3F453B485F553CFD8F653B6D2F75357
:109AE000C5BAF853BECBF953BECCFA53B585FB5378
:109AF000B7DFFC53F0B5FD53B4DFFE53B685FF531B
:109B0000B7850054B8850154F5D30254B985035480
:109B1000D4B30454F7B80554BA850654BADF0754D1
:109B2000BB850854CFBA0954AABC0A54F5B50B54E6
:109B3000BC850C54ACCD0D54FBC30E54F3BA0F547A
:109B4000F4C01054C2CD1154F2CF1254B8DF1354E4
:109B5000C5CF1454BD851554C0C21654B9DF17546F
:109B6000F0C21854BE851954BF851A54C0851B54C1
:109B7000FDBE1C54C1851D54DFC11E54CCCD1F54E5
:109B8000F7D22054CDB72154C1DF2254C2852354CB
:109B9000C4DF2454C3852554C4852654F1B7275403
:109BA000C9B02854D6B62954D4B72A54C5852B54E5
:109BB000ACBA2C54FDCC2D54D4BF2E54B1CB2F5461
:109BC000F4C63054C6853154A8D63254C5DF335458
:109BD000C7853454E2CE3554B3B33654C8853754B0
:109BE000C9853854FCCE3954B5B43A54CA853B546F
:109BF000C7CE3C54F0BA3D54CB853E54E1CE3F54E1
:109C0000CC854054BDD14154CD854254CE8543547A
:109C1000C0DF4454CF854554D0854654F4B44754EE
:109C2000D1854854CAB34954D2854A54E6B84B54F6
:109C3000BBDF4C54D3854D54D4854E54D5854F54F9
:109C4000D6855054C5C45154D7855254BCDF5354A3
:109C5000BDDF5454BEDF5554BBC55654BFDF575407
:109C6000C2DF5854B1D45954C3DF5A54D8855B5419
:109C7000BAC75C54D8CE5D54D9855E54DA855F543A
:109C8000DB856054DC856154DD856254D8C463543F
:109C9000DE856454CADF6554DF856654CFDF6754C0
:109CA000E0856854DCD66954E1856A54E2856B54DA
:109CB000E3856C54E4856D54E5856E54E6856F54F8
:109CC000E7857054E8857154C9DF7254DADF735444
:109CD000B6CE7454E9857554C7BA7654CEDF77543E
:109CE000C8DF7854DEC57954EA857A54EB857B5415
:109CF000EBC97C54F4BA7D54FCC37E54EC857F548C
:109D0000ED858054D7BE8154EE858254C6DF8354DE
:109D1000EF858454CDDF8554F0858654D8C58754AB
:109D2000F1858854F2858954F3858A54F4858B54DF
:109D3000A6D58C54CDBA8D54F5858E54CCBE8F5497
:109D4000BDD39054C0B89154F6859254E4D6935440
:109D5000F7859454C7DF9554BEB99654A7BF97545E
:109D6000F8859854F9859954FCC19A54CBDF9B54DB
:109D7000CCDF9C54FA859D54D0DF9E54FB859F54C4
:109D8000FC85A054FD85A154FE85A2544086A354B1
:109D9000DBDFA454E5DFA5544186A654D7DFA754E2
:109DA000D6DFA854C9D7A954E3DFAA54E4DFAB54E3
:109DB000EBE5AC54A7D2AD54D2DFAE544286AF54DB
:109DC000A9BFB0544386B154DBD4B2544486B354D3
:109DD000C8BFB454D4DFB5544586B6544686B7548C
:109DE0004786B854CCCFB9544886BA544986BB5438
:109DF000DDDFBC544A86BD54CAD1BE544B86BF5425
:109E0000DEDFC054A7B0C154B7C6C254D3DFC354B9
:109E10004C86C454E5BAC5544D86C654DFB6C75403
:109E2000DBCDC854FEB9C954D5D4CA544E86CB54E0
:109E30004F86CC54DFDFCD54ECCFCE54A5B0CF54F9
:109E4000E7DFD054D1DFD154C6D1D254D5DFD354BB
:109E5000D8DFD454D9DFD554DCDFD6545086D7545C
:109E6000A9BBD8545186D954E0DFDA54E1DFDB5482
:109E70005286DC54E2DFDD54E6DFDE54E8DFDF54F7
:109E8000B4D3E0545386E1545486E2545586E354E7
:109E90005686E4545786E554E7B8E654B6C5E75409
:109EA000EADFE854DAC9E954A8C1EA54C4C4EB545F
:109EB0005886EC545986ED54DEBFEE54F8CFEF547B
:109EC0005A86F0545B86F1545C86F254DCD5F35428
:109ED000EEDFF4545D86F5545E86F6545F86F754E3
:109EE0006086F8546186F9546286FA54B8B2FB541D
:109EF0006386FC54DFBAFD54ECDFFE546486FF54E5
:109F0000C1DB005565860155E4D1025566860355CF
:109F1000678604556886055569860655F4CB07554E
:109F2000BDB408556A860955A6B00A556B860B550F
:109F30006C860C556D860D556E860E556F860F55C9
:109F4000F1DF1055C6CC1155F2DF1255708613554E
:109F500071861455EDDF15557286165573861755A3
:109F6000748618557586195576861A5577861B5549
:109F7000E9DF1C5578861D5579861E557A861F5552
:109F80007B862055EBDF21557C862255EFDF23555C
:109F9000F0DF2455BDBB25557D8626557E86275589
:109FA000F3DF28558086295581862A55F4DF2B5505
:109FB00082862C55A3BB2D5583862E55DBCA2F5583
:109FC000A8CE3055A7E03155AAB332558486335513
:109FD000A6E03455858635558686365587863755AD
:109FE000A1E038558886395589863A558A863B5589
:109FF0008B863C55FEDF3D558C863E55D9CD3F5571
:10A00000FCDF40558D864155FADF42558E8643551B
:10A01000D0BF4455C4D745558F864655CCC9475502
:10A020009086485591864955F8DF4A55A1B04B5561
:10A0300092864C5593864D5594864E5595864F5530
:10A0400096865055FDDF5155978652559886535543
:10A05000998654559A865555FBDF5655A2E05755BB
:10A060009B8658559C8659559D865A559E865B55AC
:10A070009F865C55A8E05D55A0865E55A1865F551C
:10A08000A2866055A3866155C8B76255A4866355FC
:10A09000A5866455A1C66555B6C96655B2C0675553
:10A0A000F5DF6855A6866955A7866A55BEC56B5506
:10A0B000A8866C55C4D86D55F9DF6E55F6C46F553A
:10A0C000A9867055AA867155AB867255AC867355B4
:10A0D000AD867455AE867555A3E07655A4E07755E8
:10A0E000A5E07855A5D07955AF867A55B0867B55D1
:10A0F000B4E07C55E4CC7D55B1867E55B1E07F550A
:10A10000B2868055A6BF8155AFE08255B9CE835542
:10A11000ABE08455C6C98555B3868655B486875548
:10A12000AEC08855AEE08955EDBA8A55B0BA8B55A8
:10A13000A9E08C55B5868D55B6868E55B7868F5558
:10A14000F6DF9055B8869155B3E09255B986935590
:10A15000BA869455B8E09555BB869655BC869755FA
:10A16000BD869855ADB49955B9E09A55BE869B55B4
:10A17000BF869C55B2CF9D55C8BA9E55C0869F5587
:10A18000B0E0A055C186A155C286A255C386A3558D
:10A19000C486A455C586A555C686A655C786A755A7
:10A1A000FAD0A855C886A955C986AA55CA86AB55FE
:10A1B000CB86AC55CC86AD55CD86AE55CE86AF554B
:10A1C000CF86B055D086B155ACE0B255D186B355E7
:10A1D000FBD4B455D286B555F7DFB655D386B755FF
:10A1E000E7C5B855D486B955ADE0BA55D586BB5547
:10A1F000F7D3BC55D686BD55B6E0BE55B7E0BF55C2
:10A20000D786C055D886C155D986C255DA86C3557A
:10A21000DB86C455C4E0C555E1D0C655DC86C755BC
:10A22000DD86C855DE86C955BCE0CA55DF86CB55EC
:10A23000E086CC55C9E0CD55CAE0CE55E186CF5574
:10A24000E286D055E386D155BEE0D255AAE0D3557B
:10A25000A4C9D455C1E0D555E486D655B2E0D7554A
:10A26000E586D855E686D955E786DA55E886DB5582
:10A27000E986DC55C8CADD55C3E0DE55EA86DF5500
:10A28000B5E0E055EB86E155CBCEE255EC86E355E3
:10A29000C3CBE455CDE0E555C6E0E655C2E0E75551
:10A2A000ED86E855CBE0E955EE86EA55BAE0EB5588
:10A2B000BFE0EC55C0E0ED55EF86EE55F086EF556A
:10A2C000C5E0F055F186F155F286F255C7E0F35539
:10A2D000C8E0F455F386F555CCE0F655F486F7550D
:10A2E000BBE0F855F586F955F686FA55F786FB5525
:10A2F000F886FC55F986FD55D4CBFE55D5E0FF55C3
:10A30000FA860056D6E00156D2E00256FB86035686
:10A31000FC860456FD860556FE860656408707567F
:10A3200041870856D0E00956CEBC0A5642870B56E4
:10A3300043870C56D1E00D5644870E56C2B80F56CF
:10A34000C5D810564587115646871256478713566B
:10A3500048871456498715564A8716564B8717560D
:10A360004C871856EAD019564D871A564E871B56F9
:10A37000EFC21C564F871D5650871E56CFE01F5602
:10A38000BDE02056518721565287225653872356C7
:10A39000D4E02456D3E025565487265655872756B1
:10A3A000D7E028565687295657872A5658872B565E
:10A3B00059872C56DCE02D56D8E02E565A872F565A
:10A3C0005B8730565C873156F6D63256B0B333567B
:10A3D0005D873456ECD735565E873656BBCB37563D
:10A3E0005F87385660873956DAE03A5661873B56C0
:10A3F000FBCE3C5662873D5663873E5664873F5688
:10A40000D9BA405665874156668742566787435694
:10A4100068874456698745566A8746566B8747560C
:10A420006C8748566D8749566E874A566F874B56DC
:10A4300070874C56E1E04D56DDE04E56ADD24F569A
:10A440007187505672875156738752567487535688
:10A4500075875456E2E05556768756567787575695
:10A46000DBE05856D9E05956DFE05A5678875B56FC
:10A4700079875C56E0E05D567A875E567B875F564B
:10A480007C8760567D8761567E876256DEE0635624
:10A4900080876456E4E065568187665682876756F2
:10A4A00083876856F7C66956ACD86A56EBD46B56A4
:10A4B000E6E06C56C9CA6D5684876E5685876F561E
:10A4C0008687705687877156E5E07256888773567F
:10A4D000898774568A8775568B877656C1B87756A2
:10A4E0008C8778568D8779568E877A568F877B56DC
:10A4F000E7E07C56E8E07D5690877E5691877F5650
:10A500009287805693878156948782569587835683
:10A510009687845697878556E9E08656E3E0875606
:10A5200098878856998789569A878A569B878B562B
:10A530009C878C569D878D569E878E56BFBA8F56A8
:10A54000E7CC90569F879156A0879256A187935645
:10A55000EAE09456A2879556A3879656A487975605
:10A56000A5879856A6879956A7879A56A8879B5677
:10A57000A9879C56AA879D56AB879E56AC879F5647
:10A58000AD87A056AE87A156AF87A256B087A35617
:10A59000F9CFA456B187A556B287A656B387A7565A
:10A5A000B487A856B587A956B687AA56B787AB56BB
:10A5B000B887AC56B987AD56BA87AE56BB87AF568B
:10A5C000EBE0B056BC87B156BD87B256BE87B356D6
:10A5D000BF87B456C087B556C187B656C287B7562F
:10A5E000C2C8B856C387B956C487BA56C587BB56C2
:10A5F000C687BC56C0BDBD56C787BE56C887BF56A6
:10A60000C987C056CA87C156CB87C256CC87C356A6
:10A61000CD87C456CE87C556CF87C656D087C75676
:10A62000D187C856D287C956D387CA56D2C4CB560B
:10A63000D487CC56D587CD56D687CE56D787CF561A
:10A64000D887D056D987D156DA87D256DB87D356EA
:10A65000DC87D456ECE0D556DD87D656DE87D75654
:10A66000EDE0D856DF87D956E087DA56F4C7DB56D7
:10A67000C4CBDC56E187DD56EEE0DE56D8BBDF56B4
:10A68000B6D8E056F2D2E156EFE0E256C5CDE35639
:10A69000E287E456DAB6E556E387E656E487E756FE
:10A6A000E587E856E687E956E787EA56E887EB56F6
:10A6B000F1E0EC56E987ED56B0D4EE56EA87EF5656
:10A6C000EB87F056A7C0F156D1B4F256EC87F3569B
:10A6D000ED87F456A7CEF556F0E0F656EE87F7561E
:10A6E000EF87F856F087F956F2E0FA56CCB9FB56E8
:10A6F000F187FC56F287FD56FAB9FE56BCCDFF56DF
:10A70000F3E00057F3870157F4870257F5870357A3
:10A71000D4C60457F4E00557F6870657B2D4075756
:10A72000F7870857A6C80957F6E00A57F5E00B5710
:10A73000F8870C57F9870D57FA870E57FB870F5785
:10A74000FC871057FD871157FE8712574088135713
:10A75000418814574288155743881657448817571D
:10A76000458818574688195747881A5748881B57ED
:10A7700049881C57F7E01D574A881E574B881F57BA
:10A78000C1CD20574C8821574D8822574E882357DA
:10A79000A5CA24574F8825575088265751882757D0
:10A7A00052882857DAD42957D7DB2A57D9DB2B57B9
:10A7B00053882C57D8DB2D57E7B92E57DCDB2F57A2
:10A7C000DDDB3057D8B53157548832575588335769
:10A7D000DADB3457568835575788365758883757F5
:10A7E000598838575A883957DBDB3A57A1B33B575A
:10A7F000DFDB3C575B883D575C883E57F8BB3F57D3
:10A800005D884057B7D641575E884257E0DB4357D3
:10A810005F88445760884557618846576288475724
:10A82000F9BE48576388495764884A57BBB74B57A6
:10A8300065884C57D0DB4D57AECC4E57B2BF4F5703
:10A84000B5BB5057F8D75157D3BF525766885357A7
:10A850006788545768885557698856576A88575784
:10A86000E9BF58576B8859576C885A57E1BC5B57FA
:10A87000B3CC5C57DEDB5D57D3B05E57EBCE5F5792
:10A88000D8B76057B9D76157C2C662576D8863574A
:10A890006E886457A4C065576F886657B9CC6757F0
:10A8A00070886857E7DB6957E1DB6A57BAC66B57B0
:10A8B000E3DB6C5771886D57E8DB6E5772886F5712
:10A8C000F7C57057738871577488725775887357B6
:10A8D000EADB74577688755777887657E9DB7757C0
:10A8E000C0BF78577888795779887A577A887B57A4
:10A8F000E6DB7C57E5DB7D577B887E577C887F577E
:10A900007D8880577E88815780888257B9B4835765
:10A91000ACC08457A2C28557E2DB8657E4DB875779
:10A92000818888578288895783888A5784888B577B
:10A93000CDD08C57EDDB8D5785888E5786888F5705
:10A94000878890578888915789889257DDC0935798
:10A95000F2DB94578A8895578B8896578C8897573F
:10A960008D8898578E8899578F889A5790889B57CB
:10A97000E2B69C5791889D5792889E5793889F571F
:10A980009488A057F3DBA157D2DBA257B8B9A357DD
:10A99000ABD4A457ECDBA5579588A657D1BFA757D2
:10A9A000F0DBA8579688A957D1DBAA579788AB57F1
:10A9B000E6B5AC579888AD57EBDBAE57E5BFAF5760
:10A9C0009988B0579A88B1579B88B257EEDBB35736
:10A9D0009C88B457F1DBB5579D88B6579E88B7570A
:10A9E0009F88B857F9DBB957A088BA57A188BB57D9
:10A9F000A288BC57A388BD57A488BE57A588BF5757
:10AA0000A688C057A788C157A888C257A1B9C357FD
:10AA1000A3B0C457A988C557AA88C657AB88C757DB
:10AA2000AC88C857AD88C957AE88CA57AF88CB57CE
:10AA3000F1C2CC57B088CD57B188CE57C7B3CF57E6
:10AA4000EFDBD057B288D157B388D257F8DBD35752
:10AA5000B488D457D2C6D557F4DBD657B588D75764
:10AA6000B688D857F5DBD957F7DBDA57F6DBDB5773
:10AA7000B788DC57B888DD57FEDBDE57B988DF576B
:10AA8000F2D3E057BAB2E157BA88E257BB88E3572E
:10AA9000BC88E457FDDBE557BD88E657BE88E7571D
:10AAA000BF88E857C088E957C188EA57C288EB5782
:10AAB000C388EC57C488ED57A4DCEE57C588EF5720
:10AAC000FBDBF057C688F157C788F257C888F357A1
:10AAD000C988F457FADBF557CA88F657CB88F75779
:10AAE000CC88F857FCDBF957E0C5FA57F9BBFB57A0
:10AAF000CD88FC57CE88FD57A3DCFE57CF88FF5783
:10AB0000D0880058A5DC0158D1880258C3CC03581E
:10AB1000D2880458D3880558D4880658D1B6075827
:10AB2000C0DD0858D5880958D6880A58D7880B58E8
:10AB3000A1DC0C58D8880D58A2DC0E58D9880F58C3
:10AB4000DA881058DB881158B5C71258DC881358BA
:10AB5000DD881458DE881558E9B61658DF8817586E
:10AB6000E0881858E1881958A7DC1A58E2881B5861
:10AB7000E3881C58E4881D58E5881E58A6DC1F5839
:10AB8000E6882058A9DC2158A4B12258E788235828
:10AB9000E8882458CCB52558E9882658EA882758EB
:10ABA000EB882858EC882958ED882A58B0BF2B58D4
:10ABB000EE882C58EF882D58F0882E58F1882F58A1
:10ABC000F2883058DFD13158F3883258F48833583E
:10ABD000F5883458F6883558C2B63658F78837584D
:10ABE000F8883858F9883958FA883A58FB883B5819
:10ABF000FC883C58FD883D58FE883E5840893F58A7
:10AC000041894058428941584389425844894358B0
:10AC100045894458A8DC45584689465847894758CD
:10AC200048894858498949584A894A584B894B5854
:10AC30004C894C58FACB4D58F3EB4E584D894F5830
:10AC40004E8950584F895158DCCB5258508953582F
:10AC500051895458FECB55585289565853895758E4
:10AC600054895858C1CC595855895A5856895B58F7
:10AC700057895C5858895D5859895E58FBC85F5898
:10AC80005A8960585B8961585C8962585D8963584C
:10AC90005E8964585F896558AADC66586089675880
:10ACA000618968586289695863896A5864896B58F0
:10ACB000EECC6C58ABDC6D5865896E5866896F5860
:10ACC0006789705868897158698972586A89735898
:10ACD0006B8974586C8975586D8976586E89775868
:10ACE0006F8978587089795871897A5872897B5838
:10ACF00073897C5874897D5875897E58D3DB7F5859
:10AD000076898058AFDC8158ACDC825877898358CB
:10AD1000B3BE845878898558FBCA86587989875884
:10AD20007A8988587B898958ADDC8A587C898B5808
:10AD30007D898C587E898D5880898E5881898F585D
:10AD4000828990588389915884899258CAC99358A6
:10AD5000B9C4945885899558868996588789975893
:10AD60008889985889899958BDC79A58AEDC9B58EC
:10AD70008A899C588B899D588C899E58F6D49F58F7
:10AD8000E6D0A0588D89A1588E89A2588F89A358E2
:10AD90009089A4589189A5589289A6589389A75853
:10ADA0009489A858ABC4A958D5B6AA589589AB5868
:10ADB0009689AC589789AD589889AE589989AF58FB
:10ADC0009A89B0589B89B1589C89B2589D89B358CB
:10ADD0009E89B4589F89B558A089B658A189B7589B
:10ADE000A289B858A389B958A489BA58A589BB586B
:10ADF000A689BC58D4DBBD58A789BE58A889BF58BE
:10AE0000A989C058AA89C158DAB1C258AB89C358B8
:10AE1000AC89C458AD89C558D5DBC658AE89C7586A
:10AE2000AF89C858B089C958B189CA58B289CB58B6
:10AE3000B389CC58B489CD58B589CE58B689CF5886
:10AE4000B789D058B889D158D6DBD258B989D358E8
:10AE5000BA89D458BB89D558BEBAD658BC89D758F8
:10AE6000BD89D858BE89D958BF89DA58C089DB58FE
:10AE7000C189DC58C289DD58C389DE58C489DF58CE
:10AE8000C589E058C689E158C789E258C889E3589E
:10AE9000C989E458C0C8E558CA89E658CB89E7583B
:10AEA000CC89E858CD89E958CE89EA58CF89EB5842
:10AEB000BFCAEC58C9C8ED58D089EE58B3D7EF587F
:10AEC000D189F058F9C9F158D289F258D389F35889
:10AED000C7BFF458D489F558D589F658F8BAF75849
:10AEE000D689F858D789F958BCD2FA58D889FB586E
:10AEF000D989FC58DA89FD58DB89FE58DC89FF586E
:10AF0000DD890059DE890159DF890259BAE2035906
:10AF1000E0890459A6B40559E1890659E28907591F
:10AF2000B8B10859E3890959E4890A59E5890B59E7
:10AF3000E6890C59E7890D59B4B80E59E8890F59BB
:10AF4000C4CF1059E9891159EA891259EB8913596B
:10AF5000EC891459E7D91559A6CF1659E2CD1759DE
:10AF6000ED891859EE891959EDD91A59E0B61B59CE
:10AF7000EF891C59B9D21D59F0891E59F1891F5901
:10AF8000BBB92059F2892159F3892259F4892359EF
:10AF9000F5892459B9E22559B7E22659F689275986
:10AFA000F3B42859F7892959ECCC2A59ABCC2B5941
:10AFB000F2B72C59F8892D59B2D82E59EBD12F5907
:10AFC000BBBA3059F9893159A7CA3259FA8933596C
:10AFD000FB893459B7CD3559FC893659FD89375924
:10AFE000C4D23859E4BF3959D0BC3A59E1B63B59BB
:10AFF000FE893C59C5DE3D59408A3E59418A3F5938
:10B00000428A4059438A4159C6DE4259BCDB435902
:10B01000448A4459D9D14559458A4659468A47599F
:10B02000E6C64859CEC44959EEB74A59478A4B59E2
:10B03000DCB74C59488A4D59498A4E59FCBF4F5983
:10B04000E0D750594A8A5159F5C652594B8A53593B
:10B050004C8A5459BCB15559C8DE5659B1BD5759DF
:10B06000D7CC5859CADE59594D8A5A59C9DE5B594D
:10B070004E8A5C594F8A5D59508A5E59518A5F5990
:10B08000528A6059ECB56159538A6259DDC96359D6
:10B09000548A6459558A6559C2B06659568A6759A7
:10B0A000578A6859588A6959598A6A595A8A6B590C
:10B0B0005B8A6C595C8A6D595D8A6E595E8A6F59DC
:10B0C0005F8A7059608A7159618A7259628A7359AC
:10B0D000AEC57459ABC57559638A7659CCC47759D6
:10B0E000648A7859E9BC7959FDCB7A59658A7B59CC
:10B0F000668A7C59678A7D59C3BA7E59688A7F59A6
:10B10000698A80596A8A8159F9E58259E7C8835961
:10B11000FAE58459FDCD85596B8A8659B1D787598F
:10B12000BEB88859E8C289596C8A8A59D1C88B59E6
:10B130006D8A8C596E8A8D59FBE58E596F8A8F59AD
:10B14000708A9059718A9159728A9259CAB69359E4
:10B15000CBBC9459738A9559748A9659FDD19759E5
:10B16000A1E69859758A9959EEC39A59768A9B59DE
:10B17000778A9C59788A9D59798A9E59A4E69F5965
:10B180007A8AA0597B8AA1597C8AA2597D8AA359BF
:10B19000FEE5A459A5E6A559D7CDA6597E8AA7599B
:10B1A000808AA859C1B7A959FCE5AA59FDE5AB5950
:10B1B000A3E6AC59818AAD59828AAE59DDC4AF5934
:10B1C000A8E6B059838AB159848AB259A7E6B3591F
:10B1D000858AB459868AB559878AB659888AB759F3
:10B1E000898AB8598A8AB959C3C3BA598B8ABB5953
:10B1F000DEC6BC598C8ABD598D8ABE59AAE6BF5994
:10B200008E8AC0598F8AC159908AC259918AC3596E
:10B21000928AC459938AC559948AC659B7C4C759E2
:10B22000958AC859968AC959978ACA59A2E6CB59AC
:10B23000BCCACC59988ACD59998ACE599A8ACF5985
:10B240009B8AD059E3BDD159C3B9D259A6E6D35987
:10B25000D5D0D459AFCED5599C8AD6599D8AD759C5
:10B26000A9E6D859B0E6D9599E8ADA59A6D2DB594F
:10B270009F8ADC59AABDDD59ADE6DE59A08ADF59A7
:10B28000A18AE059A28AE159A38AE259A48AE35922
:10B29000AFE6E459A58AE559D1C0E659A68AE7592F
:10B2A000A78AE859CCD2E959A88AEA59A98AEB5960
:10B2B000AA8AEC59A7BCED59AB8AEE59AC8AEF5972
:10B2C000AD8AF059AE8AF159AF8AF259B08AF35972
:10B2D000B18AF459B28AF559B38AF659B48AF75942
:10B2E000B58AF859B68AF959B1E6FA59B78AFB59BD
:10B2F000F6D2FC59B88AFD59B98AFE59BA8AFF5963
:10B30000CBD7005ABB8A015AFECD025ABC8A035AD7
:10B31000DECD045AA6C2055AABE6065AACE6075A79
:10B32000BFBD085AAEE6095AB3E60A5ABD8A0B5A9F
:10B33000BE8A0C5AB2E60D5ABF8A0E5AC08A0F5AFC
:10B34000C18A105AC28A115AB6E6125AC38A135ACF
:10B35000B8E6145AC48A155AC58A165AC68A175AA4
:10B36000C78A185AEFC4195AC88A1A5AC98A1B5A66
:10B37000CA8A1C5AC8C41D5ACB8A1E5ACC8A1F5A64
:10B38000EABE205AEFC9215ACD8A225ACE8A235AC0
:10B39000B7E6245ACF8A255AF0B6265AD08A275AB9
:10B3A000D18A285AD28A295AE4C32A5AD38A2B5AD4
:10B3B000D48A2C5AD58A2D5AD68A2E5AD78A2F5AF1
:10B3C000D88A305AD98A315AE9D3325AB4E6335A34
:10B3D000DA8A345AB5E6355ADB8A365AA2C8375A61
:10B3E000DC8A385ADD8A395ADE8A3A5ADF8A3B5A71
:10B3F000E08A3C5ABDE63D5AE18A3E5AE28A3F5A0B
:10B40000E38A405AB9E6415AE48A425AE58A435AE5
:10B41000E68A445AE78A455AE88A465AC5C6475AD0
:10B42000E98A485AEA8A495AF1CD4A5ABBE64B5A48
:10B43000EB8A4C5AEC8A4D5AED8A4E5AEE8A4F5A94
:10B44000EF8A505AF08A515AF18A525AF28A535A64
:10B45000F38A545AF48A555ABCE6565AF58A575A12
:10B46000F68A585AF78A595AF88A5A5AE9BB5B5AE7
:10B47000F98A5C5AFA8A5D5AFB8A5E5AFC8A5F5ADC
:10B48000FD8A605AFE8A615A408B625ABEE6635A50
:10B49000418B645A428B655A438B665A448B675A78
:10B4A000BAE6685A458B695A468B6A5AB7C06B5AD6
:10B4B000478B6C5A488B6D5A498B6E5A4A8B6F5A20
:10B4C0004B8B705A4C8B715A4D8B725A4E8B735AF0
:10B4D0004F8B745AA4D3755ABFE6765AF4C9775A7B
:10B4E000C3E6785A508B795A518B7A5AC4E67B5A04
:10B4F000528B7C5A538B7D5A548B7E5A558B7F5A74
:10B50000F6D0805A568B815A578B825A588B835A61
:10B51000598B845A5A8B855A5B8B865A5C8B875A17
:10B520005D8B885A5E8B895A5F8B8A5A608B8B5AE7
:10B53000618B8C5A628B8D5A638B8E5A648B8F5AB7
:10B54000658B905A668B915A678B925ABDC3935AFA
:10B55000688B945A698B955A6A8B965A6B8B975A5B
:10B560006C8B985A6D8B995A6E8B9A5AC4C39B5A9E
:10B57000C2E69C5A6F8B9D5A708B9E5A718B9F5A54
:10B58000728BA05A738BA15A748BA25A758BA35AD3
:10B59000768BA45A778BA55A788BA65A798BA75AA3
:10B5A0007A8BA85A7B8BA95A7C8BAA5AC1E6AB5AD4
:10B5B0007D8BAC5A7E8BAD5A808BAE5A818BAF5A45
:10B5C000828BB05A838BB15A848BB25AC7E6B35A76
:10B5D000B1CFB45A858BB55AF4EBB65A868BB75AAD
:10B5E000878BB85ACAE6B95A888BBA5A898BBB5A24
:10B5F0008A8BBC5A8B8BBD5A8C8BBE5AC5E6BF5A00
:10B600008D8BC05A8E8BC15ADEBCC25AA9C9C35A8F
:10B610008F8BC45A908BC55A918BC65A928BC75A3E
:10B62000938BC85A948BC95AB5BCCA5A958BCB5ABE
:10B63000968BCC5AD3CFCD5A978BCE5A988BCF5A64
:10B64000998BD05A9A8BD15A9B8BD25AC8E6D35A2F
:10B650009C8BD45AC9E6D55A9D8BD65ACEE6D75A7A
:10B660009E8BD85AD0E6D95A9F8BDA5AA08BDB5AD8
:10B67000A18BDC5AD1E6DD5AA28BDE5AA38BDF5AAE
:10B68000A48BE05ACBE6E15AD5B5E25AA58BE35A32
:10B69000CCE6E45AA68BE55AA78BE65ACFE6E75AE2
:10B6A000A88BE85AA98BE95ADBC4EA5AAA8BEB5A51
:10B6B000C6E6EC5AAB8BED5AAC8BEE5AAD8BEF5A1B
:10B6C000AE8BF05AAF8BF15ACDE6F25AB08BF35AEB
:10B6D000B18BF45AB28BF55AB38BF65AB48BF75A36
:10B6E000B58BF85AB68BF95AB78BFA5AB88BFB5A06
:10B6F000B98BFC5ABA8BFD5ABB8BFE5ABC8BFF5AD6
:10B70000BD8B005BBE8B015BBF8B025BC08B035BA1
:10B71000C18B045BC28B055BC38B065BC48B075B71
:10B72000C58B085BC68B095BD2E60A5BC78B0B5BDC
:10B73000C88B0C5BC98B0D5BCA8B0E5BCB8B0F5B15
:10B74000CC8B105BCD8B115BCE8B125BCF8B135BE5
:10B75000D08B145BD18B155BD28B165BD4E6175B59
:10B76000D3E6185BD38B195BD48B1A5BD58B1B5B31
:10B77000D68B1C5BD78B1D5BD88B1E5BD98B1F5B5D
:10B78000DA8B205BDB8B215BDC8B225BDD8B235B2D
:10B79000DE8B245BDF8B255BE08B265BE18B275BFD
:10B7A000E28B285BE38B295BE48B2A5BE58B2B5BCD
:10B7B000E68B2C5BE78B2D5BE88B2E5BE98B2F5B9D
:10B7C000EA8B305BEB8B315BEC8B325BD5E6335B2A
:10B7D000ED8B345BF8D9355BEE8B365BEF8B375BEB
:10B7E000D6E6385BF08B395BF18B3A5BF28B3B5BD7
:10B7F000F38B3C5BF48B3D5BF58B3E5BF68B3F5BE9
:10B80000F78B405BD7E6415BF88B425BF98B435B80
:10B81000FA8B445BFB8B455BFC8B465BFD8B475B8C
:10B82000FE8B485B408C495B418C4A5B428C4B5B96
:10B83000438C4C5B448C4D5B458C4E5B468C4F5B24
:10B84000478C505BD3D7515BDDE6525B488C535B32
:10B85000DEE6545BD7BF555BD0D4565B498C575B53
:10B86000D6D7585BE6B4595BEFCB5A5BDAE65B5B45
:10B87000C3D85C5BCED75D5BA2D05E5B4A8C5F5B5E
:10B88000CFC3605B4B8C615B4C8C625BDFE6635BC0
:10B89000BEBC645BC2B9655BDBE6665BA7D1675B78
:10B8A0004D8C685B4E8C695BA2BA6A5BCFC26B5BE6
:10B8B0004F8C6C5BABD86D5B508C6E5B518C6F5B4F
:10B8C000528C705BEBCA715BEEE5725B538C735B01
:10B8D000DCE6745B548C755BF5B7765B558C775BF7
:10B8E000568C785B578C795B588C7A5BE6C87B5BAF
:10B8F000598C7C5B5A8C7D5BF5C47E5B5B8C7F5B7B
:10B900005C8C805BB2E5815BFEC4825B5D8C835B9B
:10B91000FCCB845BB3E5855BACD5865B5E8C875BDB
:10B92000EED3885BD8CA895BB2B08A5B5F8C8B5BD5
:10B93000CECB8C5BEACD8D5B608C8E5B618C8F5B3C
:10B94000EABA905B628C915B638C925B648C935BD4
:10B95000B5E5945B658C955BB4E5965B668C975B0F
:10B96000DAD7985BD9B9995BE6D69A5BA8B69B5BA8
:10B97000F0CD9C5BCBD29D5BA6B19E5BB5CA9F5BB5
:10B98000678CA05BE8B3A15BF3C9A25BCDBFA35BEF
:10B99000FBD0A45BD2CAA55BB6E5A65BC2BBA75B26
:10B9A000688CA85B698CA95B6A8CAA5BDCCFAB5BFB
:10B9B000ACB9AC5B6B8CAD5B6C8CAE5B6D8CAF5B18
:10B9C0006E8CB05BD7D4B15B6F8CB25B708CB35BA9
:10B9D000A6BAB45BE7D1B55BFCCFB65BD2BCB75BB4
:10B9E000718CB85BB7E5B95BDDC8BA5B728CBB5BC9
:10B9F000738CBC5B748CBD5BEDBFBE5BF6B1BF5B93
:10BA0000DECBC05B758CC15B768CC25BC5BCC35B97
:10BA1000778CC45BC4BCC55BFAD2C65BDCC3C75BB6
:10BA2000DCBFC85B788CC95B798CCA5B7A8CCB5BDA
:10BA30007B8CCC5BBBB8CD5B7C8CCE5B7D8CCF5BD9
:10BA40007E8CD05BC2C3D15B808CD25BAEBAD35B41
:10BA5000A2D4D45B818CD55B828CD65B838CD75B84
:10BA6000848CD85B858CD95B868CDA5B878CDB5BBE
:10BA7000888CDC5B898CDD5BDEC7DE5BAFC4DF5BA3
:10BA8000ECB2E05B8A8CE15BD1B9E25B8B8CE35B6F
:10BA90008C8CE45BBBE5E55BC8C1E65B8D8CE75B4A
:10BAA0008E8CE85BAFD5E95B8F8CEA5B908CEB5BAF
:10BAB000918CEC5B928CED5B938CEE5BBCE5EF5B69
:10BAC000948CF05BBEE5F15B958CF25B968CF35B3E
:10BAD000978CF45B988CF55B998CF65B9A8CF75B92
:10BAE0009B8CF85BE7B4F95BD4B6FA5BC2CBFB5B2B
:10BAF000B0D1FC5BBCB5FD5B9C8CFE5B9D8CFF5BA1
:10BB0000D9CA005C9E8C015CE2B7025C9F8C035C2E
:10BB1000A08C045CE4C9055CA18C065CABBD075C31
:10BB2000A28C085CA38C095CBECE0A5CF0D70B5CCF
:10BB3000A48C0C5CA58C0D5CA68C0E5CA78C0F5C99
:10BB4000A1D0105CA88C115CD9C9125CA98C135CC3
:10BB5000AA8C145CFBB6155CD8E6165CE2BC175CDC
:10BB6000AB8C185CBEB3195CAC8C1A5CD0C91B5C86
:10BB7000AD8C1C5CD9E61D5CA2B31E5CAE8C1F5C58
:10BB8000AF8C205CB08C215CB18C225CCCDE235C61
:10BB9000B28C245CC8D3255CCDDE265CB38C275CDC
:10BBA000A2D2285CB48C295CB58C2A5CB68C2B5C48
:10BBB000B78C2C5CCEDE2D5CB88C2E5CB98C2F5CE7
:10BBC000BA8C305CBB8C315CCDBE325CBC8C335CDF
:10BBD000BD8C345CCFDE355CBE8C365CBF8C375C94
:10BBE000C08C385CACCA395CFCD23A5CDFB33B5CDD
:10BBF000EAE53C5CE1C43D5CA1BE3E5CB2CE3F5C8C
:10BC0000F2C4405CD6BE415CA8C6425CE3B2435C71
:10BC1000C18C445CC28C455CD3BE465CC38C475C23
:10BC2000C48C485CFCC7495CEBCC4A5CECBD4B5C0B
:10BC3000DDCE4C5CC58C4D5CC68C4E5CBACA4F5C8C
:10BC4000C1C6505CECE5515CBCD0525CC78C535C07
:10BC5000C88C545CC98C555CB9D5565CCA8C575C91
:10BC6000CB8C585CCC8C595CEDE55A5CCD8C5B5C24
:10BC7000CE8C5C5CCF8C5D5CD08C5E5CF4CA5F5C0F
:10BC8000D18C605CC0CD615CC5C2625CD28C635CEF
:10BC9000EFE5645CD38C655CC4C2665CF0E5675C10
:10BCA000D48C685CD58C695CD68C6A5CD78C6B5CF8
:10BCB000D88C6C5CD98C6D5CDA8C6E5CF8E56F5C52
:10BCC000CDCD705CDB8C715CBDC9725CDC8C735C4F
:10BCD000DD8C745CDE8C755CDF8C765CE08C775C74
:10BCE000E18C785CE28C795CD9D27A5CA8E17B5CEF
:10BCF000E38C7C5CE48C7D5CE58C7E5CE68C7F5C1C
:10BD0000ECD3805CE78C815CEACB825CF1C6835C1F
:10BD1000E88C845CE98C855CEA8C865CEB8C875CC7
:10BD2000EC8C885CACE1895CED8C8A5CEE8C8B5C85
:10BD3000EF8C8C5CA7E18D5CA9E18E5CF08C8F5C54
:10BD4000F18C905CAAE1915CAFE1925CF28C935C27
:10BD5000F38C945CEDB2955CF48C965CABE1975CF3
:10BD6000DAB8985CADE1995CAEE19A5CB0E19B5CBD
:10BD7000BAB59C5CB1E19D5CF58C9E5CF68C9F5CD9
:10BD8000F78CA05CF88CA15CF98CA25CB3E1A35C9D
:10BD9000B8E1A45CFA8CA55CFB8CA65CFC8CA75C6F
:10BDA000FD8CA85CFE8CA95CD2D1AA5C408DAB5CFA
:10BDB000B6E1AC5CB5E1AD5CEBC1AE5C418DAF5CB6
:10BDC000428DB05C438DB15CB7E1B25C448DB35C35
:10BDD000C0D4B45C458DB55CB2E1B65C468DB75C51
:10BDE000BAE1B85CB6B0B95C478DBA5C488DBB5C53
:10BDF000498DBC5C4A8DBD5CB4E1BE5C4B8DBF5CC3
:10BE0000F9BFC05C4C8DC15CB9E1C25C4D8DC35CB7
:10BE10004E8DC45CBBE1C55C4F8DC65C508DC75C6C
:10BE2000518DC85C528DC95C538DCA5C548DCB5CFE
:10BE3000BEE1CC5C558DCD5C568DCE5C578DCF5C14
:10BE4000588DD05C598DD15C5A8DD25CBCE1D35CED
:10BE50005B8DD45C5C8DD55C5D8DD65C5E8DD75C76
:10BE60005F8DD85C608DD95CC5D6DA5C618DDB5C9A
:10BE7000628DDC5C638DDD5C648DDE5C658DDF5C1A
:10BE8000668DE05C678DE15CBFCFE25C688DE35C52
:10BE9000698DE45CBDE1E55CBFE1E65CCDC2E75CD9
:10BEA0006A8DE85CEBB6E95C6B8DEA5CF8D3EB5C21
:10BEB0006C8DEC5C6D8DED5CCDC7EE5C6E8DEF5CDA
:10BEC0006F8DF05CE5B7F15C708DF25C718DF35CA9
:10BED000728DF45C738DF55C748DF65C758DF75C1A
:10BEE000768DF85C778DF95C788DFA5C798DFB5CEA
:10BEF000FEBEFC5C7A8DFD5C7B8DFE5C7C8DFF5C08
:10BF00007D8D005D7E8D015D808D025DC0E1035DF4
:10BF1000C1E1045D818D055D828D065DC7E1075D30
:10BF2000E7B3085D838D095D848D0A5D858D0B5DAA
:10BF3000868D0C5D878D0D5D888D0E5DE9C60F5D6C
:10BF4000898D105D8A8D115D8B8D125D8C8D135DD9
:10BF50008D8D145DDEB4155D8E8D165DC2D1175DBD
:10BF60008F8D185D908D195D918D1A5D928D1B5D81
:10BF7000C8E11C5D938D1D5D948D1E5DC6E11F5D46
:10BF8000958D205D968D215D978D225D988D235D29
:10BF9000998D245DC5E1255D9A8D265DC3E1275D00
:10BFA000C2E1285D9B8D295DC0B12A5D9C8D2B5D12
:10BFB0009D8D2C5D9E8D2D5DB8D52E5DC4E12F5DD0
:10BFC0009F8D305DA08D315DA18D325DA28D335D81
:10BFD000A38D345DCBE1355DA48D365DA58D375DD8
:10BFE000A68D385DA78D395DA88D3A5DA98D3B5D25
:10BFF000AA8D3C5DAB8D3D5DCCE13E5DCAE13F5D10
:10C00000AC8D405DAD8D415DAE8D425DAF8D435DCC
:10C01000B08D445DB18D455DB28D465DB38D475D9C
:10C02000FAEF485DB48D495DB58D4A5DD3E14B5D56
:10C03000D2E14C5DB6C74D5DB68D4E5DB78D4F5D9F
:10C04000B88D505DB98D515DBA8D525DBB8D535D1C
:10C05000BC8D545DBD8D555DBE8D565DBF8D575DEC
:10C06000C08D585DC9E1595DC18D5A5DC28D5B5D62
:10C07000CEE15C5DC38D5D5DD0E15E5DC48D5F5DD5
:10C08000C58D605DC68D615DC78D625DC88D635D68
:10C09000C98D645DCA8D655DCB8D665DCC8D675D38
:10C0A000CD8D685DCE8D695DD4E16A5DCF8D6B5DB0
:10C0B000D1E16C5DCDE16D5DD08D6E5DD18D6F5D3B
:10C0C000CFE1705DD28D715DD38D725DD48D735D66
:10C0D000D58D745DD5E1755DD68D765DD78D775D37
:10C0E000D88D785DD98D795DDA8D7A5DDB8D7B5D5C
:10C0F000DC8D7C5DDD8D7D5DDE8D7E5DDF8D7F5D2C
:10C10000E08D805DE18D815DE28D825DD6E1835DB4
:10C11000E38D845DE48D855DE58D865DE68D875DCF
:10C12000E78D885DE88D895DE98D8A5DEA8D8B5D9F
:10C13000EB8D8C5DEC8D8D5DED8D8E5DEE8D8F5D6F
:10C14000EF8D905DF08D915DF18D925DF28D935D3F
:10C15000F38D945DF48D955DF58D965DF68D975D0F
:10C16000F78D985DF88D995DD7E19A5DF98D9B5DAE
:10C17000FA8D9C5DFB8D9D5DD8E19E5DFC8D9F5D84
:10C18000FD8DA05DFE8DA15D408EA25D418EA35D03
:10C19000428EA45D438EA55D448EA65D458EA75D4F
:10C1A000468EA85D478EA95D488EAA5D498EAB5D1F
:10C1B0004A8EAC5D4B8EAD5D4C8EAE5D4D8EAF5DEF
:10C1C0004E8EB05D4F8EB15D508EB25D518EB35DBF
:10C1D000528EB45D538EB55D548EB65D558EB75D8F
:10C1E000DAE1B85D568EB95D578EBA5D588EBB5D8B
:10C1F000598EBC5D5A8EBD5D5B8EBE5D5C8EBF5D33
:10C200005D8EC05D5E8EC15D5F8EC25D608EC35D02
:10C21000618EC45D628EC55DDBE1C65D638EC75D08
:10C22000648EC85D658EC95D668ECA5D678ECB5DA6
:10C23000688ECC5D698ECD5DA1CECE5D6A8ECF5D00
:10C240006B8ED05D6C8ED15D6D8ED25D6E8ED35D4A
:10C250006F8ED45D708ED55D718ED65D728ED75D1A
:10C26000738ED85D748ED95D758EDA5D768EDB5DEA
:10C27000DDE7DC5D778EDD5DA8B4DE5DDDD6DF5DFC
:10C28000788EE05D798EE15DB2D1E25DB2B3E35DBF
:10C290007A8EE45D7B8EE55DA4B9E65DF3D7E75D5C
:10C2A000C9C7E85DDEBEE95DAEB9EA5D7C8EEB5DD7
:10C2B000D7CEEC5D7D8EED5D7E8EEE5DEEB2EF5DF8
:10C2C000CFDBF05D808EF15DBABCF25DD1D2F35D63
:10C2D000C8CBF45DCDB0F55D818EF65D828EF75DE5
:10C2E000EFCFF85D838EF95D848EFA5D858EFB5D00
:10C2F000868EFC5D878EFD5DE3D9FE5DEDBDFF5D45
:10C30000888E005E898E015ED2B1025ED0CA035E65
:10C31000BCB2045E8A8E055EA7CB065EABB7075E35
:10C320008B8E085EA6CA095E8C8E0A5E8D8E0B5EB1
:10C330008E8E0C5EA3CF0D5E8F8E0E5E908E0F5E86
:10C34000F8E0105ECAD5115EFBE0125E918E135EBE
:10C35000928E145EFAE0155EC1C5165EFBCC175EC8
:10C36000938E185EB1C1195EF9E01A5EE3D61B5ECA
:10C37000AFB21C5EC4D61D5EDBB51E5E948E1F5E22
:10C38000958E205E968E215E978E225E988E235E1D
:10C39000998E245E9A8E255E9B8E265EF8B4275E6B
:10C3A000A1D6285E9C8E295E9D8E2A5E9E8E2B5E77
:10C3B0009F8E2C5EA08E2D5EAFCF2E5EEFB02F5ED7
:10C3C000A18E305EA28E315EFCE0325EA38E335EC3
:10C3D000A48E345EA58E355EA68E365EA78E375E41
:10C3E000A1E1385EA3B3395EA88E3A5EA98E3B5EAA
:10C3F000FDE03C5EFEE03D5EB1C33E5EAA8E3F5E68
:10C40000AB8E405EAC8E415EAD8E425EDDC3435E60
:10C41000AE8E445EA2E1455EF9B7465EAF8E475EE2
:10C42000B08E485EB18E495EB28E4A5EB38E4B5E70
:10C43000B48E4C5ECFBB4D5EB58E4E5EB68E4F5EFB
:10C44000B78E505EB88E515EB98E525EBA8E535E14
:10C45000BB8E545EA3E1555EBBC4565EBC8E575E78
:10C46000BD8E585EBE8E595EBF8E5A5EC08E5B5EBC
:10C47000A4E15C5EC18E5D5EC28E5E5EA5E15F5E24
:10C48000C38E605EC48E615EA6E1625EB1B4635E1F
:10C49000C58E645EC68E655EC78E665EC88E675E3C
:10C4A000C98E685ECA8E695ECB8E6A5ECC8E6B5E0C
:10C4B000CD8E6C5ECE8E6D5ECF8E6E5ED08E6F5EDC
:10C4C000D18E705ED28E715ED38E725EC9B8735E8D
:10C4D000BDC6745EEAC4755ED48E765EA2B2775E27
:10C4E000D58E785ED2D0795ED68E7A5EDBE77B5EC3
:10C4F000C3BB7C5ED7D37D5EC4D37E5ED78E7F5EAA
:10C50000E3B9805ECFE2815ED88E825ED98E835E93
:10C51000DA8E845EAFD7855EDB8E865EECC7875E83
:10C52000D3B1885EDC8E895EDD8E8A5EB2B48B5EAE
:10C53000D1E28C5EDE8E8D5EDF8E8E5EE08E8F5E53
:10C54000F2D0905EAEC2915ED0E2925EE18E935EDA
:10C55000E2BF945EA6D3955ED7B5965ED2E2975EB3
:10C56000EAB5985EE28E995EEDC39A5EFDB89B5E79
:10C57000E38E9C5EAEB89D5EE48E9E5ED3C59F5EEC
:10C58000CFB7A05ED4E2A15EE58EA25EE68EA35E8A
:10C59000E78EA45EE88EA55ED3E2A65EC8B6A75E6F
:10C5A000F9D7A85EE98EA95EEA8EAA5EEB8EAB5E35
:10C5B000EC8EAC5EED8EAD5EA5CDAE5EEE8EAF5E6A
:10C5C000EF8EB05EF08EB15EF18EB25EF28EB35E33
:10C5D000D8E2B45EF38EB55ED6E2B65EFCCAB75E54
:10C5E000B5BFB85EB9D3B95ED5E2BA5EF48EBB5EB4
:10C5F000F58EBC5EF68EBD5EF78EBE5ED7E2BF5E88
:10C60000F88EC05EF98EC15EFA8EC25EFB8EC35E8E
:10C61000FC8EC45EFD8EC55EFE8EC65E408FC75E1C
:10C62000418FC85E428FC95EAEC1CA5EC8C0CB5ED4
:10C63000438FCC5E448FCD5E458FCE5E468FCF5EFE
:10C64000478FD05E488FD15EDBE2D25EDAE2D35E06
:10C65000AAC0D45E498FD55E4A8FD65ECEC1D75E62
:10C660004B8FD85E4C8FD95E4D8FDA5E4E8FDB5E7E
:10C67000DCE2DC5E4F8FDD5E508FDE5E518FDF5E71
:10C68000528FE05E538FE15E548FE25E558FE35E22
:10C69000568FE45E578FE55E588FE65E598FE75EF2
:10C6A0005A8FE85EDDE2E95E5B8FEA5EDEE2EB5E1A
:10C6B0005C8FEC5E5D8FED5E5E8FEE5E5F8FEF5E9A
:10C6C000608FF05E618FF15E628FF25E638FF35E6A
:10C6D000648FF45EC8DBF55E658FF65ED3D1F75EDE
:10C6E000A2CDF85E668FF95E678FFA5EA8BDFB5E2D
:10C6F000688FFC5E698FFD5E6A8FFE5EC3DEFF5E43
:10C70000A5D8005FAABF015FCDDB025FECD2035F5B
:10C71000FAC6045FAAC5055F6B8F065F6C8F075F63
:10C720006D8F085FC4DE095F6E8F0A5FD7B10B5F44
:10C73000AEDF0C5F6F8F0D5F708F0E5F718F0F5FBD
:10C74000BDCA105F728F115FB1DF125F738F135F0D
:10C75000ADB9145F748F155FFDD2165F758F175FCB
:10C76000A5B8185FEBBA195F768F1A5F778F1B5FDA
:10C77000DAB31C5F788F1D5F798F1E5F7A8F1F5F22
:10C78000DCB5205FC5D5215F7B8F225F7C8F235F67
:10C790007D8F245F7E8F255FD6C3265FD2CF275F34
:10C7A000A1BB285F808F295FF3E52A5FF2E52B5F4D
:10C7B000818F2C5F828F2D5FF4E52E5F838F2F5F3B
:10C7C000E4CD305F848F315FF5C8325F858F335F92
:10C7D000868F345F878F355F888F365F898F375FAD
:10C7E0008A8F385F8B8F395FAFB53A5FBFC73B5FCA
:10C7F0008C8F3C5FF6E53D5F8D8F3E5F8E8F3F5F98
:10C800008F8F405FB0EC415F908F425F918F435FAD
:10C81000928F445F938F455F948F465F958F475FFC
:10C82000968F485F978F495F988F4A5F998F4B5FCC
:10C830009A8F4C5F9B8F4D5F9C8F4E5F9D8F4F5F9C
:10C840009E8F505FE6E5515F9F8F525FE9B9535F5E
:10C85000B1B5545FA08F555FBCC2565FE8E5575F26
:10C86000E7E5585FE9E5595FA18F5A5FA28F5B5FEB
:10C87000A38F5C5FA48F5D5FCDD25E5FA58F5F5F8E
:10C88000A68F605FA78F615FEAE1625FCED0635FD2
:10C89000A88F645FAECD655FA98F665FE5D1675FE6
:10C8A000AA8F685FAB8F695FCAB26A5FEBB16B5FDB
:10C8B000AC8F6C5FF2B16D5FEDC56E5FAD8F6F5F7A
:10C8C000AE8F705FC3D5715FB0D3725FAF8F735F90
:10C8D000DCE1745FB08F755FB18F765FB28F775F89
:10C8E000DDE1785FB38F795FDBD27A5FB48F7B5FF6
:10C8F000B9B37C5FCBB17D5FB58F7E5FB68F7F5F55
:10C90000B78F805FF9CD815FF7D5825FDEE1835F0E
:10C91000B88F845FB6BE855FFDB4865FB98F875FD1
:10C92000DFE1885FDCBA895FE0E18A5FB2BB8B5FE1
:10C93000C9C28C5FE1E18D5FBA8F8E5FBB8F8F5F65
:10C94000BC8F905FECD0915FBD8F925FBDCD935F48
:10C95000BE8F945FBF8F955FE2E1965FC08F975F58
:10C96000C3B5985FC7C5995FE3E19A5FC18F9B5FCD
:10C97000C28F9C5FE4E19D5FC38F9E5FC48F9F5F0A
:10C98000C58FA05FC68FA15FF9D3A25FC78FA35FDA
:10C99000C88FA45FC98FA55FCA8FA65FCB8FA75F23
:10C9A000CC8FA85FE5E1A95FCD8FAA5FADD1AB5F6A
:10C9B000CE8FAC5FCF8FAD5FE6E1AE5FA2CEAF5F53
:10C9C000D08FB05FD18FB15FD28FB25FD38FB35FA3
:10C9D000D48FB45FD58FB55FE7E1B65FD68FB75F11
:10C9E000C2B5B85FD78FB95FD88FBA5FD98FBB5F39
:10C9F000DA8FBC5FE8E1BD5FD5BBBE5FDB8FBF5F99
:10CA0000DC8FC05FDD8FC15FDE8FC25FDF8FC35FF2
:10CA1000C4D0C45FE0E2C55FD8B1C65FE4D2C75FEF
:10CA2000E08FC85FE18FC95FE1E2CA5FE28FCB5F51
:10CA3000E38FCC5FC9BCCD5FCCC8CE5FE48FCF5F46
:10CA4000E3E2D05FFEECD15FFDECD25FAFDFD35FFE
:10CA5000E58FD45FE68FD55FE78FD65FE2E2D75FE1
:10CA6000BED6D85FFCCDD95FA6C3DA5FE88FDB5FA7
:10CA7000E98FDC5FEA8FDD5FC3E3DE5FEB8FDF5FB3
:10CA8000EC8FE05FD2D6E15FE7E2E25FED8FE35F3C
:10CA9000EE8FE45FE8E2E55FEF8FE65FF08FE75F40
:10CAA000C7D3E85FF18FE95FF28FEA5FECE2EB5FFB
:10CAB000ECBFEC5FF38FED5FEDE2EE5FE5E2EF5F81
:10CAC000F48FF05FF58FF15FC0B3F25FF68FF35F25
:10CAD000F78FF45FF88FF55FEEC4F65FF98FF75FBD
:10CAE000FA8FF85FEEE2F95FFB8FFA5FFC8FFB5F76
:10CAF000C3D0FC5FFD8FFD5FF6BAFE5FE9E2FF5F2A
:10CB0000DEB70060B3BB0160ACCC0260CBCB03608E
:10CB1000E4E20460E6E20560EAE20660EBE2076058
:10CB2000FE8F08604090096041900A60F7E20B6058
:10CB300042900C6043900D60F4E20E60F5D40F60FB
:10CB4000F3E210604490116045901260ADC513602F
:10CB500046901460FAD51560C2C51660C0B2176061
:10CB60004790186048901960EFE21A6049901B6086
:10CB7000F2E21C60AFC11D60BCCB1E604A901F601A
:10CB80004B902060A1B52160F9E222604C902360B7
:10CB90004D9024604E902560B1BC2660F1E2276084
:10CBA000D4D02860B9D42960F5E22A60D6B92B60C8
:10CBB000F6E22C604F902D6050902E6051902F60C7
:10CBC000D3C73060529031605390326054903360DC
:10CBD0005590346056903560F0E23660579037607B
:10CBE00058903860599039605A903A605B903B6039
:10CBF000DCD73C60A1ED3D605C903E605D903F60A5
:10CC0000F8E240605E904160A5ED4260FEE2436064
:10CC1000D1CA44605F904560609046606190476013
:10CC2000629048606390496064904A6065904B6090
:10CC3000B5C14C6066904D60D0BB4E6067904F6050
:10CC400068905060D6BF516069905260E3BA5360FB
:10CC50006A9054606B905560A1CB56606C905760A1
:10CC60006D9058606E905960A6ED5A60A3ED5B60C0
:10CC70006F905C6070905D60A2ED5E6071905F602F
:10CC8000729060607390616074906260D6BB636004
:10CC9000A7ED6460F4D0656075906660769067601B
:10CCA000A4ED6860DEBA6960F7B66A60A1E36B6004
:10CCB000B2B66C60F1CC6D60A7B96E6077906F60B2
:10CCC000A2CF7060A1C77160789072607990736034
:10CCD000D2BF74607A9075607B907660F1B67760B1
:10CCE0007C907860FAE27960FBE27A60FDE27B603A
:10CCF000FCE27C60D5C47D60A2E37E607D907F60B5
:10CD0000C1D380607E9081608090826081908360DA
:10CD1000A7E38460C4C78560829086608390876043
:10CD20008490886085908960A4CF8A6086908B60AB
:10CD300087908C60A9E38D60B7BA8E6088908F6011
:10CD4000899090608A9091608B909260A8E3936044
:10CD50008C909460DABB95608D909660A3E39760A9
:10CD60008E9098608F90996090909A60A4E39B60F9
:10CD7000AAE39C6091909D60A6E39E6092909F6064
:10CD8000F2CEA060C6D3A1609390A2609490A360FD
:10CD9000BCBBA4609590A5609690A660C3D4A76024
:10CDA0009790A860FAC4A9609890AA609990AB6027
:10CDB000A8EDAC60FCD0AD60A5E3AE609A90AF602A
:10CDC000F5C3B0609B90B160ADE3B260AFB1B3604A
:10CDD0009C90B460B2E3B5609D90B6609E90B760E1
:10CDE0009F90B860C2BCB960A090BA60A190BB60CF
:10CDF000ACE3BC60BFB5BD60A290BE60A390BF6055
:10CE0000A490C060A590C160A690C260A790C360C6
:10CE1000A890C460A990C560E9C7C660B0E3C760C8
:10CE2000AA90C860AB90C960AC90CA60AABECB6043
:10CE3000EFCDCC60AD90CD60AE90CE60AF90CF60C6
:10CE4000B090D060B190D160F3BBD260B290D360AB
:10CE5000B390D460B490D560E8CCD660B590D7607C
:10CE6000B690D860AFE3D960B790DA60B1E3DB6029
:10CE7000B890DC60A7CFDD60AEE3DE60B990DF6024
:10CE8000A9CEE060DDBBE160BA90E260BB90E360F8
:10CE9000BC90E460BD90E560BE90E660EBB5E760F5
:10CEA000E5BEE860D2B2E960CDB3EA60BF90EB6066
:10CEB000B9B1EC60ABE3ED60D1B2EE60ACB5EF6060
:10CEC000DFB9F060E8B6F160C090F260C190F36045
:10CED000EBCFF460B7E3F560C290F660CCBBF760CF
:10CEE000C390F860C490F960C7C8FA60CAD0FB600C
:10CEF000C590FC60C690FD60C790FE60C890FF6062
:10CF0000C9900061B8E30161EEB30261CA900361A8
:10CF1000CB900461CC900561CD900661A9ED0761CD
:10CF2000CE900861FAD30961E4D30A61CF900B6116
:10CF3000D0900C61D1900D61AAED0E61B9E30F6143
:10CF4000E2D21061D2901161D3901261D49013613A
:10CF5000D5901461D6901561B5E31661D79017612D
:10CF6000D8901861D9901961DA901A61DED31B61EB
:10CF7000DB901C61DC901D61DD901E61DE901F6105
:10CF8000D0B82061B3E32161DF902261E09023619A
:10CF9000B6E32461DFB72561E1902661B4E3276140
:10CFA000A2C02861E2902961E3902A61E4902B619C
:10CFB000BAE32C61E5902D61E6902E61E7902F6138
:10CFC000E8903061E9903161EA903261EB90336131
:10CFD000EC903461ED903561EE903661EF90376101
:10CFE000F0903861F1903961F2903A61F3903B61D1
:10CFF000F4903C61F5903D61F6903E61F7903F61A1
:10D00000B8D44061F8904161F9904261FA9043616F
:10D01000FB904461FC904561FD904661FE90476144
:10D0200040914861C8B4496141914A61BBE34B6199
:10D0300042914C61C5BB4D6143914E61F7C94F614F
:10D040004491506145915161E5C9526146915361E6
:10D050004791546148915561BDC4566149915761EA
:10D060004A9158614B9159614C915A614D915B6164
:10D070004E915C614F915D61ABED5E6150915F617E
:10D08000519160615291616153916261FDC263612E
:10D0900054916461559165615691666157916761DC
:10D0A000DBBB6861AEBF696158916A6159916B6180
:10D0B0005A916C615B916D615C916E615D916F6184
:10D0C0005E917061BFCE71615F91726160917361B9
:10D0D0006191746162917561BCE37661639177617E
:10D0E000B6BF78616491796165917A6166917B617F
:10D0F00067917C6168917D6169917E616A917F61D0
:10D100006B9180616C9181616D9182616E9183619F
:10D110006F9184617091856171918661729187616F
:10D12000739188617491896175918A6176918B613F
:10D13000EFB18C6177918D6178918E61F7D48F61B9
:10D14000799190617A9191617B9192617C919361E7
:10D150007D919461BEE395617E9196618091976126
:10D16000819198618291996183919A6184919B6187
:10D1700085919C6186919D61ADED9E6187919F61D6
:10D180008891A0618991A1618A91A2618B91A3612B
:10D190008C91A4618D91A5618E91A6618F91A761FB
:10D1A000BFE3A861A9BAA961ACEDAA619091AB6196
:10D1B0009191AC61BDE3AD619291AE619391AF612C
:10D1C0009491B0619591B1619691B2619791B3617B
:10D1D0009891B4619991B5619A91B6619B91B7614B
:10D1E000C0E3B8619C91B9619D91BA619E91BB61A8
:10D1F0009F91BC61A091BD61A191BE61B6BABF61B2
:10D20000A291C061A391C161A491C261AEB6C36194
:10D21000A591C461A691C561A791C661A891C76196
:10D22000A991C861B8D0C961AA91CA61C3B0CB61E4
:10D23000AEEDCC61AB91CD61AC91CE61AD91CF61E2
:10D24000AE91D061AF91D161AFEDD261C1C0D36178
:10D25000B091D461C1E3D561B191D661B291D7618A
:10D26000B391D861B491D961B591DA61B691DB61BE
:10D27000B791DC61B891DD61B991DE61BA91DF618E
:10D28000BB91E061BC91E161BD91E261BE91E3615E
:10D29000BF91E461C091E561C191E661B3C5E76109
:10D2A000C291E861C391E961C491EA61C591EB6102
:10D2B000C691EC61C791ED61C891EE61C991EF61D2
:10D2C000CA91F061CB91F161CC91F261CD91F361A2
:10D2D000CE91F461CF91F561C2E3F661D091F7612F
:10D2E000D191F861D291F961D391FA61D491FB6146
:10D2F000D591FC61D691FD61D791FE61D891FF6116
:10D30000B2DC0062D9910162DA910262DB910362C0
:10D31000DC910462DD910562DE910662B0ED076288
:10D32000DF910862EAB80962E0910A62ECCE0B6212
:10D33000A7EA0C62E7D00D62F9CA0E62D6C80F6286
:10D34000B7CF1062C9B31162D2CE1262E4BD1362CC
:10D35000E1911462E2911562DEE31662F2BB17629C
:10D36000A8EA1862BDD51962E3911A62DDC61B6294
:10D37000A9EA1C62E4911D62E5911E62E6911F62BA
:10D38000AAEA2062E7912162ACEA2262ABEA236258
:10D39000E8912462AEEA2562ADEA2662E99127624D
:10D3A000EA912862EB912962EC912A62D8BD2B6246
:10D3B000ED912C62AFEA2D62EE912E62BEC22F6219
:10D3C000EF913062F0913162F1913262F291336209
:10D3D000C1B43462F7B43562F3913662F4913762C6
:10D3E000A7BB3862F5913962F6913A62F7913B62D8
:10D3F000F8913C62F9913D62E6EC3E62E5EC3F62F9
:10D40000BFB74062F9CB4162E2B14262FA91436236
:10D41000E7EC4462FB914562FC914662FD914762F4
:10D42000C8C94862E8EC4962E9EC4A62FE914B6285
:10D43000D6CA4C62D0DE4D62C5B24E62FAD44F629B
:10D440004092506241925162CBC65262C7B0536261
:10D45000F2B45462D3C85562429256624392576204
:10D4600044925862D0CD596245925A6246925B62AC
:10D47000B8BF5C6247925D6248925E6249925F62A9
:10D480004A9260624B9261624C9262624D92636218
:10D49000DBBF64624E9265624F926662A4C76762A8
:10D4A000B4D6686250926962A9C06A62D1DE6B62CA
:10D4B000A8C96C62EFD16D62A4C56E62E7B06F62FD
:10D4C000B6B37062C5C87162519272625292736251
:10D4D000E2B074625392756254927662F6B77762E4
:10D4E0005592786256927962FAC57A6257927B6257
:10D4F00058927C62F3B67D6259927E62D2D57F6289
:10D50000D0B38062BCBC81625A9282625B928362B9
:10D510005C928462ADB385625D9286625E92876240
:10D520005F92886260928962F1BE8A62D1B08B623A
:10D5300061928C6262928D6263928E6264928F625B
:10D540006592906266929162D6D29262E3CA9362C9
:10D55000A5D7946267929562B6CD9662B6B6976289
:10D56000B9BF9862DBD5996268929A62A7B89B624C
:10D57000D7C59C6269929D626A929E626B929F621D
:10D58000D2DEA062D9BFA162D5C2A262C0C7A36227
:10D590006C92A462A4BBA562A8B1A6626D92A762B8
:10D5A0006E92A862EAC5A9626F92AA627092AB629B
:10D5B000FBC5AC62A7CCAD627192AE627292AF62F3
:10D5C0007392B0627492B162A7B1B2627592B362A3
:10D5D0007692B4627792B562D6B5B6627892B76247
:10D5E0007992B8627A92B962A8C4BA627B92BB623D
:10D5F000D3DEBC62BAD1BD62E9B3BE627C92BF62C7
:10D60000F2C3C0627D92C1627E92C262F7B7C3620A
:10D610008092C462F4D6C562A3B5C662F0B2C76296
:10D62000B4C4C862E9C4C962ADC0CA62D4DECB6208
:10D630008192CC62E8B0CD62C4C5CE62E0C1CF6257
:10D640008292D062D5B9D1628392D262DCBED362BB
:10D65000D8CDD462CEB0D5628492D662CFCDD76217
:10D66000D6DED862D0BED962BED7DA62D5DEDB6242
:10D67000D0D5DC62DDB0DD628592DE628692DF624B
:10D68000E2C4E0628792E1628892E262A3C2E3624E
:10D69000F0BCE4628992E562B5D3E662B9C0E762A4
:10D6A000A1C5E862A6B2E962F1D4EA628A92EB62AD
:10D6B0008B92EC62A8C0ED62C3CAEE62D7DEEF6265
:10D6C000FCD5F0628C92F162B0B9F2628D92F36295
:10D6D000ADC8F462A9CBF5628E92F662D9DEF7622C
:10D6E000BDBFF8628F92F9629092FA629192FB62EA
:10D6F0009292FC62B4C6FD62A7D7FE62B0CAFF6216
:10D70000C3C4006393920163D6B30263D2B90363C7
:10D7100094920463959205639692066397920763C9
:10D72000B8D60863FCEA0963B4B00A6398920B6345
:10D7300099920C639A920D639B920E63E6BF0F63FE
:10D740009C9210639D921163F4CC12639E921363BA
:10D750009F921463A0921563A1921663DACD1763AA
:10D76000A2921863A3921963A4921A63BFD61B6393
:10D77000CEC21C63A5921D63CECE1E63A2CC1F63D6
:10D78000AED02063D3C42163B2B52263D8DE236355
:10D79000F5D52463B7BC2563D3BB2663A692276364
:10D7A000A7922863A4B02963A8922A63B2C52B6309
:10D7B000ECB42C63A9922D63AA922E63AB922F63D3
:10D7C000F1D53063AC923163AD923263FDEA3363DD
:10D7D000AE923463AF923563B0923663B1923763E1
:10D7E000B2923863B3923963DADE3A63A6CD3B6313
:10D7F000B4923C63B5923D63ECCD3E63B6923F6319
:10D80000B7924063B8924163B9924263E6CE4363F4
:10D81000DCDE4463BA924563B1CD4663A6C047637C
:10D82000BB924863BC924963BDD74A63BD924B63C8
:10D83000DBDE4C63C6B04D63B4BA4E63D3C94F63ED
:10D84000F3C45063E8BE5163BE925263BF92536308
:10D85000C0925463C1925563B6B25663C292576385
:10D86000C3925863C4925963C5925A63C6925B636C
:10D87000C7925C63C8925D63C9925E63CCC05F630C
:10D88000F0CB6063CA926163F1BC6263BBBB63634C
:10D89000B7B56463CB926563CC926663CD926763E0
:10D8A000F5C56863CE926963E6DE6A63CF926B6307
:10D8B000D0926C63D1926D63E3DE6E63DDBE6F6305
:10D8C000D2927063D3927163DFDE7263D49273631A
:10D8D000D5927463D6927563D7927663B7B4776343
:10D8E000DDBD7863D8927963D9927A63E0DE7B6399
:10D8F000EDC47C63DA927D63DB927E63DC927F63AE
:10D90000DD928063C6CF8163DE928263E0B583637C
:10D91000DF928463E0928563E1928663E29287639B
:10D92000DEB68863DACA8963F4B58A63E5DE8B63A1
:10D93000E3928C63C6D58D63E4928E63E1DE8F63E0
:10D94000CDCC9063FEC69163E5929263C5C59363A7
:10D95000E6929463E7929563E8929663B4D29763F4
:10D96000E9929863F2BE9963EA929A63EB929B63A1
:10D97000EC929C63ED929D63EE929E63EF929F63A7
:10D98000F092A063D3C2A163F192A263BDCCA36362
:10D99000B8B3A463F292A563D3BDA663F392A76361
:10D9A000D8BFA863C6CDA963DAD1AA63EBB4AB63D1
:10D9B000F492AC63E4DEAD63DDDEAE63E7DEAF635D
:10D9C000F592B063FEEAB163F692B263F792B36385
:10D9D000B0C2B463E2DEB563F892B663F992B7639E
:10D9E000C0D6B863A7B5B963FA92BA63F4B2BB63A1
:10D9F000FB92BC63E8DEBD63FC92BE63F2DEBF63F4
:10DA0000FD92C063FE92C1634093C2634193C363BE
:10DA10004293C463EDDEC5634393C663F1DEC7631F
:10DA20004493C8634593C963E0C8CA634693CB6314
:10DA30004793CC634893CD63E1D7CE63EFDECF63EA
:10DA4000E8C3D063E1CCD1634993D263E5B2D36339
:10DA50004A93D4634B93D5634C93D663BED2D763BA
:10DA60004D93D8634E93D9634F93DA635093DB633E
:10DA70005193DC635293DD635393DE63EEDEDF6329
:10DA80005493E063EBDEE163D5CEE2635593E36349
:10DA9000A7B4E4635693E5635793E6635893E7634B
:10DAA0005993E8635A93E963ABBFEA63BEBEEB6385
:10DAB0005B93EC635C93ED63D2BDEE635D93EF63C8
:10DAC0005E93F0635F93F1636093F263E9DEF36367
:10DAD0006193F463AED4F5636293F663DEDEF763BD
:10DAE0006393F863EADEF9636493FA636593FB6317
:10DAF0006693FC636793FD63BFC0FE636893FF6337
:10DB0000ECDE0064F3B20164E9B80264A7C2036406
:10DB1000699304646A930564C1BD06646B930764EA
:10DB20006C9308646D9309646E930A646F930B643D
:10DB3000F5DE0C64F8DE0D6470930E6471930F646F
:10DB4000ABB21064A4B4116472931264739313643F
:10DB5000EAB41464A6C915647493166475931764C3
:10DB6000769318647793196478931A6479931B6495
:10DB7000F6DE1C64D1CB1D647A931E64E3B81F6487
:10DB80007B932064F7DE2164FADE22647C932364B5
:10DB90007D9324647E93256480932664F9DE276454
:10DBA000819328648293296483932A64C2CC2B6472
:10DBB00084932C64E1B02D64EEB42E6485932F64BD
:10DBC0008693306487933164889332648993336495
:10DBD0008A933464BAE535648B9336648C933764E6
:10DBE0008D9338648E9339648F933A64AFD03B64DD
:10DBF00090933C6491933D64EBB23E6492933F6496
:10DC0000A1EB406493934164F4DE426494934364D3
:10DC100095934464E3C94564F3DE4664DAB047642F
:10DC2000A1D24864F7B1496496934A64AFCC4B647F
:10DC300097934C6498934D6499934E649A934F6470
:10DC40009B9350649C9351649D935264F0DE5364A3
:10DC50009E935464A4CB55649F935664A0935764D9
:10DC6000A1935864AAD55964A2935A64A3935B64A0
:10DC7000A4935C64A5935D64A6935E64FBDE5F641D
:10DC8000A7936064A8936164A9936264AA93636490
:10DC9000AB936464AC936564AD936664AE93676460
:10DCA000DDB46864AF936964A6C46A64B0936B64BE
:10DCB000B1936C64B2936D64FDDE6E64B3936F6474
:10DCC000B4937064B5937164B6937264B7937364DC
:10DCD000B8937464B9937564BA937664BB937764AC
:10DCE000BC937864FEC37964A1C47A64A1DF7B64C9
:10DCF000BD937C64BE937D64BF937E64C0937F6458
:10DD0000C1938064C2938164C3938264CCC18364F1
:10DD1000C4938464FCDE8564EFBE8664C593876427
:10DD2000B2C68864C6938964C7938A64C8938B64B7
:10DD3000C9938C64CA938D64CB938E64CC938F64A7
:10DD4000CD939064CE939164C5B39264F6C8936406
:10DD5000CF939464D0939564BACB9664FEDE9764B7
:10DD6000D1939864D2939964A4DF9A64D3939B640B
:10DD7000D4939C64D5939D64D6939E64B2D79F64DC
:10DD8000D793A064D893A164D993A264DA93A364CF
:10DD9000DB93A464B7B3A564DC93A664DD93A764A6
:10DDA000DE93A864DF93A964C3C1AA64E093AB6463
:10DDB000E193AC64CBC7AD64A5B2AE64E9B4AF6423
:10DDC000E293B064ABD7B164E393B264E493B36419
:10DDD000E593B464E693B564ECC4B664E793B764C2
:10DDE000A2DFB864A3DFB964E893BA64A5DFBB64BB
:10DDF000E993BC64B3BABD64EA93BE64EB93BF64B9
:10DE0000EC93C064A6DFC164ED93C264DEC0C3645A
:10DE1000EE93C464EF93C564C3C9C664F093C7644A
:10DE2000F193C864F293C964F393CA64F493CB6426
:10DE3000F593CC64F693CD64D9B2CE64E6C7CF64D3
:10DE4000F793D064A7DFD164F893D264DCC7D364BE
:10DE5000F993D464FA93D564FB93D664FC93D764A6
:10DE6000A8DFD864A2EBD964FD93DA64FE93DB6487
:10DE70004094DC644194DD644294DE64D3CBDF647F
:10DE80004394E0644494E1644594E264AADFE3646B
:10DE90004694E464A9DFE5644794E664C1B2E764AC
:10DEA0004894E8644994E9644A94EA644B94EB64C6
:10DEB0004C94EC644D94ED644E94EE644F94EF6496
:10DEC0005094F0645194F1645294F2645394F36466
:10DED0005494F4645594F5645694F6645794F76436
:10DEE0005894F8645994F9645A94FA645B94FB6406
:10DEF0005C94FC645D94FD645E94FE645F94FF64D6
:10DF000060940065CAC50165619402656294036509
:10DF10006394046564940565659406656694076575
:10DF20006794086568940965ABDF0A6569940B65B9
:10DF30006A940C656B940D656C940E656D940F6519
:10DF40006E9410656F94116570941265DCD413653E
:10DF500071941465729415657394166574941765BD
:10DF600075941865C1C8196576941A6577941B6510
:10DF700078941C6579941D657A941E657B941F6561
:10DF80007C9420657D9421657E9422658094236530
:10DF90008194246582942565ACDF2665839427658A
:10DFA000849428658594296586942A6587942B65D1
:10DFB000F0BE2C6588942D6589942E65ADDF2F65A4
:10DFC000A7D630658A9431658B9432658C9433651D
:10DFD0008D943465B7EA3565B6EB3665D5CA3765D5
:10DFE0008E943865FCD83965C4B83A658F943B6522
:10DFF000A5B93C6590943D6591943E65C5B73F6574
:10E00000FED540659294416593944265949443652E
:10E010009594446596944565CAB946659794476555
:10E0200098944865A7D04965CDF44A6599944B65A5
:10E030009A944C65D0B54D659B944E659C944F6504
:10E04000F4C350659D945165C8BE52659E94536556
:10E050009F945465A0945565B7EB5665BDB0576560
:10E06000A1945865A2945965CCBD5A65A3945B658B
:10E07000B2C15C65A4945D65D6B15E65A8B35F6509
:10E08000A5946065A6946165A7946265D2B863653E
:10E09000A2C96465A8946565A9946665D8B66765E4
:10E0A000AA946865AB946965AC946A65AD946B6538
:10E0B000B8EB6C65B4BE6D65AE946E65AF946F657C
:10E0C000B0947065FDCA7165B1947265C3C773651C
:10E0D000B2947465FBD57565B3947665B494776531
:10E0E000F3B77865B5947965B6947A65B7947B652E
:10E0F000B8947C65B9947D65BA947E65BB947F6560
:10E10000BC948065BD948165BE948265BF9483652F
:10E11000C0948465C1948565C2948665C3948765FF
:10E12000C4CE8865C4948965C5948A65C6948B6598
:10E13000ABD58C65F3B18D65C7948E65C8948F653A
:10E14000C9949065B3EC9165DFB09265CA9493650C
:10E15000B5EC9465CB949565CC949665CD94976514
:10E16000B7B69865CE949965CFC19A65CF949B65F3
:10E17000FAF59C65B1D09D65D0949E65D1949F655C
:10E18000E5D5A065D294A165D3CEA265D394A3654D
:10E19000D494A465EFBDA565E2B3A665D594A76543
:10E1A000ABB8A865D694A965B6D5AA65D794AB6572
:10E1B000BDEDAC65D894AD65CFB6AE65D994AF650D
:10E1C000B9CBB065C2D0B165DA94B265DB94B36502
:10E1D000DC94B465DD94B565DE94B665DF94B7650F
:10E1E000E094B865E194B965BDB7BA65E294BB65E2
:10E1F000E394BC65B6ECBD65A9CABE65E494BF6591
:10E20000E594C065E694C165D4C5C265E794C3656D
:10E21000B9ECC465B8ECC565C3C2C665B7ECC765E3
:10E22000E894C865E994C965EA94CA65EB94CB653E
:10E23000FDD0CC65BAECCD65EC94CE65BBECCF657A
:10E24000E5D7D065ED94D165EE94D265BCECD3658D
:10E25000EF94D465F094D565F194D665BDECD7659F
:10E26000ECC6D865F294D965F394DA65F494DB656D
:10E27000F594DC65F694DD65F794DE65F894DF656A
:10E28000F994E065DECEE165FA94E265C8BCE36529
:10E29000FB94E465FC94E565D5C8E665A9B5E7653A
:10E2A000C9BEE865BCD6E965E7D4EA65FD94EB65CF
:10E2B000FE94EC65AED1ED65F1D0EE65B8EAEF65A0
:10E2C000B9EAF065BAEAF165B5BAF2654095F36569
:10E2D0004195F4654295F5654395F665B1CAF765D4
:10E2E000F5BFF8654495F9654595FA65FACDFB6586
:10E2F0004695FC654795FD654895FE654995FF6522
:10E300004A950066C0EA01664B950266BAB003669C
:10E31000BEEA04664C9505664D950666A5C007667F
:10E320004E9508664F95096650950A66BBEA0B66DE
:10E3300051950C66FDB20D6652950E66F7C30F66D9
:10E34000E8BB106653951166549512665595136691
:10E35000D7D21466F4CE1566BFEA166656951766D0
:10E360005795186658951966BCEA1A6659951B6642
:10E370005A951C665B951D66C3EA1E665C951F6612
:10E38000C7D02066B3D321665D9522665E9523666D
:10E390005F95246660952566BAB426666195276602
:10E3A000C1C32866F2D7296662952A6663952B66F3
:10E3B00064952C6665952D66D1D52E6666952F667B
:10E3C000C7CA306667953166C5EA326668953366B6
:10E3D00069953466C4EA3566C7EA3666C6EA3766C2
:10E3E0006A9538666B9539666C953A666D953B66AD
:10E3F0006E953C66E7D63D666F953E66D4CF3F6628
:10E400007095406671954166CBEA426672954366A7
:10E41000CEBB4466739545667495466675954766AA
:10E42000769548667795496678954A6679954B66FC
:10E43000FABD4C66CEC94D667A954E667B954F66A1
:10E44000CCEA50667C9551667D955266B9C9536693
:10E45000FECF5466CAEA5566CED45666CDEA5766F4
:10E46000CFEA58667E95596680955A66EDCD5B6613
:10E4700081955C6682955D6683955E6684955F6630
:10E48000C9EA606685956166CEEA626686956366CE
:10E4900087956466EECE656688956666DEBB6766C0
:10E4A00089956866BFB369668A956A668B956B665F
:10E4B0008C956C668D956D668E956E66D5C66F660D
:10E4C000B0BE7066FACE71668F957266909573666F
:10E4D00091957466E7C7756692957666A7BE77666E
:10E4E000D0EA78669395796694957A66C7D67B6606
:10E4F00095957C6696957D6697957E66C0C17F668C
:10E5000098958066999581669A958266DDD4836632
:10E510009B958466D1EA85669C9586669D958766FF
:10E52000BECF88669E9589669F958A66A0958B6604
:10E53000A1958C66D2EA8D66A2958E66A3958F66AC
:10E54000A4959066A5959166EECA9266A695936687
:10E55000A7959466A8959566A9959666AFC59766A2
:10E56000B5B09866AA959966AB959A66AC959B6688
:10E57000AD959C66AE959D66D4EA9E66AF959F6606
:10E58000B095A066B195A166B295A266B395A36653
:10E59000B495A466B595A566B695A666B795A76623
:10E5A000D3EAA866DFF4A966B895AA66B995AB6602
:10E5B000BA95AC66BB95AD66BC95AE66BAC4AF669F
:10E5C000BD95B066BE95B166BF95B266C095B3669F
:10E5D000C195B466A9B1B566C295B666C395B7666E
:10E5E000C495B866C595B966DFE5BA66C695BB66DB
:10E5F000C795BC66C895BD66C995BE66D5EABF66B7
:10E60000CA95C066CB95C166CC95C266CD95C366EA
:10E61000CE95C466CF95C566D095C666D195C766BA
:10E62000D295C866D395C966D495CA66D595CB668A
:10E63000D695CC66D795CD66D895CE66D995CF665A
:10E64000DA95D066DB95D166DC95D266DD95D3662A
:10E65000DE95D466DF95D566E095D666E195D766FA
:10E66000E295D866E395D966EFCADA66E495DB668B
:10E67000D6EADC66D7EADD66D8C6DE66E595DF66F3
:10E68000E695E066E795E166E895E266E995E3667A
:10E69000EA95E466EB95E566EC95E666D8EAE7660A
:10E6A000ED95E866EE95E966D9EAEA66EF95EB66E0
:10E6B000F095EC66F195ED66F295EE66F395EF66F2
:10E6C000F495F066BBD4F166F595F266FAC7F36689
:10E6D000B7D2F466FCB8F566F695F666F795F76678
:10E6E000C2EAF866F895F966DCB2FA66F995FB6657
:10E6F000FA95FC66FCC2FD66FB95FE66F8D4FF66E3
:10E70000E6CC0067EED70167FC950267FD950367CD
:10E71000FE9504674096056741960667429607672F
:10E7200043960867C2D40967D0D30A67C3EB0B6767
:10E73000F3C50C6744960D67FEB70E6745960F67E5
:10E7400046961067D4EB1167479612674896136791
:10E7500049961467B7CB1567DEEB16674A961767BD
:10E76000CAC018674B9619674C961A674D961B6777
:10E77000FBCD1C674E961D67AFB31E674F961F6794
:10E78000DAC6206750962167519622675296236712
:10E79000539624675496256755962667FCEB2767A2
:10E7A00056962867BEC4296757962A67B4CE2B674A
:10E7B000A9C42C67BEB12D67FDD42E6758962F676C
:10E7C000F5CA306759963167ECD632675A96336787
:10E7D0005B963467D3C63567E4B636675C963767B1
:10E7E0005D9638675E9639675F963A67FABB3B6716
:10E7F00060963C6761963D67E0D03E6762963F67F2
:10E8000063964067B1C9416764964267D3D4436752
:10E81000A8C844676596456766964667CBB847675C
:10E8200067964867BEE84967BCC94A6768964B6700
:10E8300069964C67BBE84D676A964E67EEC04F67B6
:10E84000D3D05067C4B25167E5B452676B96536733
:10E85000BCE854676C9655676D965667C8D5576780
:10E860006E9658676F96596770965A6771965B6790
:10E8700072965C67C5B65D6773965E67BDE85F6755
:10E88000F8CA6067DCB86167F5CC62677496636745
:10E890007596646776966567B4C0666777966767AE
:10E8A00078966867EED16967BFE86A67C2E86B6708
:10E8B00079966C677A966D67BCBA6E677B966F6760
:10E8C000ADB17067DCBD71677C967267BDEA736736
:10E8D000C3E874677D967567C6E876677E96776746
:10E8E000CBE878678096796781967A6782967B67AE
:10E8F00083967C67CCE87D6784967E67C9CB7F670B
:10E90000E5B0806785968167ABBC82678696836732
:10E9100087968467B9B98567889686678996876779
:10E92000C1E888678A968967F7CD8A678B968B6777
:10E93000CAE88C678C968D678D968E678E968F67EA
:10E940008F969067F6CE91679096926791969367AF
:10E950009296946793969567EDD596679496976788
:10E96000D6C19867C4E8996795969A67B6C39B67BE
:10E9700096969C67FBB99D67A6D69E67C8E89F6779
:10E980009796A0679896A1679996A267E0CAA36731
:10E99000E6D4A4679A96A567C0E8A6679B96A76782
:10E9A000C5E8A867C7E8A9679C96AA67B9C7AB6717
:10E9B000E3B7AC679D96AD67C9E8AE679E96AF6753
:10E9C000DDBFB067D2E8B1679F96B267A096B36724
:10E9D000D7E8B467A196B567D5E8B667DCBCB7677A
:10E9E000CFBCB867DBE8B967A296BA67A396BB67E6
:10E9F000A496BC67A596BD67A696BE67A796BF6797
:10EA0000A896C067A996C167DEE8C267AA96C367E1
:10EA1000DAE8C467FAB1C567AB96C667AC96C76754
:10EA2000AD96C867AE96C967AF96CA67B096CB6712
:10EA3000B196CC67B296CD67B396CE67B496CF67E2
:10EA4000D8B0D067B3C4D167CCB8D267E2C6D367B9
:10EA5000BEC8D467E1C8D567B596D667B696D767FE
:10EA6000B796D867CFE8D967D4E8DA67D6E8DB6726
:10EA7000B896DC67F1B9DD67D8E8DE67F5D7DF6700
:10EA8000B996E067FBC4E167BA96E267DCE8E36742
:10EA9000BB96E467BC96E567E9B2E667BD96E767B3
:10EAA000BE96E867BF96E967D1E8EA67C096EB676C
:10EAB000C196EC67EDBCED67C296EE67C396EF6753
:10EAC000C2BFF067CDE8F167F9D6F267C496F36785
:10EAD000F8C1F467F1B2F567C596F667C696F767B1
:10EAE000C796F867C896F967C996FA67CA96FB672A
:10EAF000CB96FC67CC96FD67DFE8FE67CD96FF6797
:10EB0000C1CA0068D9E80168CE960268CF9603684A
:10EB1000D0960468D1960568A4D50668D296076891
:10EB2000EAB10868BBD50968CEE80A68D0E80B6886
:10EB3000B0B60C68D3E80D68D3960E68DDE80F68B0
:10EB4000B8C01068D4961168F7CA1268D5961368D1
:10EB5000A8CB1468D6961568D7961668DCC61768D1
:10EB6000F5C01868D8961968D9961A68DA961B689D
:10EB7000DB961C68DC961D68E9E81E68DD961F6858
:10EB8000DE962068DF962168A3D02268E09623688D
:10EB9000E1962468E2962568E3962668E49627685D
:10EBA000E5962868E6962968F2E82A68EAD62B688E
:10EBB000E7962C68E8962D68E9962E68EA962F6805
:10EBC000EB963068EC963168ED963268E0E8336891
:10EBD000E1E83468EE963568EF963668F096376867
:10EBE000F9D13868CBBA3968F9B83A68F1963B6818
:10EBF000F2963C68F1B83D68D4D43E68EFE83F68CF
:10EC0000F3964068EEE84168ECE84268F0B9436882
:10EC1000D2CC4468E6E84568A6CE4668F2BF4768AD
:10EC2000F4964868B8B04968F1E84A68F0E84B687B
:10EC3000F5964C68C0D74D68F6964E68E4E84F6884
:10EC4000F7965068A9CD5168A3C95268F8965368E1
:10EC5000B8BB5468DBBD5568EAE85668F996576852
:10EC6000FA965868FB965968FC965A68FD965B6858
:10EC7000FE965C6840975D6841975E6842975F6862
:10EC800043976068E2E86168E3E86268E5E8636822
:10EC9000B5B56468E7E86568C5C76668EBE86768A6
:10ECA000EDE86868B0BD6968AED76A6844976B687C
:10ECB000F8E86C6845976D6846976E6847976F6887
:10ECC00048977068499771684A9772684B9773685C
:10ECD0004C977468F5E875684D977668B0CD77689D
:10ECE000F6E878684E9779684F977A6850977B680E
:10ECF00051977C6852977D6853977E6854977F68D8
:10ED00005597806856978168BAC18268579783681B
:10ED1000E8E8846858978568B7C38668F0B0876864
:10ED2000599788685A9789685B978A685C978B6857
:10ED30005D978C685E978D685F978E6860978F6827
:10ED4000F4E8906861979168629792686397936816
:10ED5000F7E89468649795686597966866979768EA
:10ED6000A3B998686797996868979A6869979B6844
:10ED70006A979C686B979D686C979E686D979F6873
:10ED80006E97A0686F97A1687097A268D2C9A368B0
:10ED90007197A4687297A5687397A668CEC3A76891
:10EDA000E0CEA868E6C0A9687497AA687597AB68B2
:10EDB0007697AC687797AD68F3CBAE687897AF6815
:10EDC000DDCCB068B5D0B1687997B2687A97B3688E
:10EDD000E1CAB4687B97B568F3E8B6687C97B76812
:10EDE0007D97B8687E97B9688097BA688197BB6845
:10EDF0008297BC688397BD688497BE688597BF6813
:10EE00008697C068ECBCC1688797C268F9E8C36898
:10EE10008897C4688997C5688A97C6688B97C768BA
:10EE20008C97C8688D97C968DEC3CA688E97CB680F
:10EE3000E5C6CC688F97CD68F7B9CE689097CF6854
:10EE40009197D0689297D1689397D268F4B0D368BD
:10EE50009497D4689597D568D8D7D6689697D76889
:10EE60009797D868ACBCD9689897DA68EFC5DB6823
:10EE70009997DC689A97DD689B97DE689C97DF68B6
:10EE80009D97E068C4CCE1689E97E2689F97E3682D
:10EE9000A6E9E468A097E568A197E668A297E76805
:10EEA000A397E868A497E968A597EA68A697EB682E
:10EEB000A797EC68A897ED68A997EE68ADC9EF68C9
:10EEC000AA97F068A2E9F168E2C0F268AB97F3682C
:10EED000AC97F468AD97F568C3BFF668AE97F7686E
:10EEE000AF97F868B097F968FEE8FA68D7B9FB6899
:10EEF000B197FC68FBE8FD68B297FE68B397FF68BE
:10EF0000B4970069B5970169A4E90269B6970369E6
:10EF1000B7970469B8970569CED20669B9970769AA
:10EF2000BA970869BB970969BC970A69BD970B69CD
:10EF3000A3E90C69BE970D69B2D60E69B5D70F6902
:10EF4000BF971069A7E91169C0971269B7BD136926
:10EF5000C1971469C2971569C3971669C497176951
:10EF6000C5971869C6971969C7971A69C8971B6921
:10EF7000C9971C69CA971D69CB971E69CC971F69F1
:10EF8000FCE82069FDE82169CD972269CE972369C5
:10EF9000CF972469A1E92569D0972669D197276978
:10EFA000D2972869D3972969D4972A69D5972B696D
:10EFB000D6972C69D7972D69D6CD2E69D8972F690A
:10EFC000D9973069ACD23169DA973269DB97336906
:10EFD000DC973469B2E93569DD973669DE973769C0
:10EFE000DF973869E0973969A9E93A69E1973B69A0
:10EFF000E2973C69E3973D69AAB43E69E4973F69AB
:10F00000BBB44069E5974169E6974269ABE943695A
:10F01000E7974469E8974569E9974669EA97476938
:10F02000EB974869EC974969ED974A69EE974B6908
:10F03000EF974C69F0974D69F1974E69F2974F69D8
:10F04000F3975069F4975169F5975269F6975369A8
:10F05000F7975469A8D05569F8975669F997576991
:10F06000A5E95869FA975969FB975A69FEB35B6934
:10F07000FC975C69FD975D69ACE95E69E3C05F6917
:10F08000FE976069AAE9616940986269419863697D
:10F09000B9E964694298656943986669B8E967693E
:10F0A000449868694598696946986A6947986B69A0
:10F0B000AEE96C6948986D6949986E69FAE86F69BC
:10F0C0004A9870694B987169A8E972694C9873699C
:10F0D0004D9874694E9875694F987669509877691C
:10F0E000ACBF7869B1E97969BAE97A6951987B6905
:10F0F00052987C69A5C27D6953987E6954987F694E
:10F1000055988069AFE9816956988269C5B8836965
:10F1100057988469ADE9856958988669DCD3876911
:10F12000B4E98869B5E98969B7E98A6959988B6949
:10F130005A988C695B988D69C7E98E695C988F696C
:10F140005D9890695E9891695F98926960989369FB
:10F1500061989469C6C09569C5E99669629897698E
:10F1600063989869B0E9996964989A6965989B6908
:10F17000BBE99C69F1B09D6966989E6967989F6933
:10F180006898A0696998A1696A98A2696B98A3694F
:10F190006C98A4696D98A5696E98A6696F98A7691F
:10F1A000BCE9A869A5D5A9697098AA697198AB69E5
:10F1B000BEE9AC697298AD69BFE9AE697398AF6991
:10F1C0007498B0697598B169C1E9B2697698B36904
:10F1D0007798B469F1C1B5697898B6697998B769D3
:10F1E000B6C8B8697A98B9697B98BA697C98BB69DE
:10F1F000BDE9BC697D98BD697E98BE698098BF698C
:10F200008198C0698298C169C2E9C2698398C3695B
:10F210008498C4698598C5698698C6698798C769BE
:10F220008898C8698998C9698A98CA69C3E9CB6905
:10F230008B98CC69B3E9CD698C98CE69B6E9CF6972
:10F240008D98D069B1BBD1698E98D2698F98D369F6
:10F250009098D469C0E9D5699198D6699298D76990
:10F260009398D8699498D9699598DA699698DB69E2
:10F27000F7BCDC699798DD699898DE699998DF6931
:10F28000C4E9E069C6E9E1699A98E2699B98E36993
:10F290009C98E4699D98E5699E98E6699F98E7695E
:10F2A000A098E869A198E969A298EA69A398EB692E
:10F2B000A498EC69A598ED69CAE9EE69A698EF698A
:10F2C000A798F069A898F169A998F269CEE9F3695D
:10F2D000AA98F469AB98F569AC98F669AD98F769A6
:10F2E000AE98F869AF98F969B098FA69B198FB6976
:10F2F000B298FC69B398FD69DBB2FE69B498FF6906
:10F30000C8E9006AB598016AB698026AB798036AB4
:10F31000B898046AB998056ABA98066ABB98076AE9
:10F32000BC98086ABD98096ABE980A6AAEB70B6AAB
:10F33000BF980C6AC0980D6AC1980E6AC2980F6A8D
:10F34000C398106AC498116AC598126AC698136A5D
:10F35000C798146AC898156AC998166ACA98176A2D
:10F36000CBE9186ACCE9196ACB981A6ACC981B6A5F
:10F37000CD981C6ACE981D6ACF981E6AD0981F6AD5
:10F38000C1D5206AD198216AA3C4226AD298236A7F
:10F39000D398246AD498256AD598266AD698276A7D
:10F3A000D798286AD8E9296AD8982A6AE1BA2B6AD4
:10F3B000D9982C6ADA982D6ADB982E6ADC982F6A25
:10F3C000C9E9306ADD98316AA3D3326ADE98336ABC
:10F3D000DF98346AE098356AD4E9366AE198376A8A
:10F3E000E298386AE398396AE4983A6AE5983B6AA1
:10F3F000E6983C6AE7983D6AD7E93E6AD0E93F6AF9
:10F40000E898406AE998416AEA98426AEB98436A48
:10F41000EC98446ACFE9456AED98466AEE98476AE7
:10F42000C1C7486AEF98496AF0984A6AF1984B6AEE
:10F43000F2984C6AF3984D6AF4984E6AF5984F6AC0
:10F44000F698506AD2E9516AF798526AF898536A66
:10F45000F998546AFA98556AFB98566AFC98576A64
:10F46000FD98586AD9E9596AC8B35A6AFE985B6A26
:10F47000D3E95C6A40995D6A41995E6A42995F6A24
:10F480004399606A4499616AF0CF626A4599636AF8
:10F490004699646A4799656ACDE9666A4899676AD8
:10F4A0004999686A4A99696A4B996A6A4C996B6A80
:10F4B0004D996C6A4E996D6A4F996E6A50996F6A50
:10F4C0005199706A5299716AF7B3726A5399736A63
:10F4D0005499746A5599756A5699766A5799776AF4
:10F4E0005899786A5999796AD6E97A6A5A997B6AF9
:10F4F0005B997C6ADAE97D6A5C997E6A5D997F6ACC
:10F500005E99806AB4CC816A5F99826A6099836AE5
:10F510006199846AADCF856A6299866A6399876AC0
:10F520006499886A6599896A66998A6A67998B6A13
:10F5300068998C6A69998D6A6A998E6AD5E98F6A29
:10F540006B99906ADCE9916ADBE9926A6C99936A3B
:10F550006D99946A6E99956A6F99966A7099976A8F
:10F56000DEE9986A7199996A72999A6A73999B6AA5
:10F5700074999C6A75999D6A76999E6A77999F6A33
:10F580007899A06AD1E9A16A7999A26A7A99A36A5D
:10F590007B99A46A7C99A56A7D99A66A7E99A76AD7
:10F5A0008099A86A8199A96ADDE9AA6A8299AB6AF9
:10F5B000DFE9AC6ACAC3AD6A8399AE6A8499AF6A5F
:10F5C0008599B06A8699B16A8799B26A8899B36A4F
:10F5D0008999B46A8A99B56A8B99B66A8C99B76A1F
:10F5E0008D99B86A8E99B96A8F99BA6A9099BB6AEF
:10F5F0009199BC6A9299BD6A9399BE6A9499BF6ABF
:10F600009599C06A9699C16A9799C26A9899C36A8E
:10F610009999C46A9A99C56A9B99C66A9C99C76A5E
:10F620009D99C86A9E99C96A9F99CA6AA099CB6A2E
:10F63000A199CC6AA299CD6AA399CE6AA499CF6AFE
:10F64000A599D06AA699D16AA799D26AA899D36ACE
:10F65000A999D46AAA99D56AAB99D66AAC99D76A9E
:10F66000AD99D86AAE99D96AAF99DA6AB099DB6A6E
:10F67000B199DC6AB299DD6AB399DE6AB499DF6A3E
:10F68000B599E06AB699E16AB799E26AB899E36A0E
:10F69000B999E46ABA99E56ABB99E66ABC99E76ADE
:10F6A000BD99E86ABE99E96ABF99EA6AC099EB6AAE
:10F6B000C199EC6AC299ED6AC399EE6AC499EF6A7E
:10F6C000C599F06AC699F16AC799F26AC899F36A4E
:10F6D000C999F46ACA99F56ACB99F66ACC99F76A1E
:10F6E000CD99F86ACE99F96ACF99FA6AD099FB6AEE
:10F6F000D199FC6AD299FD6AD399FE6AD499FF6ABE
:10F70000D599006BD699016BD799026BD899036B89
:10F71000D999046BDA99056BDB99066BDC99076B59
:10F72000DD99086BDE99096BDF990A6BE0990B6B29
:10F73000E1990C6BE2990D6BE3990E6BE4990F6BF9
:10F74000E599106BE699116BE799126BE899136BC9
:10F75000E999146BEA99156BEB99166BEC99176B99
:10F76000ED99186BEE99196BEF991A6BF0991B6B69
:10F77000F1991C6BF2991D6BF3991E6BF4991F6B39
:10F78000F599206BB7C7216BCEB4226BB6BB236B48
:10F79000C0D0246BA3EC256BF699266BF799276BE9
:10F7A000B7C5286BF899296BF9992A6BFA992B6BD5
:10F7B000FB992C6BFC992D6BFD992E6BFE992F6B91
:10F7C000409A306B419A316B429A326BFBD3336B68
:10F7D000439A346B449A356B459A366B469A376B2D
:10F7E000A4EC386B479A396BA5EC3A6BDBC63B6BE4
:10F7F000489A3C6B499A3D6B4A9A3E6BEEBF3F6B11
:10F800004B9A406B4C9A416B4D9A426B4E9A436BAC
:10F81000A6EC446B4F9A456B509A466BA7EC476B2E
:10F82000AAD0486B519A496BB8C74A6B529A4B6B36
:10F83000539A4C6BE8B84D6B549A4E6B559A4F6B7C
:10F84000569A506B579A516B589A526B599A536B00
:10F850005A9A546B5B9A556B5C9A566B5D9A576BD0
:10F860005E9A586B5F9A596BA8EC5A6B609A5B6B07
:10F87000619A5C6B629A5D6B639A5E6B649A5F6B74
:10F88000659A606B669A616B679A626BB9D6636BB7
:10F89000FDD5646BCBB4656BBDB2666BE4CE676BB4
:10F8A000E7C6686B689A696B699A6A6BE1CD6B6BA6
:10F8B0006A9A6C6B6B9A6D6B6C9A6E6B6D9A6F6BD0
:10F8C0006E9A706B6F9A716B709A726B719A736BA0
:10F8D000729A746B739A756B749A766B759A776B70
:10F8E000769A786B779A796BF5B47A6B789A7B6BAA
:10F8F000C0CB7C6BDFBC7D6B799A7E6B7A9A7F6B19
:10F900007B9A806B7C9A816BE2E9826BE3E9836B83
:10F91000EAD1846BE5E9856B7D9A866BF9B4876BD8
:10F92000E4E9886B7E9A896BB3D18A6BE2CA8B6BF0
:10F93000D0B28C6B809A8D6BE8E98E6B819A8F6B5D
:10F94000829A906B839A916B849A926BE6E9936B9F
:10F95000E7E9946B859A956B869A966BB3D6976B0D
:10F96000879A986B889A996B899A9A6BE9E99B6B4D
:10F97000EAE99C6B8A9A9D6B8B9A9E6B8C9A9F6B23
:10F980008D9AA06B8E9AA16BEBE9A26B8F9AA36BF9
:10F99000909AA46B919AA56B929AA66B939AA76B77
:10F9A000949AA86B959AA96B969AAA6BECE9AB6BA3
:10F9B000979AAC6B989AAD6B999AAE6B9A9AAF6B1B
:10F9C0009B9AB06B9C9AB16B9D9AB26B9E9AB36BEB
:10F9D000AFECB46BB9C5B56BCEB6B66B9F9AB76BCF
:10F9E000F3D2B86BA09AB96BA19ABA6BA29ABB6B0F
:10F9F000A39ABC6BA49ABD6BA59ABE6BA69ABF6B6B
:10FA0000EEB5C06BA79AC16BD9BBC26BB1ECC36B2F
:10FA1000A89AC46BA99AC56BE3D2C66BAA9AC76BA6
:10FA2000AB9AC86BAC9AC96BAD9ACA6BAE9ACB6BEA
:10FA3000E3CECC6BAF9ACD6BB8C4CE6BB09ACF6B24
:10FA4000BFC3D06BB19AD16BB29AD26BBEB6D36B37
:10FA5000B9D8D46BC8B1D56BCFB1D66BD1B1D76B98
:10FA6000FEC5D86BB39AD96BD0B1DA6BB49ADB6BA5
:10FA7000ABC3DC6BB59ADD6BB69ADE6BB79ADF6B06
:10FA8000B89AE06BB99AE16BB1D5E26BBA9AE36BC5
:10FA9000BB9AE46BBC9AE56BBD9AE66BBE9AE76BCA
:10FAA000BF9AE86BC09AE96BC19AEA6BA4EBEB6B67
:10FAB000C1BAEC6BC29AED6BC39AEE6BC49AEF6B52
:10FAC000BACCF06BC59AF16BC69AF26BC79AF36B1E
:10FAD000A5EBF46BC89AF56BA7EBF66BC99AF76BBD
:10FAE000CA9AF86BCB9AF96BA8EBFA6BCC9AFB6BC2
:10FAF000CD9AFC6BCE9AFD6BA6EBFE6BCF9AFF6B9B
:10FB0000D09A006CD19A016CD29A026CD39A036C91
:10FB1000D49A046CD59A056CA9EB066CABEB076C18
:10FB2000AAEB086CD69A096CD79A0A6CD89A0B6C17
:10FB3000D99A0C6CDA9A0D6CACEB0E6CDB9A0F6CEC
:10FB4000CFCA106CB5D8116CF1C3126CDC9A136C6F
:10FB5000A5C3146CF8C6156CADEB166CCAC4176C53
:10FB6000DD9A186CAEEB196CAFEB1A6CB0EB1B6C3A
:10FB7000D5B71C6CDE9A1D6CDF9A1E6CE09A1F6C68
:10FB8000FAB7206CE19A216CB1EB226CE2C7236CCE
:10FB9000E29A246CB3EB256CE39A266CA4BA276C2A
:10FBA000F5D1286CB1B0296CB2EB2A6CB4EB2B6C9C
:10FBB000E49A2C6CE59A2D6CE69A2E6CAAB52F6C03
:10FBC000C8C2306CE8C7316CE79A326CB5EB336C65
:10FBD000E89A346CAECB356CDFE3366CE99A376C5F
:10FBE000EA9A386CC0D3396CEB9A3A6CEC9A3B6C5D
:10FBF000ED9A3C6CEE9A3D6CDBD93E6CEF9A3F6C13
:10FC0000F09A406CA1CD416CADD6426CF3C7436C09
:10FC1000F19A446CF29A456CF39A466CE0D9476CC1
:10FC2000E3BB486CF49A496CBABA4A6CE2E34B6C99
:10FC3000F59A4C6CF69A4D6CF79A4E6CF89A4F6C9C
:10FC4000F99A506CABCF516CFA9A526CFB9A536C88
:10FC5000FC9A546CE0E3556CC7C9566CFD9A576C1E
:10FC6000B9BA586CFE9A596C409B5A6C419B5B6CBC
:10FC7000B4D15C6CE1E35D6CEAC85E6CAFB95F6CFB
:10FC8000ADBD606CD8B3616CDBCE626C429B636CC3
:10FC9000439B646CC0CC656C449B666C459B676CF5
:10FCA000469B686CE8E3696CE9E36A6CF4CD6B6CC5
:10FCB000479B6C6C489B6D6C499B6E6C4A9B6F6C50
:10FCC0004B9B706CADCC716C4C9B726CB3BC736C09
:10FCD0004D9B746CEAE3756C4E9B766CEBE3776C32
:10FCE0004F9B786C509B796CDAD07A6C519B7B6C13
:10FCF000529B7C6C539B7D6CFBC67E6CDAB77F6C31
:10FD0000549B806C559B816CDFC7826CCAD2836C1C
:10FD1000D6CE846C569B856CE4E3866CECE3876CF2
:10FD2000579B886CF2C9896CC1B38A6C589B8B6CE9
:10FD3000599B8C6CE7E38D6C5A9B8E6C5B9B8F6C34
:10FD4000E3C6906CE5E3916C5C9B926C5D9B936C5D
:10FD5000B3ED946CE6E3956C5E9B966C5F9B976C41
:10FD6000609B986C619B996CB3C99A6C629B9B6C0D
:10FD7000E6C59C6C639B9D6C649B9E6C659B9F6CB5
:10FD8000B5B9A06C669BA16CBBC3A26C679BA36C4E
:10FD9000E3E3A46CBDC5A56CA4C1A66CD9C2A76CD5
:10FDA000D7B2A86C689BA96CEDE3AA6CA6BBAB6C40
:10FDB000ADC4AC6C699BAD6CF0E3AE6CDABEAF6CFD
:10FDC0006A9BB06C6B9BB16CFBE3B26CF5E3B36CFC
:10FDD000D3BAB46C6C9BB56C6D9BB66C6E9BB76CF8
:10FDE0006F9BB86CD0B7B96CCDD3BA6C709BBB6C41
:10FDF000CED6BC6CD3D5BD6CC1B9BE6CB4D5BF6C0E
:10FE0000D8D1C06C719BC16C729BC26C739BC36C6C
:10FE1000749BC46CB9D0C56CF6C7C66C759BC76CB7
:10FE2000769BC86C779BC96CAAC8CA6CB4B2CB6C01
:10FE3000789BCC6CDAC3CD6C799BCE6C7A9BCF6C03
:10FE40007B9BD06CEEE3D16C7C9BD26C7D9BD36CA6
:10FE5000FCE3D46CEFE3D56CA8B7D66CF7E3D76CB2
:10FE6000F4E3D86C7E9BD96C809BDA6C819BDB6C55
:10FE7000BAB7DC6C829BDD6C839BDE6CA2C5DF6C49
:10FE8000849BE06CF6E3E16CDDC5E26CA8B2E36C48
:10FE9000FCC6E46C859BE56CE0C4E66C869BE76C75
:10FEA000879BE86CA2D7E96C889BEA6CE1C0EB6C9D
:10FEB000F9E3EC6C899BED6C8A9BEE6CFAE3EF6CDA
:10FEC000FDE3F06CA9CCF16CF3E3F26C8B9BF36C6B
:10FED000BED3F46C8C9BF56CC3B1F66CB4EDF76CCF
:10FEE000F1E3F86CF2E3F96C8D9BFA6CF8E3FB6CD0
:10FEF000BAD0FC6CC3C6FD6CF3D4FE6CFEE3FF6CA1
:10FF00008E9B006D8F9B016DE0BD026D909B036D1C
:10FF1000919B046DA7E4056D929B066D939B076D05
:10FF2000A6E4086D949B096D959B0A6D969B0B6DDD
:10FF3000F3D10C6DA3E40D6D979B0E6DA9E40F6DCD
:10FF4000989B106D999B116D9A9B126DF7C8136D5C
:10FF50009B9B146D9C9B156D9D9B166D9E9B176DB9
:10FF6000B4CF186D9F9B196DA8E41A6DAEE41B6D9C
:10FF7000E5C21C6DA09B1D6DA19B1E6DB4B61F6DCF
:10FF8000A29B206DA39B216DA49B226DA59B236D3D
:10FF9000A69B246DA79B256DF2BD266DA89B276DA2
:10FFA000A2E4286DA99B296DAA9B2A6DE9BA2B6D45
:10FFB000AAE42C6DAB9B2D6DAC9B2E6DACE42F6D2C
:10FFC000AD9B306DAE9B316DFDB6326DDED6336DBF
:10FFD000B2E4346DAF9B356DADE4366DB09B376DDB
:10FFE000B19B386DB29B396DA1E43A6DB39B3B6D0B
:10FFF000EEBB3C6DDDCD3D6DA2C73E6DC9C53F6D0D
:020000040801F1
:10000000B49B406DB59B416DF7C1426DB69B436D8E
:10001000A4E4446DB79B456DB3C7466DACBD476D59
:10002000BDBD486DA5E4496DB89B4A6DC7D74B6D02
:10003000E2B24C6DB99B4D6DABE44E6DC3BC4F6DE0
:10004000AFE4506DBA9B516DEBBB526DB0E4536D94
:10005000A8C5546DB1E4556DBB9B566DBC9B576DE7
:10006000BD9B586DBE9B596DE3D55A6DA3BF5B6DAB
:10007000BF9B5C6DBAE45D6DC09B5E6DB7E45F6D68
:10008000C19B606DBBE4616DC29B626DC39B636D80
:10009000BDE4646DC49B656DC59B666DD6C6676D1A
:1000A000C69B686DC79B696DC6BA6A6DCBC06B6D28
:1000B000C89B6C6DC99B6D6DCA9B6E6DA1B86F6D51
:1000C000B4E4706DCB9B716DCC9B726DCD9B736DE9
:1000D000CE9B746DA1D4756DCF9B766DD09B776DE3
:1000E000A3BA786DFEBD796DD19B7A6DD29B7B6D85
:1000F000D39B7C6DBCE47D6DD49B7E6DD59B7F6D69
:10010000D69B806DD79B816DD89B826DBFCD836D53
:10011000D99B846DDA9B856DF9C4866DDB9B876DF9
:10012000DC9B886DFBCF896DE6C98A6DDD9B8B6D8D
:10013000DE9B8C6DBFD38D6DDF9B8E6DD1CF8F6DB0
:10014000E09B906DE19B916DB3E4926DE29B936DAA
:10015000B8E4946DB9E4956DE9CC966DE39B976D29
:10016000E49B986DE59B996DE69B9A6DE79B9B6D73
:10017000CECC9C6DE89B9D6DD4C09E6DB5E49F6D0B
:10018000B0C1A06DB6E4A16DD0CEA26DE99BA36D08
:10019000C1BBA46DD3B5A56DEA9BA66DF3C8A76DD1
:1001A000A7BDA86DC7D5A96DACC9AA6DA2B8AB6D26
:1001B000CAE4AC6DEB9BAD6DEC9BAE6DCCE4AF6D6A
:1001C000C4D1B06DED9BB16DEE9BB26DBAD2B36D83
:1001D000EF9BB46DF09BB56DADBAB66DF19BB76D8D
:1001E000F29BB86DD4BAB96DF39BBA6DF49BBB6D3D
:1001F000F59BBC6DF69BBD6DF79BBE6DF89BBF6D0F
:10020000C3E4C06DEDB5C16DF99BC26DFA9BC36DC2
:10021000FB9BC46DCDD7C56DC0E4C66DFDCFC76D6A
:10022000BFE4C86DFC9BC96DFD9BCA6DFE9BCB6D89
:10023000DCC1CC6DCACCCD6D409CCE6D419CCF6DE8
:10024000429CD06D439CD16DE7CAD26D449CD36D66
:10025000459CD46D469CD56D479CD66DD7C4D76D53
:10026000489CD86DD4CCD96DC8E4DA6D499CDB6D5F
:100270004A9CDC6D4B9CDD6DC7E4DE6DC1E4DF6D37
:100280004C9CE06DC4E4E16DADB5E26D4D9CE36D59
:100290004E9CE46DD9D3E56D4F9CE66DC6E4E76DE9
:1002A000509CE86D519CE96D529CEA6D539CEB6D3E
:1002B000F9D2EC6DE3B4ED6D549CEE6DB4BBEF6D13
:1002C000559CF06D569CF16DEEC9F26D579CF36D27
:1002D000BEB4F46D589CF56D599CF66D5A9CF76D43
:1002E000ECBBF86D5B9CF96DCDD1FA6D5C9CFB6D40
:1002F000EDCCFC6DB5EDFD6D5D9CFE6D5E9CFF6D06
:100300005F9C006E609C016E619C026E629C036E3D
:10031000639C046E649C056EE5C7066E659C076E63
:10032000669C086E679C096E689C0A6EA8D40B6E6A
:10033000699C0C6ECBE40D6ED5D70E6EC2E40F6EC9
:100340006A9C106EA5BD116EC5E4126E6B9C136E97
:100350006C9C146EE6D3156E6D9C166EC9E4176E18
:10036000F8C9186E6E9C196E6F9C1A6EBEE41B6EF7
:10037000709C1C6E719C1D6EE5D31E6E729C1F6E70
:10038000739C206EFEC7216EC9B6226E749C236ECC
:10039000FCD4246EB3B2256ED7E4266E759C276E0E
:1003A000769C286E779C296EC2CE2A6E789C2B6E26
:1003B000CDE42C6E799C2D6EBCCE2E6E7A9C2F6E69
:1003C000DBB8306E7B9C316E7C9C326ED6E4336E33
:1003D0007D9C346ECABF356E7E9C366E809C376EB7
:1003E000819C386ECED3396E829C3A6EECC33B6EE4
:1003F000839C3C6E849C3D6E859C3E6E869C3F6ECD
:10040000879C406E889C416E899C426E8A9C436E9C
:10041000C8C5446ED8E4456E8B9C466E8C9C476E76
:100420008D9C486E8E9C496E8F9C4A6E909C4B6E44
:10043000919C4C6E929C4D6EC4CD4E6ECFE44F6E2F
:10044000939C506E949C516E959C526E969C536EEC
:10045000D4E4546ED5E4556E979C566EFEBA576E32
:10046000989C586EE6CF596E999C5A6E9A9C5B6E1A
:10047000BFD55C6E9B9C5D6E9C9C5E6E9D9C5F6E12
:10048000D2E4606E9E9C616E9F9C626EA09C636EC7
:10049000A19C646EA29C656EA39C666EA49C676E14
:1004A000A59C686EA69C696EA79C6A6EA89C6B6EE4
:1004B000D0E46C6EA99C6D6EAA9C6E6ECEE46F6EDD
:1004C000AB9C706EAC9C716EAD9C726EAE9C736E8C
:1004D000AF9C746EB09C756EB19C766EB29C776E5C
:1004E000B39C786EB49C796EB59C7A6EB69C7B6E2C
:1004F000B79C7C6EB89C7D6EB99C7E6EE5CD7F6EA0
:10050000AACA806EBA9C816EBB9C826EBC9C836EB4
:10051000A3C0846EBD9C856EA6BD866ED3E4876E37
:10052000BE9C886EBF9C896EC8B88A6EC09C8B6E5C
:10053000C19C8C6EC29C8D6EC39C8E6EC49C8F6E53
:10054000E7E4906EB4D4916EC59C926EC69C936E97
:10055000C79C946EC89C956EC99C966ECA9C976EFB
:10056000CB9C986EDBE4996ECC9C9A6ECD9C9B6E76
:10057000CE9C9C6EEFC19D6ECF9C9E6ED09C9F6E5C
:10058000E9E4A06ED19CA16ED29CA26EE7D2A36ECC
:10059000D39CA46ED49CA56EDFE4A66ED59CA76EFA
:1005A000E0E4A86ED69CA96ED79CAA6EAACFAB6ECB
:1005B000D89CAC6ED99CAD6EDA9CAE6EDB9CAF6EF7
:1005C000DDCBB06EDC9CB16EDAE4B26ED1E4B36E1A
:1005D000DD9CB46EE5E4B56EDE9CB66EDCC8B76E2D
:1005E000E3E4B86EDF9CB96EE09CBA6EE7C4BB6E04
:1005F000E2E4BC6EE19CBD6EE1E4BE6EE29CBF6EC7
:10060000E39CC06EE49CC16EFCB3C26EE8E4C36EB2
:10061000E59CC46EE69CC56EE79CC66EE89CC76E02
:10062000E1B5C86EE99CC96EEA9CCA6EEB9CCB6EC4
:10063000CCD7CC6EEC9CCD6EED9CCE6EEE9CCF6E8E
:10064000E6E4D06EEF9CD16EACBBD26EF09CD36E64
:10065000D2D7D46ECFCCD56EF8EBD66EF19CD76ED8
:10066000E4E4D86EF29CD96EF39CDA6EF6B9DB6ED8
:10067000F49CDC6EF59CDD6EF69CDE6ECDD6DF6EF6
:10068000D9E4E06EDCE4E16EFAC2E26EDEE4E36E31
:10069000F79CE46ECBC2E56EC4C0E66ED0C2E76ED6
:1006A000F89CE86EF5B1E96EB2CCEA6EF99CEB6E9F
:1006B000FA9CEC6EFB9CED6EFC9CEE6EFD9CEF6E6E
:1006C000FE9CF06E409DF16E419DF26E429DF36E78
:1006D000439DF46ECEB5F56E449DF66E459DF76E66
:1006E000469DF86E479DF96EEFE4FA6E489DFB6EED
:1006F000499DFC6E4A9DFD6E4B9DFE6E4C9DFF6EAE
:100700004D9D006F4E9D016F4F9D026FAFC6036FF1
:10071000509D046F519D056F529D066FE1C6076F96
:10072000539D086F549D096FF5E40A6F559D0B6F3B
:10073000569D0C6F579D0D6F589D0E6F599D0F6FF5
:10074000A9C2106F5A9D116F5B9D126F5C9D136F54
:10075000ECC0146FDDD1156FEEE4166F5D9D176F61
:100760005E9D186F5F9D196F609D1A6F619D1B6F75
:10077000629D1C6F639D1D6F649D1E6F659D1F6F45
:10078000669D206FAEC4216F679D226F689D236FA9
:10079000699D246FEDE4256F6A9D266F6B9D276F21
:1007A0006C9D286F6D9D296FF6E42A6FF4E42B6F22
:1007B000FEC22C6F6E9D2D6FDDE42E6F6F9D2F6F2F
:1007C000F0E4306F709D316FFECA326F719D336FF0
:1007D000C4D5346F729D356F739D366FF1E4376FFA
:1007E000749D386F759D396F769D3A6F779D3B6F1D
:1007F000789D3C6F799D3D6F7A9D3E6FFAD13F6F3A
:100800007B9D406F7C9D416F7D9D426F7E9D436FC0
:10081000809D446F819D456F829D466FEBE4476FDD
:10082000ECE4486F839D496F849D4A6F859D4B6FB3
:10083000F2E44C6F869D4D6FABCE4E6F879D4F6F30
:10084000889D506F899D516F8A9D526F8B9D536F0C
:100850008C9D546F8D9D556F8E9D566F8F9D576FDC
:10086000909D586FCBC5596F919D5A6F929D5B6F4C
:10087000939D5C6FB1C75D6F949D5E6FBAC25F6FF1
:10088000959D606F969D616F979D626FEAE4636FBF
:10089000989D646F999D656F9A9D666FCAC1676FD9
:1008A0009B9D686F9C9D696F9D9D6A6F9E9D6B6F00
:1008B0009F9D6C6FA09D6D6FB6CC6E6FB1B36F6F67
:1008C000A19D706FA29D716FA39D726FFBE4736F0A
:1008D000A49D746FF3E4756FA59D766FA69D776FE9
:1008E000A79D786FFAE4796FA89D7A6FFDE47B6F1E
:1008F000A99D7C6FFCE47D6FAA9D7E6FAB9D7F6F91
:10090000AC9D806FAD9D816FAE9D826FAF9D836FFB
:10091000B09D846FCEB3856FB19D866FB29D876F9A
:10092000B39D886FBAB3896FF7E48A6FB49D8B6FFC
:10093000B59D8C6FF9E48D6FF8E48E6FECC58F6F09
:10094000B69D906FB79D916FB89D926FB99D936F53
:10095000BA9D946FBB9D956FBC9D966FBD9D976F23
:10096000BE9D986FBF9D996FC09D9A6FC19D9B6FF3
:10097000C29D9C6FBDC09D6FC39D9E6FC49D9F6FA8
:10098000C59DA06FC69DA16FE8D4A26FC79DA36F40
:10099000C89DA46FC99DA56FCA9DA66FCB9DA76F6B
:1009A000A2E5A86FCC9DA96FCD9DAA6FCE9DAB6F20
:1009B000CF9DAC6FD09DAD6FD19DAE6FD29DAF6F0F
:1009C000D39DB06FD49DB16FD59DB26FD69DB36FDF
:1009D000C4B0B46FD79DB56FD89DB66FA4E5B76F9F
:1009E000D99DB86FDA9DB96FA3E5BA6FDB9DBB6F78
:1009F000DC9DBC6FDD9DBD6FDE9DBE6FDF9DBF6F5B
:100A0000E09DC06FA4BCC16FE19DC26FA5E5C36F3F
:100A1000E29DC46FE39DC56FE49DC66FE59DC76F02
:100A2000E69DC86FE79DC96FA1E5CA6FE89DCB6FD2
:100A3000E99DCC6FEA9DCD6FEB9DCE6FEC9DCF6FA6
:100A4000ED9DD06FEE9DD16FFEE4D26FF4B1D36F08
:100A5000EF9DD46FF09DD56FF19DD66FF29DD76F4E
:100A6000F39DD86FF49DD96FF59DDA6FF69DDB6F1E
:100A7000F79DDC6FF89DDD6FF99DDE6FA8E5DF6FF8
:100A8000FA9DE06FA9E5E16FA6E5E26FFB9DE36FDC
:100A9000FC9DE46FFD9DE56FFE9DE66F409EE76F58
:100AA000419EE86F429EE96F439EEA6F449EEB6F62
:100AB000459EEC6F469EED6F479EEE6FA7E5EF6F8C
:100AC000AAE5F06F489EF16F499EF26F4A9EF36F60
:100AD0004B9EF46F4C9EF56F4D9EF66F4E9EF76FDA
:100AE0004F9EF86F509EF96F519EFA6F529EFB6FAA
:100AF000539EFC6F549EFD6F559EFE6F569EFF6F7A
:100B0000579E0070589E0170599E02705A9E037045
:100B10005B9E04705C9E05705D9E06705E9E077015
:100B20005F9E0870609E0970619E0A70629E0B70E5
:100B3000639E0C70649E0D70659E0E70669E0F70B5
:100B4000679E1070689E1170D9C61270699E1370EE
:100B50006A9E14706B9E15706C9E16706D9E177059
:100B60006E9E18706F9E1970709E1A70ABE51B70A8
:100B7000ADE51C70719E1D70729E1E70739E1F707D
:100B8000749E2070759E2170769E2270779E2370D1
:100B9000ACE52470789E2570799E26707A9E277029
:100BA0007B9E28707C9E29707D9E2A707E9E2B7075
:100BB000809E2C70819E2D70829E2E70839E2F7041
:100BC000849E3070859E3170869E3270879E337011
:100BD000889E3470899E3570AFE536708A9E377076
:100BE0008B9E38708C9E3970AEE53A708D9E3B704E
:100BF0008E9E3C708F9E3D70909E3E70919E3F7089
:100C0000929E4070939E4170949E4270959E437058
:100C1000969E4470979E4570989E4670999E477028
:100C20009A9E48709B9E49709C9E4A709D9E4B70F8
:100C30009E9E4C70E0B94D709F9E4E70A09E4F706E
:100C4000B0E55070A19E5170A29E5270A39E537049
:100C5000A49E5470A59E5570A69E5670A79E577070
:100C6000A89E5870A99E5970AA9E5A70AB9E5B7040
:100C7000AC9E5C70AD9E5D70AE9E5E70B1E55F70C7
:100C8000AF9E6070B09E6170B19E6270B29E6370E4
:100C9000B39E6470B49E6570B59E6670B69E6770B4
:100CA000B79E6870B89E6970B99E6A70BA9E6B7084
:100CB000F0BB6C70E1EC6D70F0C36E70BB9E6F703A
:100CC000C6B57070D2BB7170BC9E7270BD9E7370E1
:100CD000BE9E7470BF9E7570E9C17670EED4777059
:100CE000C09E7870C4BE7970C19E7A70C29E7B70BF
:100CF000C39E7C70C6D77D70C49E7E70D6D47F7034
:100D0000D3B28070BEEC8170C59E8270C69E837027
:100D1000C79E8470C89E8570C1EA8670C99E877020
:100D2000CA9E8870CB9E8970AFC28A70B6B48B7031
:100D3000CC9E8C70CD9E8D70CE9E8E70D7D18F70D4
:100D4000CF9E9070D09E9170D19E9270B4B39370EC
:100D5000D29E9470B2C89570BBBF9670C0EC97706D
:100D6000D39E9870D49E9970CBD69A70D59E9B7066
:100D7000D69E9C70BFEC9D70C1EC9E70D79E9F70FC
:100D8000D89EA070D99EA170DA9EA270DB9EA3703F
:100D9000DC9EA470DD9EA570DE9EA670DF9EA7700F
:100DA000E09EA870E19EA970E29EAA70E39EAB70DF
:100DB000C5ECAC70E6BEAD70BFCCAE70DAC5AF703E
:100DC000BCBEB070E49EB170C6ECB270E59EB3706C
:100DD000FEB1B470E69EB570E79EB670E89EB7703F
:100DE000C4ECB870A8D5B970E3B5BA70E99EBB7011
:100DF000C2ECBC70B6C1BD70E3B3BE70EA9EBF70FA
:100E0000EB9EC070C3ECC170B8CBC270C3C0C370DE
:100E1000FECCC470EC9EC570ED9EC670EE9EC77091
:100E2000EF9EC870D2C1C970F09ECA70C8ECCB707A
:100E3000F19ECC70F29ECD70F39ECE70F49ECF707A
:100E4000F59ED070F69ED170F79ED270F89ED3704A
:100E5000F99ED470FA9ED570FB9ED670FC9ED7701A
:100E6000FD9ED870E6BAD970D3C0DA70FE9EDB70F2
:100E7000F2D6DC70409FDD70419FDE70429FDF70D4
:100E8000CCD1E070439FE170449FE270459FE370D6
:100E9000469FE470BEBFE570479FE670B3B7E7704A
:100EA000D5C9E870C7ECE970E2BBEA70489FEB7007
:100EB000CCCCEC70FDBDED70C8C8EE70499FEF70F2
:100EC000A9CFF0704A9FF1704B9FF2704C9FF37066
:100ED0004D9FF4704E9FF5704F9FF670509FF770C6
:100EE000E9CDF870519FF970EBC5FA70529FFB7015
:100EF000539FFC70549FFD70E9B7FE70559FFF70C3
:100F0000569F0071579F0171589F0271599F03713D
:100F10005A9F04715B9F05715C9F06715D9F07710D
:100F20005E9F08715F9F0971C9D10A71B8BA0B71D0
:100F3000609F0C71619F0D71629F0E71639F0F71B5
:100F4000649F1071C9EC1171659F1271669F1371D6
:100F5000CAEC1471679F1571C0BB1671CBEC177189
:100F6000689F1871E2EC1971BAB11A71D9B71B7187
:100F7000699F1C716A9F1D716B9F1E716C9F1F7111
:100F80006D9F20716E9F21716F9F2271709F2371E1
:100F9000719F2471729F2571739F2671B9BD27714E
:100FA000749F2871759F2971769F2A71779F2B7185
:100FB000789F2C71799F2D717A9F2E717B9F2F7155
:100FC000CCEC3071E6D13171CDEC32717C9F337154
:100FD0007D9F34717E9F3571809F3671BBC837719C
:100FE000819F3871829F3971839F3A71849F3B71D1
:100FF000859F3C71869F3D71879F3E71889F3F71A1
:10100000899F40718A9F41718B9F42718C9F437170
:101010008D9F44718E9F4571D1EC46718F9F4771B2
:10102000909F4871919F4971929F4A71D3EC4B7187
:10103000939F4C71CDBB4D71949F4E71E5BC4F7128
:10104000959F5071969F5171979F5271989F5371C0
:10105000999F54719A9F55719B9F56719C9F577190
:101060009D9F58719E9F59719F9F5A71A09F5B7160
:10107000A19F5C71CFEC5D71A29F5E71B7C95F717A
:10108000A39F6071A49F6171A59F6271A69F637108
:10109000A79F6471BAC36571A89F6671E3EC67711D
:1010A000D5D56871D0EC6971A99F6A71AA9F6B71DF
:1010B000AB9F6C71AC9F6D71AD9F6E71F3D66F710C
:1010C000AE9F7071AF9F7171B09F7271D2EC7371EE
:1010D000CEEC7471B19F7571B29F7671B39F7771C9
:1010E000B49F7871D4EC7971B59F7A71D5EC7B712E
:1010F000B69F7C71B79F7D71BFC97E71B89F7F71AC
:10110000B99F8071BA9F8171BB9F8271BC9F8371AF
:10111000BD9F8471A8CF8571BE9F8671BF9F877167
:10112000C09F8871C19F8971C29F8A71DCD08B7109
:10113000C39F8C71C49F8D71C59F8E71C69F8F7127
:10114000ACD19071C79F9171C89F9271C99F9371E3
:10115000CA9F9471DBC89571CB9F9671CC9F977194
:10116000CD9F9871D6EC9971F5CE9A71CE9F9B71F7
:10117000CF9F9C71D09F9D71D19F9E71D29F9F7177
:10118000ECCAA071DAECA171D39FA271D49FA371B4
:10119000D59FA471D69FA571D79FA671D89FA7711F
:1011A000D99FA871D9ECA971DA9FAA71DB9FAB71A5
:1011B000DC9FAC71BEB0AD71DD9FAE71DE9FAF71D3
:1011C000DF9FB071E09FB171E19FB271E29FB37197
:1011D000D7ECB471E39FB571D8ECB671E49FB771E9
:1011E000E59FB871E69FB971E4ECBA71E79FBB71F6
:1011F000E89FBC71E99FBD71EA9FBE71EB9FBF7113
:10120000EC9FC071ED9FC171EE9FC271EF9FC371E2
:10121000BCC8C471F09FC571F19FC671F29FC771C0
:10122000F39FC871F49FC971F59FCA71F69FCB7186
:10123000F79FCC71F89FCD71F99FCE71C7C1CF7167
:10124000FA9FD071FB9FD171FC9FD271FD9FD3712A
:10125000FE9FD471DCECD571E0D1D67140A0D7717E
:1012600041A0D87142A0D97143A0DA7144A0DB71CA
:1012700045A0DC7146A0DD7147A0DE7148A0DF719A
:1012800049A0E071DBECE1714AA0E2714BA0E3718F
:101290004CA0E4714DA0E571EFD4E6714EA0E7716A
:1012A000DDECE8714FA0E97150A0EA7151A0EB713B
:1012B00052A0EC7153A0ED7154A0EE71C6DBEF713A
:1012C00055A0F07156A0F17157A0F27158A0F371BA
:1012D00059A0F4715AA0F5715BA0F6715CA0F7718A
:1012E0005DA0F8715EA0F971DEECFA715FA0FB7190
:1012F00060A0FC7161A0FD7162A0FE7163A0FF712E
:1013000064A0007265A0017266A0027267A00372F9
:1013100068A0047269A005726AA00672ACB1077277
:101320006BA008726CA009726DA00A726EA00B729D
:101330006FA00C7270A00D7271A00E7272A00F726D
:1013400073A0107274A0117275A0127276A013723D
:1013500077A0147278A0157279A016727AA017720D
:101360007BA018727CA019727DA01A727EA01B72DD
:1013700080A01C7281A01D72DFEC1E7282A01F7201
:1013800083A0207284A0217285A0227286A023727D
:1013900087A0247288A0257289A026728AA027724D
:1013A0008BA02872E0EC29728CA02A72A6D72B722F
:1013B0008DA02C72C0C52D728EA02E728FA02F72A0
:1013C00090A03072BCEB3172AEB0327291A0337229
:1013D00092A0347293A03572F4BE3672B8B83772E8
:1013E000AFD23872D6B03972F9B53A7294A03B7266
:1013F000B3D83C7295A03D72ACCB3E7296A03F72C2
:10140000DDE3407297A0417298A0427299A04372A6
:101410009AA044729BA045729CA046729DA0477200
:10142000ACC64872E6B049729EA04A729FA04B7249
:10143000A0A04C72C6C54D72B9EB4E72A1A04F72FE
:10144000A2A05072A3A05172A4A05272BAEB537220
:10145000A5A05472A6A05572A7A05672BBEB5772F6
:10146000A8A05872A9A05972C0D15A72AAA05B72E2
:10147000A3C55C72ABA05D72F2EA5E72ACA05F7253
:10148000B2C46072ADA06172B5C46272CEC0637244
:10149000AEA06472AFA06572B0A06672F3EA677224
:1014A000C1C46872B1A06972EFCE6A72B2A06B72E9
:1014B000B3A06C72B4A06D72B5A06E72F0EA6F72D8
:1014C000F4EA7072B6A07172B7A07272FCC973723E
:1014D000B8A07472B9A07572A3C77672BAA07772F9
:1014E000BBA07872BCA07972D8CC7A72FECE7B7227
:1014F000BDA07C72BEA07D72BFA07E72F5EA7F7235
:10150000F6EA8072ACCF8172E7C08272C0A08372AB
:10151000C1A08472F7EA8572C2A08672C3A08772E6
:10152000C4A08872C5A08972C6A08A72BFB68B7229
:10153000F8EA8C72C7A08D72F9EA8E72C8A08F7219
:10154000FAEA9072C9A09172CAA09272FBEA9372F1
:10155000CBA09472CCA09572CDA09672CEA09772BB
:10156000CFA09872D0A09972D1A09A72D2A09B728B
:10157000D3A09C72D4A09D72D5A09E72D6A09F725B
:10158000F1EAA072D7A0A172D8A0A272D9A0A372CA
:10159000DAA0A472DBA0A572DCA0A672DDA0A772FF
:1015A000DEA0A872DFA0A972E0A0AA72E1A0AB72CF
:1015B000E2A0AC72AEC8AD72EBE1AE72E3A0AF7266
:1015C000B8B7B072ECE1B172E4A0B272E5A0B37248
:1015D000E6A0B472EDE1B572E7A0B672B4D7B77207
:1015E000EEE1B872EFE1B972CCD3BA72E8A0BB7287
:1015F000E9A0BC72EAA0BD72EBA0BE72ECA0BF7203
:10160000EDA0C072EEA0C172F1E1C272F1BFC3726F
:10161000F0E1C472D2B5C572EFA0C672F0A0C77275
:10162000F1A0C872B7B1C972F2A0CA72F3A0CB72AE
:10163000F4A0CC72F5A0CD72F3E1CE72F2E1CF72DC
:10164000F6A0D072FCBAD172F7A0D272F4E1D372D4
:10165000F8A0D472F9A0D572FAA0D672FBA0D77206
:10166000B7B9D872FCA0D972D1BEDA72FDA0DB7214
:10167000FEA0DC7240AADD7241AADE72FCC4DF72F9
:1016800042AAE072DDBAE172C6BDE27243AAE37219
:1016900044AAE47245AAE57246AAE67247AAE7722E
:1016A00048AAE872F5E1E972F7E1EA7249AAEB7239
:1016B0004AAAEC72C0B6ED72C1CFEE72A8CAEF7240
:1016C000F6E1F072F8D5F172FCD3F272F8E1F37240
:1016D000FCE1F472F9E1F5724BAAF6724CAAF772CA
:1016E000FAE1F872EAC0F9724DAAFA72FEE1FB72F1
:1016F000A1E2FC72C7C0FD724EAAFE724FAAFF7231
:1017000050AA007351AA0173FBE1027352AA03733A
:10171000FDE1047353AA057354AA067355AA07730F
:1017200056AA087357AA097358AA0A73A5E20B733D
:1017300059AA0C735AAA0D735BAA0E73D4C10F7306
:101740005CAA10735DAA11735EAA12735FAA137369
:10175000A3E2147360AA1573A8E21673FEB217739E
:10176000A2E2187361AA197362AA1A7363AA1B739F
:10177000CDC31C73C2B21D73A7E21E73A6E21F7312
:1017800064AA207365AA2173A4E22273A9E22373D9
:1017900066AA247367AA2573ABE2267368AA277327
:1017A00069AA28736AAA2973C9D02A73EDD62B7344
:1017B000A8C32C73ACE22D736BAA2E73D7CF2F73F3
:1017C0006CAA30736DAA3173AEE232736EAA3373B2
:1017D0006FAA3473EFBA357370AA367371AA377370
:1017E000E0E93873ADE23973AAE23A7372AA3B7347
:1017F00073AA3C7374AA3D7375AA3E73ABBB3F7367
:10180000B3D4407376AA417377AA427378AA43731C
:1018100079AA44737AAA45737BAA46737CAA477354
:101820007DAA48737EAA497380AA4A7381AA4B7322
:1018300082AA4C7383AA4D73B0E24E7384AA4F738D
:1018400085AA5073AFE2517386AA5273E1E95373CC
:1018500087AA547388AA557389AA56738AAA57739C
:10186000B1E258738BAA59738CAA5A738DAA5B7311
:101870008EAA5C738FAA5D7390AA5E7391AA5F7340
:1018800092AA6073B2E2617393AA627394AA6373BB
:1018900095AA647396AA657397AA667398AA6773E4
:1018A00099AA68739AAA69739BAA6A739CAA6B73B4
:1018B0009DAA6C73B3E26D73A1CC6E739EAA6F7315
:1018C000B4E270739FAA7173A0AA727340AB737372
:1018D00041AB747342AB757343AB767344AB7773B0
:1018E00045AB787346AB797347AB7A7348AB7B7380
:1018F00049AB7C734AAB7D734BAB7E73B5E27F73B0
:101900004CAB80734DAB81734EAB82734FAB837323
:1019100050AB8473FED0857351AB867352AB877323
:10192000CAC2887353AB8973F1D38A7354AB8B7378
:10193000F5CD8C7355AB8D7356AB8E73E0E78F731B
:1019400057AB907358AB9173E1E7927359AB9373B4
:101950005AAB94735BAB95735CAB9673C1BE9773D4
:101960005DAB98735EAB99735FAB9A7360AB9B731F
:10197000EAC29C7361AB9D7362AB9E7363AB9F7352
:10198000E4E7A07364ABA17365ABA273E3E7A37351
:1019900066ABA47367ABA57368ABA67369ABA7739B
:1019A0006AABA8736BABA973E6CDAA736CABAB73D0
:1019B000B5C3AC736DABAD736EABAE73E2E7AF7333
:1019C000B7BBB073D6CFB1736FABB273E1C1B373B2
:1019D000E9E7B47370ABB57371ABB67372ABB77341
:1019E000E8E7B87373ABB97374ABBA73F4E7BB735E
:1019F000A3B2BC7375ABBD7376ABBE7377ABBF736D
:101A000078ABC073EAE7C17379ABC273E6E7C3731F
:101A10007AABC4737BABC5737CABC6737DABC7734A
:101A20007EABC873ECE7C973EBE7CA73BAC9CB7373
:101A300080ABCC7381ABCD73E4D5CE7382ABCF7367
:101A4000E5E7D073A9B7D173E7E7D27383ABD3735C
:101A500084ABD47385ABD57386ABD67387ABD773A2
:101A600088ABD87389ABD973EEE7DA738AABDB73D3
:101A70008BABDC738CABDD738DABDE73F3E7DF73A5
:101A80008EABE073E9D6E1738FABE27390ABE37397
:101A900091ABE47392ABE573EDE7E67393ABE77359
:101AA000F2E7E87394ABE973F1E7EA7395ABEB7394
:101AB00096ABEC7397ABED73E0B0EE7398ABEF734E
:101AC00099ABF0739AABF1739BABF273F5E7F373D9
:101AD0009CABF4739DABF5739EABF6739FABF77342
:101AE000A0ABF87340ACF97341ACFA7342ACFB7332
:101AF00043ACFC7344ACFD7345ACFE7346ACFF7362
:101B000047AC007448AC017449AC02744AAC03742D
:101B1000F2C704744BAC0574C5C00674EDC00774FD
:101B20004CAC08744DAC0974F0C10A74F0E70B7446
:101B30004EAC0C744FAC0D7450AC0E7451AC0F74B1
:101B4000F6E71074F6CB117452AC127453AC1374E4
:101B500054AC147455AC157456AC167457AC177459
:101B600058AC187459AC19745AAC1A74A2E81B74A6
:101B7000A1E81C745BAC1D745CAC1E745DAC1F747E
:101B80005EAC20745FAC217460AC2274C1D7237446
:101B900061AC247462AC2574FAE72674F9E7277403
:101BA00063AC2874FBE7297464AC2A74F7E72B74E0
:101BB00065AC2C74FEE72D7466AC2E74FDE72F74B3
:101BC00067AC3074FCE7317468AC327469AC337460
:101BD000D5C13474D9C73574FDC53674C3C53774DF
:101BE0006AAC38746BAC39746CAC3A746DAC3B74E1
:101BF0006EAC3C74EDC73D746FAC3E7470AC3F741A
:101C000071AC407472AC4174A3E8427473AC437419
:101C100074AC447475AC457476AC467477AC477458
:101C200078AC487479AC49747AAC4A747BAC4B7428
:101C30007CAC4C747DAC4D747EAC4E7480AC4F74F7
:101C400081AC507482AC517483AC527484AC5374C4
:101C500085AC547486AC5574A6E8567487AC57743A
:101C6000A5E8587488AC5974A7E85A74F7BA5B743D
:101C7000F8E75C74A4E85D7489AC5E74F0C85F74C6
:101C8000AAC960748AAC61748BAC62748CAC6374E6
:101C90008DAC64748EAC65748FAC667490AC6774F4
:101CA00091AC687492AC697493AC6A7494AC6B74C4
:101CB00095AC6C7496AC6D74A9E86E7497AC6F7447
:101CC00098AC7074E5B9717499AC72749AAC737411
:101CD0009BAC74749CAC75749DAC7674FED17774B7
:101CE000A8E878749EAC79749FAC7A74A0AC7B74CD
:101CF00040AD7C7441AD7D7442AD7E74AAE87F74C2
:101D000043AD8074ADE88174AEE8827444AD8374F1
:101D1000A7C1847445AD857446AD867447AD87749C
:101D2000AFE8887448AD897449AD8A744AAD8B7444
:101D3000B0E88C744BAD8D744CAD8E74ACE88F7480
:101D40004DAD9074B4E891744EAD92744FAD9374F0
:101D500050AD947451AD957452AD967453AD977463
:101D600054AD987455AD997456AD9A7457AD9B7433
:101D700058AD9C74ABE89D7459AD9E74B1E89F74E6
:101D80005AADA0745BADA1745CADA2745DADA374DB
:101D90005EADA4745FADA57460ADA67461ADA774AB
:101DA000B5E8A874B2E8A974B3E8AA7462ADAB74DC
:101DB00063ADAC7464ADAD7465ADAE7466ADAF7457
:101DC00067ADB07468ADB17469ADB2746AADB37427
:101DD0006BADB4746CADB5746DADB6746EADB774F7
:101DE0006FADB87470ADB97471ADBA74B7E8BB7447
:101DF00072ADBC7473ADBD7474ADBE7475ADBF749B
:101E000076ADC07477ADC17478ADC27479ADC3746A
:101E10007AADC4747BADC5747CADC6747DADC7743A
:101E20007EADC87480ADC97481ADCA7482ADCB7407
:101E300083ADCC7484ADCD7485ADCE7486ADCF74D6
:101E400087ADD07488ADD17489ADD274B6E8D3743F
:101E50008AADD4748BADD5748CADD6748DADD7747A
:101E60008EADD8748FADD97490ADDA7491ADDB744A
:101E700092ADDC74CFB9DD7493ADDE74ACF0DF7479
:101E800094ADE074ADF0E17495ADE274B0C6E37466
:101E9000EAB0E474BFC8E57496ADE674DFCDE774CC
:101EA00097ADE87498ADE97499ADEA749AADEB74A6
:101EB0009BADEC749CADED749DADEE74CDCEEF7426
:101EC000B1EAF0749EADF1749FADF274A0ADF374FD
:101ED00040AEF474B2EAF57441AEF674BFC6F7745E
:101EE000C9B4F87442AEF97443AEFA7444AEFB74EC
:101EF00045AEFC7446AEFD7447AEFE7448AEFF744A
:101F0000B3EA007549AE01754AAE02754BAE037572
:101F10004CAE0475E7D505754DAE06754EAE07752A
:101F20004FAE087550AE097551AE0A7552AE0B75BD
:101F300053AE0C7554AE0D75F9DD0E7555AE0F75BB
:101F4000B4EA107556AE1175B5EA127557AE137531
:101F5000B6EA147558AE157559AE16755AAE1775A2
:101F60005BAE1875CAB81975B0DF1A75F5C91B755F
:101F70005CAE1C75F0CC1D755DAE1E755EAE1F753A
:101F8000FAC920755FAE217560AE227561AE23750A
:101F900062AE247563AE2575FBC9267564AE2775E0
:101FA00065AE2875C3D32975A6CB2A7566AE2B7589
:101FB000A6B82C75AEF02D75C2B12E7567AE2F7513
:101FC000B8E53075EFCC3175C9D33275D7BC3375F0
:101FD000EAC9347568AE3575E7B5367569AE3775DB
:101FE000D0C43875E9B539756AAE3A75AEEE3B7551
:101FF000ADBB3C756BAE3D756CAE3E75DEE73F75B7
:102000006DAE4075AFEE41756EAE42756FAE437505
:1020100070AE447571AE4575A9B3467572AE47751D
:1020200073AE4875B2EE497574AE4A7575AE4B75B0
:10203000B1EE4C75E7BD4D7576AE4E75B0EE4F7591
:10204000B7CE507577AE517578AE527579AE53757F
:102050007AAE5475CFC555757BAE56757CAE577547
:102060007DAE58757EAE5975F4C15A75CEDB5B7581
:10207000B3EE5C75F3D05D7580AE5E7581AE5F7555
:1020800082AE607583AE617584AE627585AE637530
:1020900086AE647587AE6575D4C26675E8C6677529
:1020A00088AE687589AE69758AAE6A75ACB76B75AE
:1020B0008BAE6C758CAE6D758DAE6E758EAE6F75AC
:1020C0008FAE707590AE717591AE7275B4EE73751A
:1020D00092AE7475EBB3757593AE767594AE7775F5
:1020E00095AE7875FBBB7975B5EE7A7596AE7B7556
:1020F00097AE7C7598AE7D7599AE7E759AAE7F75FC
:10210000DCE780759BAE81759CAE82759DAE837554
:10211000B6EE84759EAE85759FAE8675AEBD87752D
:10212000A0AE887540AF897541AF8A7542AF8B7597
:10213000E2F18C7543AF8D7544AF8E7545AF8F75E9
:10214000E8CA907546AF9175C9D29275DAF0937569
:1021500047AF9475DBF0957548AF9675DCF09775D1
:10216000C6C1987549AF9975EDB89A75CEBE9B7585
:102170004AAF9C754BAF9D75DEF09E754CAF9F7559
:10218000B1C5A075DDF0A175F1D1A2754DAFA375F4
:10219000E0F0A475CCB0A575EABDA6754EAFA775E5
:1021A0004FAFA87550AFA97551AFAA7552AFAB75B7
:1021B000DFD2AC75DFF0AD7553AFAE75AFB4AF75B0
:1021C000E8B7B075E6F0B175E5F0B275A3C6B375C2
:1021D000E1F0B475E2F0B575C3B4B67554AFB77538
:1021E00055AFB875E3F0B975EED5BA7556AFBB7596
:1021F00057AFBC75DBCCBD75D2BEBE75B2BCBF756A
:1022000058AFC07559AFC1755AAFC275E8F0C37504
:10221000E7F0C475E4F0C575A1B2C6755BAFC775CC
:10222000A2D6C875B8D3C975B7BECA75ACC8CB75C8
:102230005CAFCC755DAFCD75EAF0CE755EAFCF7596
:102240005FAFD07560AFD17561AFD275F7D1D3757F
:1022500062AFD475CCD6D575DBBAD675E9F0D77533
:1022600063AFD875BBB6D97564AFDA7565AFDB758A
:10227000B4CDDC7566AFDD7567AFDE75A6C6DF75FC
:1022800068AFE07569AFE1756AAFE275A1C1E3754A
:10229000EBF0E475EEF0E5756BAFE675EDF0E77524
:1022A000F0F0E875ECF0E9756CAFEA75BEBBEB7564
:1022B000EFF0EC756DAFED756EAFEE756FAFEF755E
:1022C00070AFF075B5CCF175F2F0F27571AFF375D2
:1022D00072AFF475D5B3F57573AFF67574AFF77566
:1022E00075AFF87576AFF975D4B1FA7577AFFB7540
:1022F00078AFFC75F3F0FD7579AFFE757AAFFF75B9
:10230000F4F00076F6F00176E1B402767BAF037666
:10231000F1F004767CAF0576F7F006767DAF0776B0
:102320007EAF087680AF097681AF0A76FAF00B7639
:1023300082AF0C76F8F00D7683AF0E7684AF0F7611
:1023400085AF1076F5F0117686AF127687AF1376EB
:1023500088AF147689AF1576FDF016768AAF1776BA
:10236000F9F01876FCF01976FEF01A768BAF1B7632
:10237000A1F11C768CAF1D768DAF1E768EAF1F76C9
:10238000C1CE2076A4F121768FAF2276A3F12376F9
:1023900090AF2476F6C12576FBF02676DDCA277647
:1023A00091AF287692AF2976F1B42A76F1B12B76E7
:1023B000B1CC2C7693AF2D76A6F12E7694AF2F76F6
:1023C00095AF3076A7F1317696AF327697AF337608
:1023D000ACF13476CED53576A9F1367698AF37762E
:1023E00099AF3876B3C839769AAF3A769BAF3B76D9
:1023F0009CAF3C76A2F13D769DAF3E76ABF13F7649
:10240000A8F14076A5F141769EAF42769FAF437624
:10241000AAF14476A0AF457640B0467641B0477603
:1024200042B0487643B0497644B04A7645B04B76E0
:1024300046B04C76A9B04D76ADF14E7647B04F76AA
:1024400048B0507649B051764AB052764BB0537688
:102450004CB05476AFF155764DB05676B1F1577613
:102460004EB058764FB0597650B05A7651B05B7630
:1024700052B05C76B0F15D7653B05E76AEF15F76C9
:1024800054B0607655B0617656B0627657B06376D8
:10249000A2D1647658B0657659B066765AB0677640
:1024A0005BB068765CB069765DB06A765EB06B767C
:1024B000B2F16C765FB06D7660B06E7661B06F76BB
:1024C000B3F1707662B0717663B0727664B0737691
:1024D00065B0747666B0757667B0767668B07776F4
:1024E00069B07876EFB979766AB07A766BB07B7638
:1024F000C7B57C766CB07D76D7B07E76D9B07F7666
:102500006DB080766EB081766FB08276EDD48376D2
:1025100070B08476C4B5857671B08676D4BD877682
:10252000CABB8876A7F0897672B08A7673B08B764C
:10253000DEB88C7674B08D7675B08E76A8F08F7616
:1025400076B0907677B09176A8B0927678B09376A0
:10255000A9F0947679B095767AB09676EECD9776A6
:102560007BB098767CB09976AAF09A767DB09B760F
:102570007EB09C7680B09D7681B09E7682B09F764C
:1025800083B0A07684B0A17685B0A27686B0A3761B
:1025900087B0A476ABF0A57688B0A67689B0A7768A
:1025A0008AB0A8768BB0A9768CB0AA768DB0AB76BF
:1025B0008EB0AC768FB0AD7690B0AE76A4C6AF7666
:1025C00091B0B07692B0B176E5D6B276E4F1B3765A
:1025D00093B0B476E5F1B57694B0B67695B0B776AB
:1025E00096B0B87697B0B97698B0BA7699B0BB760F
:1025F0009AB0BC769BB0BD769CB0BE769DB0BF76DF
:10260000F3C3C0769EB0C1769FB0C276DBD3C376EB
:10261000A0B0C47640B1C576D1D6C676E8C5C77637
:1026200041B1C876AFD3C97642B1CA76E6D2CB768D
:1026300043B1CC7644B1CD76C1EECE76BBB0CF7689
:10264000B5D5D076CED1D176E0BCD276D0BAD3761D
:1026500045B1D476F8BFD57646B1D676C7B8D77629
:10266000C1B5D876CCC5D97647B1DA7648B1DB7634
:10267000A2CADC7649B1DD764AB1DE764BB1DF76AF
:10268000CBC3E0764CB1E1764DB1E2764EB1E37664
:102690004FB1E47650B1E576C2EEE67651B1E77619
:1026A00052B1E87653B1E97654B1EA7655B1EB769A
:1026B00056B1EC7657B1ED7658B1EE76BFC4EF76F1
:1026C000A2B6F07659B1F176ECEDF276A4C3F376CA
:1026D0005AB1F476B1D6F5765BB1F6765CB1F776A1
:1026E0005DB1F876E0CFF976EFEDFA765EB1FB7684
:1026F0005FB1FC76CEC5FD7660B1FE76DCB6FF76C6
:1027000061B1007762B10177A1CA027763B1037743
:1027100064B10477EDED057765B1067766B10777AB
:10272000F0ED0877F1ED0977BCC30A7767B10B7755
:10273000B4BF0C7768B10D77EEED0E7769B10F7706
:102740006AB110776BB111776CB112776DB11377F5
:102750006EB114776FB1157770B1167771B11777C5
:1027600072B1187773B11977F4ED1A77F2ED1B7720
:1027700074B11C7775B11D7776B11E7777B11F776D
:10278000E6D52077DFC3217778B12277F3ED237781
:1027900079B124777AB125777BB12677F6ED277763
:1027A0007CB12877A3D52977A3D12A777DB12B7760
:1027B0007EB12C7780B12D77F5ED2E7781B12F7713
:1027C000D0C3307782B1317783B1327784B1337738
:1027D00085B1347786B13577F7ED3677F4BF377743
:1027E000ECBE3877F8ED397787B13A77F7CC3B779D
:1027F00088B13C77DBD13D7789B13E778AB13F77AD
:102800008BB14077C5D74177F6D542778CB1437706
:10281000FCED44778DB145778EB146778FB1477720
:10282000FBED487790B1497791B14A7792B14B77F8
:1028300093B14C7794B14D7795B14E7796B14F7770
:1028400097B15077F9ED5177FAED527798B1537708
:1028500099B154779AB155779BB156779CB1577718
:102860009DB158779EB159779FB15A77FDED5B774F
:10287000A6BE5C77A0B15D7740B25E7741B25F776C
:1028800042B2607743B26177AFCB6277A1EE6377F4
:10289000BDB6647744B26577A2EE6677C0C4677749
:1028A00045B26877FEED697746B26A7747B26B77D3
:1028B000DEBD6C77C7B26D7748B26E7749B26F777D
:1028C0004AB270774BB271774CB272774DB2737770
:1028D0004EB274774FB2757750B2767751B2777740
:1028E00052B2787753B27977C3B67A7754B27B779E
:1028F00055B27C7756B27D77A5EE7E77BAD87F77D2
:10290000A3EE8077A6EE817757B2827758B28377AD
:1029100059B28477E9C38577F2B386775AB287775D
:102920005BB288775CB289775DB28A775EB28B776B
:102930005FB28C77A7EE8D77A4EE8E77B9CF8F77C5
:1029400060B2907761B29177A8EE9277F7C29377F1
:1029500062B2947763B2957764B2967765B29777EF
:1029600066B2987767B2997768B29A7769B29B77BF
:102970006AB29C776BB29D776CB29E776DB29F778F
:10298000A9EEA077AAEEA1776EB2A277ABDEA3770D
:102990006FB2A47770B2A577B3C6A67771B2A777E6
:1029A000C6C7A87772B2A977F5D6AA77C9B5AB77AB
:1029B00073B2AC77B2CBAD7774B2AE7775B2AF7796
:1029C00076B2B077ABEEB17777B2B27778B2B37751
:1029D000ABCDB47779B2B577ACEEB6777AB2B777DC
:1029E0007BB2B8777CB2B9777DB2BA777EB2BB776B
:1029F000B0D5BC7780B2BD77ADEEBE7781B2BF7780
:102A0000C4F6C07782B2C17783B2C27784B2C3778B
:102A100085B2C47786B2C57787B2C67788B2C777E2
:102A200089B2C8778AB2C9778BB2CA778CB2CB77B2
:102A30008DB2CC778EB2CD77C7DBCE778FB2CF7722
:102A400090B2D07791B2D17792B2D27793B2D37756
:102A500094B2D47795B2D57796B2D67797B2D77726
:102A6000A3B4D87798B2D97799B2DA779AB2DB77EC
:102A7000ACC3DC77E6F1DD779BB2DE779CB2DF7723
:102A80009DB2E0779EB2E1779FB2E277B8CAE37772
:102A9000D3D2E477A0B2E577AAD6E67740B3E7775A
:102AA000F2EFE87741B3E977D8BEEA7742B3EB7744
:102AB000C3BDEC77F3EFED77CCB6EE77ABB0EF7745
:102AC00043B3F07744B3F17745B3F27746B3F37786
:102AD000AFCAF47747B3F57748B3F677B6EDF77733
:102AE00049B3F877B7EDF9774AB3FA774BB3FB7789
:102AF0004CB3FC774DB3FD77F9CEFE77AFB7FF77D8
:102B0000F3BF0078B8ED0178EBC20278B0C9037862
:102B10004EB304784FB3057850B3067851B30778B5
:102B200052B3087853B30978B9ED0A7854B30B78E7
:102B300055B30C78F6C60D78B3BF0E7856B30F7840
:102B400057B3107858B31178BCED1278F8C51378E4
:102B500059B31478D0D115785AB31678A9D7177805
:102B6000BAED1878BBED19785BB31A78E2D11B780F
:102B70005CB31C78BFED1D78C0ED1E785DB31F7887
:102B8000C4ED20785EB321785FB3227860B32378F8
:102B9000C8ED247861B32578C6ED2678CEED277888
:102BA000E8D5287862B32978C9ED2A7863B32B7801
:102BB00064B32C78C7ED2D78BEED2E7865B32F78F1
:102BC00066B33078E9C5317867B3327868B3337863
:102BD00069B33478C6C635786AB336786BB337785C
:102BE000E9C93878D2D43978C1ED3A78C2ED3B786A
:102BF000C3ED3C78C5ED3D786CB33E78F9C03F78C5
:102C00006DB34078A1B441786EB342786FB3437826
:102C100070B3447871B34578E8B9467872B34778B1
:102C2000D0ED487873B3497874B34A7875B34B786C
:102C300076B34C78D1ED4D7877B34E78CAED4F78B6
:102C400078B35078CFED517879B35278F8CE537885
:102C50007AB354787BB35578B6CB5678CCED5778A9
:102C6000CDED58787CB359787DB35A787EB35B78D4
:102C700080B35C7881B35D78F5CF5E7882B35F789E
:102C800083B3607884B3617885B3627886B3637800
:102C900087B3647888B3657889B366788AB36778D0
:102CA0008BB368788CB369788DB36A78D2ED6B7822
:102CB000F2C16C78B2D36D78CBED6E78B7C86F780F
:102CC0008EB370788FB3717890B3727891B3737854
:102CD00092B3747893B3757894B3767895B3777824
:102CE000EFBC787896B3797897B37A7898B37B7895
:102CF00099B37C78F0C57D789AB37E789BB37F7862
:102D00009CB380789DB381789EB382789FB383789B
:102D1000A0B3847840B4857841B4867842B487788B
:102D2000D6ED887843B48978EFB58A7844B48B7847
:102D300045B48C78B5C28D78ADB08E78E9CB8F78FC
:102D400046B4907847B49178AEB1927848B493780D
:102D5000D4ED947849B495784AB496784BB4977882
:102D6000EBCD9878E2B599784CB49A78D5ED9B780C
:102D7000D3ED9C78D7ED9D784DB49E784EB49F7876
:102D8000FAB5A0784FB4A178D8EDA27850B4A37862
:102D9000D9EDA47851B4A578DCEDA67852B4A77823
:102DA000CCB1A87853B4A97854B4AA7855B4AB7808
:102DB00056B4AC7857B4AD7858B4AE7859B4AF784F
:102DC0005AB4B078F6C5B178EEBCB278DAEDB37823
:102DD000BCCCB478EAB2B5785BB4B6785CB4B778FA
:102DE0005DB4B8785EB4B978DBEDBA785FB4BB781F
:102DF00060B4BC7861B4BD7862B4BE78EBC4BF780F
:102E000063B4C07864B4C178C5B4C27865B4C3781B
:102E100066B4C47867B4C578F5B0C67868B4C778C6
:102E200069B4C8786AB4C978DFEDCA78DAC0CB78FB
:102E3000E8B4CC786BB4CD786CB4CE786DB4CF7880
:102E40006EB4D078CDC5D1786FB4D27870B4D37861
:102E500071B4D478DDEDD578C4BFD67872B4D778A4
:102E600073B4D87874B4D978DEEDDA7875B4DB78D9
:102E700076B4DC7877B4DD7878B4DE7879B4DF784E
:102E80007AB4E0787BB4E1787CB4E2787DB4E3781E
:102E90007EB4E47880B4E57881B4E67882B4E778EB
:102EA00083B4E878A5C4E97884B4EA7885B4EB788B
:102EB00086B4EC78E0EDED7887B4EE7888B4EF78FE
:102EC00089B4F0788AB4F1788BB4F278E1EDF378D4
:102ED0008CB4F478E3EDF5788DB4F6788EB4F778A9
:102EE000D7C1F8788FB4F97890B4FA78C7BBFB787B
:102EF00091B4FC7892B4FD7893B4FE7894B4FF78E2
:102F000095B4007996B40179B8BD027997B4037984
:102F100098B4047999B40579E2ED06799AB4077901
:102F20009BB408799CB409799DB40A799EB40B7955
:102F30009FB40C79A0B40D7940B50E7941B50F79E5
:102F400042B5107943B5117944B5127945B5137975
:102F5000E4ED147946B5157947B5167948B5177972
:102F600049B518794AB519794BB51A794CB51B7919
:102F70004DB51C794EB51D794FB51E79E6ED1F791B
:102F800050B5207951B5217952B5227953B52379BD
:102F900054B52479E5ED257955B5267956B52779C7
:102FA00057B5287958B5297959B52A795AB52B7961
:102FB0005BB52C795CB52D795DB52E795EB52F7931
:102FC0005FB5307960B5317961B5327962B5337901
:102FD00063B53479E7ED357964B5367965B5377918
:102FE00066B5387967B5397968B53A79BECA3B793B
:102FF000EAEC3C79F1C03D7969B53E79E7C93F79A2
:103000006AB54079EBEC4179EEC642796BB543790C
:103010006CB544796DB545796EB54679ECEC477978
:103020006FB54879EDC64979EDEC4A7970B54B79C1
:1030300071B54C7972B54D7973B54E7974B54F79D8
:1030400075B5507976B5517977B5527978B55379A8
:10305000F0EC547979B555797AB55679E6D7577940
:10306000F3EC58797BB559797CB55A79F1EC5B79F9
:10307000EEEC5C79EFEC5D79A3D75E79F1C95F790D
:10308000EECB6079F4EC61797DB56279F2EC63792D
:103090007EB5647980B56579E9CF667981B5677960
:1030A000F6EC6879B1C6697982B56A7983B56B79CE
:1030B00084B56C7985B56D79C0BC6E7986B56F794C
:1030C000F5EC707987B5717988B5727989B57379BE
:1030D0008AB574798BB575798CB576798DB5777934
:1030E000BBB57879F6BB79798EB57A79F7EC7B79CF
:1030F0008FB57C7990B57D7991B57E7992B57F79E0
:1031000093B58079F7D98179FBBD827994B58379BC
:1031100095B58479BBC28579F8EC867996B58779BF
:1031200097B5887998B5897999B58A79F9EC8B79C9
:103130009AB58C799BB58D799CB58E799DB58F7933
:10314000A3B890799EB591799FB59279A0B59379FE
:1031500040B6947941B6957942B6967943B6977957
:1031600044B6987945B6997946B69A79FAEC9B793E
:1031700047B69C7948B69D7949B69E794AB69F79FB
:103180004BB6A0794CB6A1794DB6A2794EB6A379CB
:103190004FB6A47950B6A57951B6A67952B6A7799B
:1031A000FBECA87953B6A97954B6AA7955B6AB7990
:1031B00056B6AC7957B6AD7958B6AE7959B6AF793F
:1031C0005AB6B0795BB6B1795CB6B2795DB6B3790F
:1031D000FCECB4795EB6B5795FB6B67960B6B7790E
:1031E00061B6B87962B6B979EDD3BA79AED8BB79A0
:1031F000EBC0BC7963B6BD79DDC7BE79CCBABF7907
:1032000064B6C079E3D0C179BDCBC27965B6C37964
:10321000BACDC47966B6C57967B6C679D1B8C7796B
:1032200068B6C87969B6C979FCB1CA796AB6CB798A
:10323000EFC7CC796BB6CD79D6D6CE796CB6CF79CF
:103240006DB6D0796EB6D179C6BFD279EBC3D379DA
:103250006FB6D47970B6D579F5EFD67971B6D779DE
:1032600072B6D879D8C3D97973B6DA7974B6DB79FE
:1032700075B6DC7976B6DD7977B6DE7978B6DF7942
:10328000E2D7E07979B6E1797AB6E2797BB6E3798B
:10329000F7EFE479D3B3E5797CB6E679D8C7E77977
:1032A000EDD1E8797DB6E979C8D6EA797EB6EB79D1
:1032B000F8EFEC7980B6ED79F6EFEE7981B6EF793B
:1032C000FDBBF079C6B3F17982B6F27983B6F379B2
:1032D00084B6F47985B6F57986B6F67987B6F77946
:1032E00088B6F879D5BDF97989B6FA798AB6FB79C5
:1032F000C6D2FC798BB6FD79E0BBFE798CB6FF793E
:103300008DB6007AA1CF017A8EB6027AFCEF037AED
:10331000FBEF047A8FB6057A90B6067AF9EF077A52
:1033200091B6087A92B6097A93B60A7A94B60B7A6D
:10333000CCB30C7A95B60D7AD4C90E7AB0CB0F7A8D
:1033400096B6107A97B6117A98B6127A99B6137A19
:103350009AB6147AFEEF157A9BB6167A9CB6177A4F
:10336000DEB0187A9DB6197A9EB61A7AC9D61B7A3B
:103370009FB61C7AA0B61D7A40B71E7AFDEF1F7A61
:1033800041B7207AEDB3217A42B7227A43B7237A44
:10339000D5F6247A44B7257A45B7267A46B7277AF0
:1033A00047B7287A48B7297A49B72A7A4AB72B7A91
:1033B0004BB72C7A4CB72D7A4DB72E7A4EB72F7A61
:1033C0004FB7307A50B7317A51B7327A52B7337A31
:1033D000C8CE347A53B7357A54B7367A55B7377A78
:1033E000A2F0387A56B7397AA1F03A7A57B73B7AD1
:1033F000BEB53C7ADABC3D7AFCBB3E7A58B73F7A20
:10340000E5B8407A59B7417A5AB7427A5BB7437AFE
:103410005CB7447A5DB7457A5EB7467AC2C4477AEC
:103420005FB7487A60B7497A61B74A7A62B74B7A30
:1034300063B74C7A64B74D7A65B74E7A66B74F7A00
:1034400067B7507A68B7517AA3F0527A69B7537A5E
:103450006AB7547A6BB7557A6CB7567A6DB7577AA4
:10346000EBCB587A6EB7597A6FB75A7A70B75B7AE6
:1034700071B75C7A72B75D7A73B75E7A74B75F7A48
:1034800075B7607A76B7617A77B7627A78B7637A18
:1034900079B7647A7AB7657A7BB7667A7CB7677AE8
:1034A0007DB7687A7EB7697A80B76A7A81B76B7AB6
:1034B00082B76C7A83B76D7A84B76E7A85B76F7A84
:1034C00086B7707AA6F0717A87B7727A88B7737AFE
:1034D00089B7747AA8D1757A8AB7767ABFBE777AB7
:1034E000EEC7787AB6F1797AB7F17A7AD5BF7B7A76
:1034F0008BB77C7A8CB77D7A8DB77E7A8EB77F7AE0
:10350000A9B4807AB8F1817ABBCD827A8FB7837AF9
:10351000D4C7847AADD5857A90B7867AB9F1877A9F
:1035200091B7887ABAF1897A92B78A7A93B78B7A07
:1035300094B78C7A95B78D7ACFC78E7A96B78F7AF3
:1035400097B7907A98B7917AA4D2927ACFD6937A95
:1035500099B7947A9AB7957ABBF1967AD1BD977A52
:10356000B0B4987ABDBE997A9BB79A7A9CB79B7A89
:103570009DB79C7ADCB49D7AD1CE9E7A9EB79F7A15
:10358000DFBFA07ABDF1A17A9FB7A27AA0B7A37AD4
:1035900040B8A47A41B8A57AFABFA67ABCF1A77A56
:1035A00042B8A87ABFF1A97A43B8AA7A44B8AB7AEC
:1035B00045B8AC7ABEF1AD7AC0F1AE7A46B8AF7A12
:1035C00047B8B07A48B8B17A49B8B27A4AB8B37A4B
:1035D000C1F1B47A4BB8B57A4CB8B67A4DB8B77A6F
:1035E0004EB8B87A4FB8B97A50B8BA7A51B8BB7AEF
:1035F00052B8BC7A53B8BD7A54B8BE7A55B8BF7ABF
:10360000FEC1C07A56B8C17A57B8C27A58B8C37AE0
:1036100059B8C47A5AB8C57A5BB8C67A5CB8C77A62
:103620005DB8C87A5EB8C97A5FB8CA7A60B8CB7A32
:10363000A2C1CC7A61B8CD7A62B8CE7A63B8CF7ABB
:1036400064B8D07A65B8D17A66B8D27A67B8D37AD6
:1036500068B8D47A69B8D57A6AB8D67AFACAD77A05
:103660006BB8D87A6CB8D97ABED5DA7A6DB8DB7A0D
:103670006EB8DC7A6FB8DD7A70B8DE7ABABEDF7AFF
:10368000B9BEE07AC2D5E17A71B8E27A72B8E37A6B
:10369000A2BFE47A73B8E57AAFCDE67AB5F1E77AFE
:1036A00074B8E87A75B8E97A76B8EA7A77B8EB7AD6
:1036B00078B8EC7A79B8ED7ADFBDEE7A7AB8EF7A3D
:1036C000CBB6F07A7BB8F17A7CB8F27A7DB8F37A2F
:1036D0007EB8F47A80B8F57A81B8F67A82B8F77A4B
:1036E00083B8F87A84B8F97AF1D6FA7AC3F3FB7A18
:1036F00085B8FC7A86B8FD7AC4F3FE7A87B8FF7A7B
:10370000CDB8007B88B8017B89B8027B8AB8037B7F
:10371000C6F3047BC7F3057B8BB8067BCAB0077B77
:103720008CB8087BC5F3097B8DB80A7BC9F30B7B8A
:10373000F1CB0C7B8EB80D7B8FB80E7B90B80F7BD6
:10374000CBF3107B91B8117BA6D0127B92B8137B80
:1037500093B8147BCAB1157BC8F3167B94B8177B5A
:1037600095B8187B96B8197BCFF31A7B97B81B7B5B
:10377000D1B51C7B98B81D7B99B81E7BD7F31F7BF6
:103780009AB8207BD2F3217B9BB8227B9CB8237B09
:103790009DB8247BD4F3257BD3F3267BFBB7277B13
:1037A0009EB8287BBFB1297B9FB82A7BCEF32B7BA9
:1037B000CAF32C7BDAB52D7BA0B82E7BD0F32F7B00
:1037C00040B9307B41B9317BD1F3327B42B9337B95
:1037D000D5F3347B43B9357B44B9367B45B9377B68
:1037E00046B9387BCDF3397B47B93A7BE3BC3B7BA9
:1037F00048B93C7BFDC13D7B49B93E7BD6F33F7B5D
:103800004AB9407B4BB9417B4CB9427B4DB9437BB4
:103810004EB9447B4FB9457BDAF3467B50B9477BC1
:10382000CCF3487B51B9497BC8B54A7B52B94B7B35
:10383000EEBD4C7BDCF34D7B53B94E7B54B94F7BD3
:10384000A4B7507BF0BF517BFED6527BB2CD537BE9
:1038500055B9547BF0B4557B56B9567BDFB2577BD4
:1038600057B9587BD8F3597B58B95A7BD9F35B7B4E
:10387000B8C95C7B59B95D7BDDF35E7B5AB95F7B70
:103880005BB9607BDEF3617B5CB9627BE1F3637BF8
:103890005DB9647B5EB9657B5FB9667B60B9677B48
:1038A00061B9687B62B9697B63B96A7B64B96B7B18
:1038B00065B96C7B66B96D7B67B96E7BDFF36F7B37
:1038C00068B9707B69B9717BE3F3727BE2F3737B58
:1038D0006AB9747B6BB9757BDBF3767B6CB9777BEC
:1038E000EABF787B6DB9797BEFB37A7B6EB97B7B6E
:1038F000E0F37C7B6FB97D7B70B97E7BA9C77F7B52
:1039000071B9807BF2BC817B72B9827B73B9837B96
:1039100074B9847B75B9857BEBF3867B76B9877B3D
:1039200077B9887B78B9897B79B98A7B7AB98B7BBF
:103930007BB98C7B7CB98D7BBFB98E7B7DB98F7B4E
:103940007EB9907BE4F3917B80B9927B81B9937BC4
:1039500082B9947BADB2957BFEBB967B83B9977B96
:10396000E3CB987B84B9997B85B99A7B86B99B7B9D
:1039700087B99C7BEDF39D7BE9F39E7B88B99F7BA8
:1039800089B9A07B8AB9A17BDCB9A27BEEF3A37BCA
:103990008BB9A47B8CB9A57B8DB9A67BE5F3A77BFE
:1039A000E6F3A87BEAF3A97BE1C2AA7BECF3AB7B4D
:1039B000EFF3AC7BE8F3AD7BFDBCAE7B8EB9AF7BA8
:1039C0008FB9B07B90B9B17BE4CFB27B91B9B37BB7
:1039D00092B9B47BF0F3B57B93B9B67B94B9B77B5E
:1039E00095B9B87BE7F3B97B96B9BA7B97B9BB7B3E
:1039F00098B9BC7B99B9BD7B9AB9BE7B9BB9BF7B9B
:103A00009CB9C07B9DB9C17BF2F3C27B9EB9C37BDD
:103A10009FB9C47BA0B9C57B40BAC67BADD7C77B75
:103A2000AAC6C87B41BAC97B42BACA7B43BACB7B20
:103A300044BACC7BF3F3CD7B45BACE7B46BACF7B81
:103A400047BAD07B48BAD17BF1F3D27B49BAD37B5A
:103A5000A8C2D47B4ABAD57B4BBAD67B4CBAD77BAB
:103A60004DBAD87B4EBAD97BDDB8DA7BF5F3DB7B78
:103A70004FBADC7B50BADD7BF4F3DE7B51BADF7BDF
:103A800052BAE07B53BAE17BDBB4E27B54BAE37B0E
:103A900055BAE47B56BAE57BF6F3E67BF7F3E77BB2
:103AA00057BAE87B58BAE97B59BAEA7BF8F3EB7B63
:103AB0005ABAEC7B5BBAED7B5CBAEE7BBAC0EF7BAB
:103AC0005DBAF07B5EBAF17BE9C0F27B5FBAF37B53
:103AD00060BAF47B61BAF57B62BAF67B63BAF77BB6
:103AE000F1C5F87B64BAF97B65BAFA7B66BAFB7BF1
:103AF00067BAFC7BFBF3FD7B68BAFE7BFAF3FF7BC6
:103B000069BA007C6ABA017C6BBA027C6CBA037C2D
:103B10006DBA047C6EBA057C6FBA067C70BA077CFD
:103B2000D8B4087C71BA097C72BA0A7C73BA0B7C6F
:103B3000FEF30C7CF9F30D7C74BA0E7C75BA0F7C25
:103B4000FCF3107C76BA117C77BA127C78BA137CBD
:103B500079BA147C7ABA157C7BBA167CFDF3177C93
:103B60007CBA187C7DBA197C7EBA1A7C80BA1B7C20
:103B700081BA1C7C82BA1D7C83BA1E7C84BA1F7CED
:103B8000A1F4207C85BA217C86BA227C87BA237C6A
:103B900088BA247C89BA257C8ABA267CA3F4277C3F
:103BA000C9BB287C8BBA297C8CBA2A7CA2F42B7CDA
:103BB0008DBA2C7C8EBA2D7C8FBA2E7C90BA2F7C3D
:103BC00091BA307C92BA317C93BA327C94BA337C0D
:103BD00095BA347C96BA357C97BA367C98BA377CDD
:103BE00099BA387CA4F4397C9ABA3A7C9BBA3B7C6B
:103BF0009CBA3C7C9DBA3D7C9EBA3E7C9FBA3F7C81
:103C0000BEB2407CA6F4417CA5F4427CA0BA437CC1
:103C100040BB447C41BB457C42BB467C43BB477CAC
:103C200044BB487C45BB497C46BB4A7C47BB4B7C7C
:103C300048BB4C7C49BB4D7CAEBC4E7C4ABB4F7CE8
:103C40004BBB507C4CBB517C4DBB527C4EBB537C20
:103C50004FBB547C50BB557C51BB567C52BB577CF0
:103C600053BB587C54BB597C55BB5A7C56BB5B7CC0
:103C700057BB5C7C58BB5D7C59BB5E7C5ABB5F7C90
:103C80005BBB607C5CBB617C5DBB627C5EBB637C60
:103C90005FBB647C60BB657C61BB667C62BB677C30
:103CA00063BB687C64BB697C65BB6A7C66BB6B7C00
:103CB00067BB6C7C68BB6D7C69BB6E7C6ABB6F7CD0
:103CC0006BBB707C6CBB717C6DBB727C6EBB737CA0
:103CD000D7C3747CE1D9757C6FBB767C70BB777C75
:103CE00071BB787C72BB797C73BB7A7C74BB7B7C48
:103CF000E0C07C7CCCF47D7CD1D77E7C75BB7F7CA6
:103D000076BB807C77BB817C78BB827C79BB837CF3
:103D10007ABB847C7BBB857C7CBB867C7DBB877CC3
:103D20007EBB887C80BB897CDBB78A7C81BB8B7C3B
:103D300082BB8C7C83BB8D7C84BB8E7C85BB8F7C63
:103D400086BB907C87BB917CCEF4927CA3C1937C94
:103D500088BB947C89BB957CC9C6967C8ABB977CC2
:103D6000D6B4987CB3D5997C8BBB9A7C8CBB9B7C5E
:103D70008DBB9C7CD0F49D7CCFF49E7CD1F49F7C49
:103D8000DACBA07C8EBBA17C8FBBA27CD2F4A37CBF
:103D900090BBA47CC1D4A57CE0D6A67C91BBA77CBB
:103DA00092BBA87C93BBA97C94BBAA7CE0B7AB7CFC
:103DB00095BBAC7C96BBAD7C97BBAE7CB8C1AF7CF1
:103DC00098BBB07C99BBB17CBBC1B27CD3F4B37C53
:103DD000ACBEB47C9ABBB57C9BBBB67C9CBBB77CB1
:103DE0009DBBB87C9EBBB97CE2B4BA7C9FBBBB7C5C
:103DF000A0BBBC7CD4F4BD7CD5F4BE7CABBEBF7C88
:103E000040BCC07C41BCC17CD6F4C27C42BCC37CFB
:103E100043BCC47C44BCC57CDBF4C67C45BCC77CCD
:103E2000D7F4C87CDAF4C97C46BCCA7CFDBACB7C2A
:103E300047BCCC7CD8F4CD7CD9F4CE7C48BCCF7CBC
:103E400049BCD07C4ABCD17C4BBCD27C4CBCD37C22
:103E50004DBCD47C4EBCD57CE2B8D67CC7CCD77CDC
:103E6000DCF4D87C4FBCD97CDAB2DA7C50BCDB7C89
:103E700051BCDC7CD3C3DD7C52BCDE7C53BCDF7C1C
:103E8000E3D4E07CB7BFE17C54BCE27C55BCE37C6E
:103E900056BCE47C57BCE57C58BCE67C59BCE77C4E
:103EA0005ABCE87CDDF4E97C5BBCEA7C5CBCEB7C66
:103EB0005DBCEC7C5EBCED7C5FBCEE7C60BCEF7CF2
:103EC000B4C5F07C61BCF17C62BCF27C63BCF37C69
:103ED00064BCF47C65BCF57C66BCF67C67BCF77C96
:103EE00068BCF87CE9F4F97C69BCFA7C6ABCFB7CB0
:103EF000B5CFFC7C6BBCFD7C6CBCFE7C6DBCFF7CE0
:103F00006EBC007D6FBC017D70BC027D71BC037D09
:103F100072BC047D73BC057D74BC067D75BC077DD9
:103F200076BC087D77BC097D78BC0A7DC9CE0B7D47
:103F300079BC0C7D7ABC0D7D7BBC0E7D7CBC0F7D7D
:103F40007DBC107D7EBC117D80BC127D81BC137D4B
:103F500082BC147D83BC157D84BC167D85BC177D19
:103F600086BC187D87BC197D88BC1A7D89BC1B7DE9
:103F70008ABC1C7D8BBC1D7D8CBC1E7D8DBC1F7DB9
:103F80008EBC207DD8CB217D8FBC227DF7CB237DBD
:103F900090BC247D91BC257D92BC267D93BC277D61
:103FA000F4BD287D94BC297D95BC2A7D96BC2B7DD3
:103FB000CFD72C7D97BC2D7D98BC2E7D99BC2F7DB5
:103FC000DBC0307D9ABC317D9BBC327D9CBC337D97
:103FD0009DBC347D9EBC357D9FBC367DA0BC377DAD
:103FE00040BD387D41BD397D42BD3A7D43BD3B7DFD
:103FF00044BD3C7D45BD3D7D46BD3E7D47BD3F7DCD
:1040000048BD407D49BD417D4ABD427D4BBD437D9C
:104010004CBD447D4DBD457D4EBD467D4FBD477D6C
:1040200050BD487D51BD497D52BD4A7D53BD4B7D3C
:1040300054BD4C7D55BD4D7D56BD4E7D57BD4F7D0C
:1040400058BD507D59BD517D5ABD527D5BBD537DDC
:104050005CBD547D5DBD557D5EBD567D5FBD577DAC
:1040600060BD587D61BD597D62BD5A7D63BD5B7D7C
:1040700064BD5C7D65BD5D7D66BD5E7D67BD5F7D4C
:1040800068BD607D69BD617D6ABD627D6BBD637D1C
:104090006CBD647D6DBD657D6EBD667D6FBD677DEC
:1040A00070BD687D71BD697D72BD6A7D73BD6B7DBC
:1040B00074BD6C7D75BD6D7D76BD6E7DF5D06F7DFB
:1040C00077BD707D78BD717D79BD727D7ABD737D60
:1040D0007BBD747D7CBD757D7DBD767D7EBD777D30
:1040E000EAF4787D80BD797D81BD7A7D82BD7B7D5E
:1040F00083BD7C7D84BD7D7D85BD7E7D86BD7F7DD0
:1041000087BD807D88BD817D89BD827D8ABD837D9F
:104110008BBD847D8CBD857D8DBD867D8EBD877D6F
:104120008FBD887D90BD897D91BD8A7D92BD8B7D3F
:1041300093BD8C7D94BD8D7D95BD8E7D96BD8F7D0F
:1041400097BD907D98BD917D99BD927D9ABD937DDF
:104150009BBD947D9CBD957D9DBD967D9EBD977DAF
:104160009FBD987DA0BD997D40BE9A7D41BE9B7D3F
:1041700042BE9C7D43BE9D7D44BE9E7D45BE9F7DCF
:1041800046BEA07D47BEA17D48BEA27D49BEA37D9F
:104190004ABEA47D4BBEA57D4CBEA67DEBF4A77D9B
:1041A0004DBEA87D4EBEA97D4FBEAA7D50BEAB7D43
:1041B00051BEAC7D52BEAD7D53BEAE7DECF4AF7D45
:1041C00054BEB07D55BEB17D56BEB27D57BEB37DE7
:1041D00058BEB47D59BEB57D5ABEB67D5BBEB77DB7
:1041E0005CBEB87D5DBEB97D5EBEBA7D5FBEBB7D87
:1041F00060BEBC7D61BEBD7D62BEBE7D63BEBF7D57
:1042000064BEC07D65BEC17D66BEC27D67BEC37D26
:1042100068BEC47D69BEC57D6ABEC67D6BBEC77DF6
:104220006CBEC87D6DBEC97D6EBECA7D6FBECB7DC6
:1042300070BECC7D71BECD7D72BECE7D73BECF7D96
:1042400074BED07D75BED17D76BED27D77BED37D66
:1042500078BED47D79BED57D7ABED67D7BBED77D36
:104260007CBED87D7DBED97D7EBEDA7D80BEDB7D05
:1042700081BEDC7D82BEDD7D83BEDE7D84BEDF7DD2
:1042800085BEE07D86BEE17D87BEE27D88BEE37DA2
:1042900089BEE47D8ABEE57D8BBEE67D8CBEE77D72
:1042A0008DBEE87D8EBEE97D8FBEEA7D90BEEB7D42
:1042B00091BEEC7D92BEED7D93BEEE7D94BEEF7D12
:1042C00095BEF07D96BEF17D97BEF27D98BEF37DE2
:1042D00099BEF47D9ABEF57D9BBEF67D9CBEF77DB2
:1042E0009DBEF87D9EBEF97D9FBEFA7DA0BEFB7D82
:1042F00040BFFC7D41BFFD7D42BFFE7D43BFFF7DD2
:1043000044BF007E45BF017E46BF027E47BF037E9D
:1043100048BF047E49BF057E4ABF067E4BBF077E6D
:104320004CBF087E4DBF097E4EBF0A7E4FBF0B7E3D
:1043300050BF0C7E51BF0D7E52BF0E7E53BF0F7E0D
:1043400054BF107E55BF117E56BF127E57BF137EDD
:1043500058BF147E59BF157E5ABF167E5BBF177EAD
:104360005CBF187E5DBF197E5EBF1A7E5FBF1B7E7D
:1043700060BF1C7E61BF1D7E62BF1E7E63BF1F7E4D
:1043800064BF207E65BF217E66BF227E67BF237E1D
:1043900068BF247E69BF257E6ABF267E6BBF277EED
:1043A0006CBF287E6DBF297E6EBF2A7E6FBF2B7EBD
:1043B00070BF2C7E71BF2D7E72BF2E7E73BF2F7E8D
:1043C00074BF307E75BF317E76BF327E77BF337E5D
:1043D00078BF347E79BF357E7ABF367E7BBF377E2D
:1043E0007CBF387E7DBF397E7EBF3A7E80BF3B7EFC
:1043F000E3F73C7E81BF3D7E82BF3E7E83BF3F7E32
:1044000084BF407E85BF417EB1B7427E86BF437E7A
:1044100087BF447E88BF457E89BF467E8ABF477E70
:10442000EDF4487E8BBF497E8CBF4A7E8DBF4B7EAC
:104430008EBF4C7E8FBF4D7E90BF4E7E91BF4F7E14
:1044400092BF507E93BF517E94BF527E95BF537EE4
:1044500096BF547E97BF557E98BF567E99BF577EB4
:104460009ABF587E9BBF597E9CBF5A7E9DBF5B7E84
:104470009EBF5C7E9FBF5D7EA0BF5E7E40C05F7EB4
:1044800041C0607E42C0617E43C0627E44C0637EA4
:1044900045C0647E46C0657E47C0667E48C0677E74
:1044A00049C0687E4AC0697E4BC06A7E4CC06B7E44
:1044B0004DC06C7E4EC06D7E4FC06E7E50C06F7E14
:1044C00051C0707E52C0717E53C0727E54C0737EE4
:1044D00055C0747E56C0757E57C0767E58C0777EB4
:1044E00059C0787E5AC0797E5BC07A7E5CC07B7E84
:1044F0005DC07C7E5EC07D7E5FC07E7E60C07F7E54
:1045000061C0807E62C0817E63C0827EEBD7837E85
:1045100064C0847E65C0857E66C0867E67C0877EF7
:1045200068C0887E69C0897E6AC08A7E6BC08B7EC7
:104530006CC08C7E6DC08D7E6EC08E7E6FC08F7E97
:1045400070C0907E71C0917E72C0927E73C0937E67
:1045500074C0947E75C0957E76C0967E77C0977E37
:1045600078C0987E79C0997E7AC09A7E7BC09B7E07
:10457000EEF49C7E7CC09D7E7DC09E7E7EC09F7E34
:10458000F9E6A07EC0BEA17EFAE6A27EECBAA37ECA
:10459000FBE6A47ECBCFA57EFCE6A67EBCD4A77EA0
:1045A000B6BCA87EFDE6A97EFEE6AA7ECDBCAB7EAB
:1045B000D2C8AC7EB3CEAD7EA1E7AE7E80C0AF7E6A
:1045C000BFB4B07EA2E7B17EB4C9B27ED9B8B37E23
:1045D000C9C4B47E81C0B57EDDD7B67EDAC2B77EEF
:1045E000D7B7B87EBDD6B97EC6CEBA7EC4B7BB7EBD
:1045F00082C0BC7E83C0BD7EA6C5BE7EA3E7BF7E53
:10460000DFCFC07EA4E7C17EA5E7C27EA6E7C37E5A
:10461000B7C1C47EE9D7C57EF0C9C67EB8CFC77E14
:10462000AFD6C87ED5D6C97EA7E7CA7EEDB0CB7E11
:10463000A8E7CC7EA9E7CD7EDCC9CE7EEFD2CF7EC7
:10464000ADBED07EAAE7D17EF3B0D27EDEC8D37EE7
:10465000E1BDD47EABE7D57EC6C8D67E84C0D77E0A
:10466000ACE7D87EE6BBD97EF8B8DA7EA4D1DB7E93
:10467000ADE7DC7EE7C2DD7EF8BEDE7ECABDDF7E52
:10468000B3CDE07EAEE7E17EAFE7E27EEEBEE37E55
:10469000E5D0E47E85C0E57EE7CBE67ED0CCE77E44
:1046A000CCBCE87EB0E7E97EA8BCEA7EF7D0EB7E22
:1046B000B1E7EC7E86C0ED7EF8D0EE7EB2E7EF7E0D
:1046C000B3E7F07EC2B4F17EB4E7F27EB5E7F37EE5
:1046D000FEC9F47EACCEF57EE0C3F67EB7E7F77E8A
:1046E000C1B1F87EF1B3F97E87C0FA7EB8E7FB7EF0
:1046F000B9E7FC7EDBD7FD7EC0D5FE7EBAE7FF7E44
:10470000CCC2007FBAD7017FBBE7027FBCE7037F43
:10471000BDE7047FEABC057FE5C3067FC2C0077F13
:10472000BEE7087FBFE7097FA9BC0A7F88C00B7F6F
:10473000C0E70C7FC1E70D7FB6E70E7FD0B60F7FD5
:10474000C2E7107F89C0117FC3E7127FC4E7137FE0
:10475000BABB147FDEB5157FC6C2167FE0B1177FE6
:10476000C5E7187FB5D4197FC6E71A7FBFB81B7F8E
:10477000C8E71C7FC7E71D7FECB71E7F8AC01F7F7D
:10478000C9E7207FF8B2217FCAE7227FCBE7237FEA
:10479000CCE7247FCDE7257FCEE7267FCFE7277FB5
:1047A000D0E7287FA7D3297FF5CB2A7FD1E72B7FBE
:1047B000D2E72C7FD3E72D7FD4E72E7FC9C92F7F87
:1047C000D5E7307FD6E7317FD7E7327FD8E7337F31
:1047D000D9E7347FC9BD357FDAE7367FBEF3377F4F
:1047E0008BC0387FD7B8397F8CC03A7FB1C83B7F48
:1047F0008DC03C7F8EC03D7F8FC03E7F90C03F7F8D
:1048000091C0407F92C0417F93C0427FBFF3437FFE
:1048100094C0447FC0F3457FC1F3467F95C0477F76
:1048200096C0487F97C0497F98C04A7F99C04B7F08
:104830009AC04C7F9BC04D7F9CC04E7F9DC04F7FD8
:104840009EC0507FDEB9517FF8CD527F9FC0537F0D
:10485000A0C0547FE8D8557FB1BA567F40C1577F7A
:10486000DEC2587FB7EE597F41C15A7FA3B75B7F45
:1048700042C15C7F43C15D7F44C15E7F45C15F7FB4
:10488000B9EE607F46C1617FB8EE627FD5B0637FCD
:1048900047C1647F48C1657F49C1667F4AC1677F60
:1048A0004BC1687FBBEE697FD6D56A7FEFD76B7F40
:1048B0004CC16C7F4DC16D7F4EC16E7FC3D66F7F83
:1048C0004FC1707F50C1717FBDEE727FF0CA737FA0
:1048D00051C1747FBCEE757F52C1767F53C1777F23
:1048E00054C1787F55C1797FBEEE7A7F56C17B7FF8
:1048F00057C17C7F58C17D7F59C17E7FC0EE7F7FCD
:104900005AC1807F5BC1817FBFEE827F5CC1837FA4
:104910005DC1847F5EC1857F5FC1867F60C1877F07
:1049200061C1887F62C1897F63C18A7FF2D18B7F39
:1049300064C18C7FBCC78D7F65C18E7FC0C38F7FF4
:1049400066C1907F67C1917F68C1927F69C1937F83
:104950006AC1947FE1B8957F6BC1967F6CC1977FE8
:104960006DC1987F6EC1997F6FC19A7FE7C19B7FB0
:1049700070C19C7F71C19D7FC6F49E7FDFD09F7FF9
:10498000C7F4A07F72C1A17FDBCFA27F73C1A37FD9
:1049900074C1A47FBAC8A57F75C1A67F76C1A77F61
:1049A000C8F4A87F77C1A97F78C1AA7F79C1AB7FFE
:1049B0007AC1AC7F7BC1AD7F7CC1AE7F7DC1AF7F53
:1049C000C9F4B07FCAF4B17F7EC1B27FCBF4B37FAC
:1049D00080C1B47F81C1B57F82C1B67F83C1B77FFB
:1049E00084C1B87FFAD9B97FFEB8BA7F85C1BB7FD1
:1049F00086C1BC7FF1E5BD7FF0D3BE7F87C1BF7F9D
:104A0000E0F4C07F88C1C17FCCCEC27F89C1C37FA3
:104A10008AC1C47F8BC1C57FE1B3C67F8CC1C77F0C
:104A20008DC1C87F8EC1C97F8FC1CA7FB4F1CB7FD2
:104A300090C1CC7FEED2CD7F91C1CE7FE1F4CF7F0C
:104A400092C1D07F93C1D17F94C1D27F95C1D37FD2
:104A500096C1D47FE8CFD57FE2F4D67F97C1D77FC8
:104A600098C1D87FCCC7D97F99C1DA7F9AC1DB7F43
:104A70009BC1DC7F9CC1DD7F9DC1DE7F9EC1DF7F4E
:104A8000D4B5E07FE4B4E17FE4F4E27F9FC1E37F4B
:104A9000A0C1E47F40C2E57FE3F4E67FE5F4E77F71
:104AA00041C2E87F42C2E97FE6F4EA7F43C2EB7F7E
:104AB00044C2EC7F45C2ED7F46C2EE7FE7F4EF7F54
:104AC00047C2F07FB2BAF17FBFB0F27F48C2F37F36
:104AD000E8F4F47F49C2F57F4AC2F67F4BC2F77F04
:104AE0004CC2F87F4DC2F97F4EC2FA7F4FC2FB7FA6
:104AF000ADB7FC7FEDD2FD7F50C2FE7F51C2FF7F7C
:104B000052C20080ABD20180CFC0028053C203806A
:104B1000BCBF0480A3EB0580DFD50680C8EA078010
:104B200054C2088055C2098056C20A8057C20B8001
:104B3000F3F10C80F8B60D80A3CB0E8058C20F8025
:104B400059C21080CDC411805AC21280E7F113807F
:104B50005BC21480E8F11580FBB81680E9F117807C
:104B6000C4BA1880C5D41980D2B01A805CC21B8028
:104B70005DC21C80EAF11D805EC21E805FC21F8084
:104B800060C22080EBF1218061C22280ECF12380A1
:104B900062C2248063C22580EDF12680EEF1278079
:104BA000EFF12880F1F12980F0F12A80D5C52B8022
:104BB00064C22C8065C22D8066C22E8067C22F80A1
:104BC00068C2308069C23180F2F132806AC23380BB
:104BD000FAB634806BC23580F4F13680AED23780BD
:104BE000C7DE3880CACB39806CC23A806DC23B8048
:104BF000DCB33C806EC23D80A2B53E806FC23F8078
:104C0000A2B9408070C2418071C24280F4C4438026
:104C1000F5F1448072C2458073C24680F6F1478048
:104C200074C2488075C2498076C24A80C4C14B8034
:104C3000FBC14C80B0D64D80F7F14E8077C24F80DB
:104C400078C2508079C251807AC25280F8F1538084
:104C50007BC25480AAC155807CC256807DC25780D9
:104C60007EC25880B8C6598080C25A80DBBE5B8045
:104C700081C25C8082C25D8083C25E8084C25F80AC
:104C800085C2608086C2618087C2628088C263807C
:104C900089C264808AC265808BC266808CC267804C
:104CA0008DC268808EC26980F9F16A80CFB46B8052
:104CB0008FC26C8090C26D8091C26E8092C26F80F4
:104CC00093C2708094C27180FAF1728095C2738031
:104CD00096C2748097C2758098C2768099C2778098
:104CE0009AC278809BC279809CC27A809DC27B8068
:104CF0009EC27C809FC27D80A0C27E8040C37F8098
:104D0000B2ED8080B1ED818041C3828042C3838057
:104D1000E0CB8480DED2858043C38680C1CB878090
:104D2000D8D5888044C38980E2C88A8045C38B80F7
:104D3000DFC08C80A1BC8D8046C38E8047C38F802E
:104D400048C3908049C391804AC392804BC39380EB
:104D5000C1EB94804CC395804DC39680A4D09780BE
:104D60004EC39880E2D699804FC39A80C7B69B8085
:104D7000D8B89C80C0EB9D80CEB89E8050C39F80E9
:104D8000BFEBA080A6B3A180C9B9A280ABD6A38097
:104D900051C3A480F4B7A580CAB7A68052C3A78028
:104DA00053C3A88054C3A980E7BCAA80BEB7AB8018
:104DB000C6EBAC8055C3AD80C7EBAE80B9B0AF8059
:104DC000CFBFB08056C3B180C5EBB280FDD3B380F6
:104DD00057C3B480C8EBB58058C3B68059C3B780F9
:104DE000C9EBB8805AC3B9805BC3BA80CEB7BB8069
:104DF0005CC3BC80C2EBBD80C4EBBE80F6C9BF8083
:104E0000D7D6C080CDD5C180B2D0C280CFEBC38011
:104E1000B8CEC480D0EBC5805DC3C680A8B5C780BE
:104E20005EC3C8805FC3C98060C3CA8061C3CB80D2
:104E300062C3CC80B3B1CD80D2EBCE80A5CCCF8085
:104E400063C3D08064C3D18065C3D28066C3D3807E
:104E500067C3D48068C3D58069C3D680D6C5D780E0
:104E6000D3EBD8806AC3D980D1EBDA80DFC5DB8091
:104E7000CEEBDC80A4CADD80D5EBDE80FBB0DF802A
:104E80006BC3E0806CC3E180FABAE2806DC3E3805B
:104E90006EC3E480B7D8E580E3F1E6806FC3E780B6
:104EA000CAEBE880CBEBE980CCEBEA80CDEBEB8082
:104EB000D6EBEC80C0E6ED80D9EBEE8070C3EF80DE
:104EC000E8BFF080C8D2F180D7EBF280DCEBF38052
:104ED000ECB8F480D8EBF58071C3F680BABDF780EA
:104EE00072C3F880D8D0F98073C3FA80B7B0FB8062
:104EF00074C3FC80DDEBFD80DCC4FE8075C3FF80E5
:104F000076C3008177C3018178C30281ACD6038167
:104F100079C304817AC305817BC30681E0B407812C
:104F20007CC308817DC30981F6C20A81B9BC0B81AB
:104F30007EC30C8180C30D81DAEB0E81DBEB0F8128
:104F4000E0D41081EAC61181D4C41281DFEB138151
:104F5000A7C51481F5D9158181C31681B1B2178116
:104F600082C31881E4EB198183C31A81C5BD1B81FB
:104F700084C31C8185C31D8186C31E81E2EB1F8112
:104F800087C3208188C3218189C322818AC3238169
:104F90008BC324818CC325818DC326818EC3278139
:104FA0008FC3288190C3298191C32A8192C32B8109
:104FB00093C32C81E3EB2D8194C32E8195C32F8164
:104FC000ACB8308196C33181D1CD3281E5EB3381EC
:104FD00097C3348198C3358199C33681E1EB37811A
:104FE0009AC33881B3C139819BC33A819CC33B8149
:104FF0009DC33C819EC33D819FC33E81A2C63F812C
:10500000A0C3408140C4418141C4428142C4438124
:1050100043C4448144C4458145C44681F3CC47819F
:1050200046C44881E6EB498147C44A81B0C04B8100
:10503000B8D24C81E7EB4D8148C44E8149C44F81C1
:105040004AC45081AFB85181ADB852814BC453812D
:10505000E8EB5481BBC75581F3CD56814CC45781D1
:105060004DC458814EC45981EAEB5A81EBEB5B8108
:105070004FC45C8150C45D8151C45E8152C45F8164
:1050800053C46081EDEB618154C4628155C4638176
:1050900056C4648157C46581C8D0668158C467818D
:1050A000F2EB688159C46981EEEB6A815AC46B8165
:1050B0005BC46C815CC46D81F1EB6E81F9C86F815A
:1050C0005DC47081FCD17181ECEB72815EC473812F
:1050D0005FC47481E9EB758160C4768161C47781B6
:1050E00062C4788163C47981B9B87A81D9CF7B8170
:1050F000E5C47C81EFEB7D81F0EB7E81DACC7F81B2
:10510000C8CD8081F2B0818164C48281F6EB838155
:1051100065C4848166C4858167C4868168C48781CB
:1051200069C48881F5EB89816AC48A81B2B28B81B6
:105130006BC48C816CC48D816DC48E816EC48F8173
:10514000E0B890816FC49181F7EB928170C4938134
:1051500071C4948172C4958173C4968174C497811B
:1051600075C49881ECB1998176C49A8177C49B818A
:10517000C5CC9C81A4C49D81A5CF9E8178C49F810C
:1051800079C4A0817AC4A1817BC4A2817CC4A3819B
:10519000F9EBA4817DC4A5817EC4A681A2ECA78180
:1051A00080C4A881F2C5A98181C4AA81FAEBAB8130
:1051B00082C4AC8183C4AD8184C4AE8185C4AF8117
:1051C00086C4B08187C4B18188C4B28189C4B381E7
:1051D000C5C9B4818AC4B5818BC4B6818CC4B7817A
:1051E0008DC4B8818EC4B9818FC4BA81DFE2BB811E
:1051F000FEEBBC8190C4BD8191C4BE8192C4BF81CD
:1052000093C4C081CECDC181A1ECC281DBB1C38189
:10521000B7D3C48194C4C58195C4C681DCD2C7818B
:1052200096C4C88197C4C98198C4CA81FDEBCB815B
:1052300099C4CC81FBEBCD819AC4CE819BC4CF8134
:105240009CC4D0819DC4D1819EC4D2819FC4D3818E
:10525000A0C4D48140C5D58141C5D68142C5D7817E
:1052600043C5D88144C5D98145C5DA8146C5DB81AE
:1052700047C5DC8148C5DD8149C5DE814AC5DF817E
:105280004BC5E0814CC5E1814DC5E2814EC5E3814E
:10529000BCB3E4814FC5E58150C5E68151C5E781C6
:1052A000B0EAE88152C5E98153C5EA81D4D7EB81E0
:1052B00054C5EC81ABF4ED81F4B3EE8155C5EF81BB
:1052C00056C5F08157C5F18158C5F28159C5F381A2
:1052D000C1D6F481C2D6F5815AC5F6815BC5F78186
:1052E0005CC5F8815DC5F9815EC5FA815FC5FB814A
:1052F000E9D5FC81CABEFD8160C5FE81A7F4FF81AE
:1053000061C50082A8D20182A8F40282A9F40382B6
:1053100062C50482AAF40582CBBE0682DFD307826F
:1053200063C5088264C5098265C50A8266C50B82A9
:1053300067C50C82E0C90D82E1C90E8268C50F8283
:1053400069C51082C2F311826AC51282E6CA13824D
:105350006BC51482F2CC15826CC516826DC517829E
:105360006EC518826FC5198270C51A8271C51B82FD
:10537000B6E21C82B4CB1D8272C51E82E8CE1F82AB
:10538000DBD6208273C52182ADF42282AEF4238263
:10539000AFF4248274C5258275C5268276C527821E
:1053A00077C52882B2F4298278C52A82BDBA2B82B9
:1053B000B3F42C82E3B02D82B0F42E8279C52F8213
:1053C000B1F43082A2BD3182D5B232827AC5338245
:1053D000B6F43482B7F43582E6B63682B0B237829C
:1053E000CFCF3882B4F43982ACB43A827BC53B82E9
:1053F000B5F43C827CC53D827DC53E82B8F43F82D7
:105400007EC5408280C5418281C5428282C5438279
:1054100083C54482B9F4458284C5468285C54782E6
:10542000A7CD488286C54982BAF44A8287C54B8295
:10543000BBF44C8288C54D8289C54E828AC54F8295
:10544000BCF450828BC551828CC552828DC553826B
:105450008EC554828FC5558290C5568291C557829C
:1054600092C55882D2CB598293C55A82BDF45B82D1
:1054700094C55C8295C55D8296C55E8297C55F8244
:10548000BEF4608298C5618299C562829AC56382C2
:105490009BC564829CC565829DC566829EC56782E8
:1054A0009FC56882BFF46982A0C56A8240C66B82CC
:1054B00041C66C8242C66D8243C66E82DEF46F8244
:1054C000BCC17082E8BC718244C67282ABC973826F
:1054D000DED17482F5E5758245C6768246C677824E
:1054E00047C6788248C67982B3DC7A82D5D27B827D
:1054F00049C67C824AC67D82B4DC7E82ACB07F82A3
:10550000B5DC80824BC681824CC68282DABD838242
:105510004DC68482B9DC85824EC686824FC687829C
:1055200050C68882C2D8898251C68A82B7DC8B82F3
:10553000F3D38C8252C68D82D6C98E82BADC8F821A
:10554000B6DC908253C69182BBDC9282A2C3938266
:1055500054C6948255C6958256C6968257C697827F
:10556000BCDC9882C5DC9982BDDC9A8258C69B82DD
:1055700059C69C82DFCE9D82A5D69E825AC69F8246
:10558000CFDCA0825BC6A182CDDCA2825CC6A382F6
:105590005DC6A482D2DCA582E6BDA682ABC2A7828C
:1055A0005EC6A882B8DCA982CBDCAA82CEDCAB8244
:1055B000BEDCAC82D2B7AD82C5B0AE82C7DCAF82F2
:1055C000BED0B082C1DCB182A8BBB2825FC6B3825A
:1055D000BCB7B482CCDCB58260C6B68261C6B78285
:1055E000C6DCB882BFDCB982DBC7BA8262C6BB82C6
:1055F00063C6BC8264C6BD82BFD1BE82C0DCBF822E
:1056000065C6C08266C6C182CADCC28267C6C38262
:1056100068C6C482D0DCC58269C6C6826AC6C78233
:10562000ADCEC882C2DCC9826BC6CA82C3DCCB8263
:10563000C8DCCC82C9DCCD82D4B2CE82D1DCCF82B0
:10564000D5CBD0826CC6D182B7D4D282DBDCD382F8
:10565000DFDCD482A6CCD582E6DCD6826DC6D782CA
:10566000E7C3D882DCDCD9826EC6DA826FC6DB8201
:10567000C1BFDC82D9DCDD8270C6DE82FAB0DF8297
:10568000B6B9E082E5DCE182D3DCE28271C6E38276
:10569000C4DCE482D6DCE582F4C8E682E0BFE782BF
:1056A00072C6E88273C6E98274C6EA8275C6EB8266
:1056B000BBC9EC8276C6ED8277C6EE8278C6EF82F1
:1056C000BDB1F08279C6F182A2D3F2827AC6F382AA
:1056D0007BC6F482DADCF5827CC6F6827DC6F78270
:1056E000D5DCF8827EC6F982BBC6FA8280C6FB8210
:1056F000DEDCFC8281C6FD8282C6FE8283C6FF821A
:1057000084C6008385C60183C2D70283AFC30383E7
:10571000B6B70483D1C70583A9C30683E2DC078338
:10572000D8DC0883EBDC0983D4DC0A8386C60B83D0
:1057300087C60C83DDDC0D8388C60E83A5BE0F8370
:10574000D7DC108389C61183E0DC12838AC61383F9
:105750008BC61483E3DC1583E4DC16838CC61783C5
:10576000F8DC18838DC619838EC61A83E1DC1B838F
:10577000A2DD1C83E7DC1D838FC61E8390C61F83BA
:1057800091C6208392C6218393C6228394C6238325
:1057900095C6248396C6258397C6268398C62783F5
:1057A000EBBC2883C4B4298399C62A839AC62B8369
:1057B000A3C32C83E7B22D83FADC2E839BC62F83F1
:1057C000F2DC30839CC63183EFDC32839DC63383A9
:1057D000FCDC3483EEDC3583F0D23683E8B23783E9
:1057E0009EC63883D7C83983E3C83A83FBDC3B8342
:1057F0009FC63C83EDDC3D83A0C63E8340C73F830C
:1058000041C74083F7DC418342C7428343C7438398
:10581000F5DC448344C7458345C74683A3BE47831D
:10582000F4DC488346C74983DDB24A8347C74B83CC
:1058300048C74C8349C74D834AC74E834BC74F83E4
:10584000F3DC5083F6BC5183E8DC5283C4BB538342
:105850004CC75483F3C055834DC756834EC75783F7
:105860004FC7588350C7598351C75A83D4BC5B83F1
:10587000E9DC5C83EADC5D8352C75E83F1DC5F8335
:10588000F6DC6083F9DC6183B4B5628353C763835C
:10589000D9C86483E7BB6583FEDC6683FDDC678370
:1058A000ABD36883A1DD6983A3DD6A83A5DD6B8348
:1058B000F1D26C83A4DD6D83A6DD6E83A7DD6F83DB
:1058C000A9D2708354C7718355C7728356C7738337
:1058D00057C7748358C7758359C776835AC7778368
:1058E000C9BA7883A9DD79835BC77A835CC77B8378
:1058F000B6DD7C83B1DD7D83B4DD7E835DC77F83D0
:105900005EC780835FC7818360C7828361C78383EB
:1059100062C7848363C78583B0DD8683CEC68783F1
:1059200064C7888365C78983F2C08A8366C78B830F
:1059300067C78C8368C78D8369C78E83AFC98F8320
:105940006AC790836BC791836CC79283ECDC9383A7
:10595000AEDD94836DC795836EC796836FC79783BB
:1059600070C79883B7DD998371C79A8372C79B8389
:10597000F0DC9C83AFDD9D8373C79E83B8DD9F837E
:1059800074C7A083ACDDA18375C7A28376C7A38348
:1059900077C7A48378C7A58379C7A6837AC7A78367
:1059A0007BC7A883B9DDA983B3DDAA83ADDDAB8353
:1059B000AAC4AC837CC7AD837DC7AE837EC7AF83EB
:1059C00080C7B083A8DDB183B3C0B283ABC1B3835A
:1059D000AADDB483ABDDB58381C7B683B2DDB783FF
:1059E000F1BBB883B5DDB983A8D3BA83BADDBB8375
:1059F00082C7BC83BBDDBD83A7C3BE8383C7BF8310
:105A000084C7C083D2DDC183BCDDC28385C7C383A5
:105A100086C7C48387C7C583D1DDC68388C7C783CC
:105A2000BDB9C88389C7C9838AC7CA83D5BECB839A
:105A30008BC7CC83FABECD838CC7CE838DC7CF8373
:105A4000CABAD0838EC7D1838FC7D28390C7D3837E
:105A500091C7D483CADDD58392C7D683C5DDD783EA
:105A600093C7D883BFDDD98394C7DA8395C7DB8317
:105A700096C7DC83CBB2DD83C3DDDE8397C7DF83CC
:105A8000CBDDE083A4B2E183D5DDE28398C7E38375
:105A900099C7E4839AC7E583BEDDE6839BC7E783A6
:105AA0009CC7E8839DC7E983D0C6EA83D0DDEB833A
:105AB0009EC7EC839FC7ED83A0C7EE8340C8EF83EA
:105AC00041C8F083D4DDF183E2C1F283C6B7F3832A
:105AD00042C8F48343C8F58344C8F68345C8F783B6
:105AE00046C8F883CEDDF983CFDDFA8347C8FB8350
:105AF00048C8FC8349C8FD83C4DDFE834AC8FF83D0
:105B00004BC800844CC80184BDDD02844DC80384A9
:105B1000CDDD0484D1CC05844EC80684C9DD07845C
:105B20004FC8088450C8098451C80A8452C80B84DD
:105B3000C2DD0C84C8C30D84BCC60E84AECE0F84F7
:105B4000CCDD108453C81184C8DD128454C813847A
:105B500055C8148456C8158457C8168458C8178465
:105B600059C81884C1DD19845AC81A845BC81B84BB
:105B70005CC81C84C6DD1D84DCC21E845DC81F8415
:105B80005EC820845FC8218460C8228461C82384E1
:105B900062C82484A9D32584AAD32684D3DD27848C
:105BA000F4CF2884F8C8298463C82A8464C82B8465
:105BB00065C82C8466C82D8467C82E8468C82F8465
:105BC00069C830846AC83184E6DD32846BC83384A6
:105BD0006CC834846DC835846EC836846FC8378409
:105BE00070C83884C7DD398471C83A8472C83B8470
:105BF00073C83C84E0DD3D84E4C23E8474C83F84C5
:105C000075C8408476C8418477C8428478C8438484
:105C100079C844847AC845847BC84684E1DD4784DA
:105C20007CC848847DC849847EC84A8480C84B8427
:105C300081C84C8482C84D8483C84E8484C84F84F4
:105C400085C8508486C85184D7DD528487C8538460
:105C500088C8548489C855848AC856848BC8578498
:105C6000F8D658848CC85984D9DD5A84D8DD5B8431
:105C7000F0B85C84D6DD5D848DC85E848EC85F8498
:105C80008FC8608490C86184CFC6628491C86384E1
:105C9000ADB6648492C8658493C8668494C86784EA
:105CA00095C8688496C86984E2DD6A8497C86B8465
:105CB000F9BA6C84E1D46D84E7DD6E8498C86F8492
:105CC00099C870849AC87184D0B472849BC8738454
:105CD000DADD74849CC87584FBBF7684E3DD778449
:105CE0009DC87884DFDD79849EC87A84DDDD7B847D
:105CF0009FC87C84A0C87D8440C97E8441C97F84BC
:105D000042C9808443C9818444C98284D9B58384CB
:105D100045C9848446C9858447C9868448C987841F
:105D2000DBDD8884DCDD8984DEDD8A8449C98B84FF
:105D3000AFBD8C84E4DD8D844AC98E84E5DD8F841B
:105D40004BC990844CC991844DC992844EC99384A7
:105D50004FC9948450C9958451C9968452C9978477
:105D6000F5DD988453C99984C9C39A8454C99B8426
:105D700055C99C84E2CB9D8456C99E8457C99F8493
:105D800058C9A08459C9A184F2DDA2845AC9A38448
:105D90005BC9A4845CC9A5845DC9A6845EC9A784C7
:105DA0005FC9A88460C9A98461C9AA8462C9AB8497
:105DB00063C9AC8464C9AD8465C9AE8466C9AF8467
:105DC000E1D8B08467C9B18468C9B284D1C6B3844C
:105DD00069C9B484F4DDB5846AC9B6846BC9B78473
:105DE0006CC9B884F4D5B984F3DDBA84F0DDBB8422
:105DF0006DC9BC846EC9BD84ECDDBE846FC9BF842F
:105E0000EFDDC08470C9C184E8DDC28471C9C38478
:105E100072C9C484EED0C58473C9C68474C9C784EA
:105E200075C9C88476C9C984D8C8CA84EEDDCB8454
:105E300077C9CC8478C9CD84E9DDCE8479C9CF8493
:105E40007AC9D084EADDD184F2CBD2847BC9D384F1
:105E5000EDDDD4847CC9D5847DC9D684CDB1D78409
:105E60007EC9D88480C9D98481C9DA8482C9DB8497
:105E700083C9DC8484C9DD84B6C0DE8485C9DF843F
:105E8000BBBCE084F1DDE18486C9E28487C9E38498
:105E9000F7DDE48488C9E584F6DDE684EBDDE7849C
:105EA00089C9E8848AC9E9848BC9EA848CC9EB84EE
:105EB0008DC9EC84EEC5ED848EC9EE848FC9EF8464
:105EC00090C9F084FBDDF18491C9F28492C9F38416
:105ED00093C9F48494C9F58495C9F68496C9F78466
:105EE00097C9F88498C9F98499C9FA849AC9FB8436
:105EF0009BC9FC84A4DEFD849CC9FE849DC9FF84EB
:105F0000A3DE00859EC901859FC90285A0C90385BE
:105F100040CA048541CA058542CA068543CA078529
:105F200044CA088545CA098546CA0A8547CA0B85F9
:105F300048CA0C85F8DD0D8549CA0E854ACA0F8509
:105F40004BCA10854CCA1185EFC312854DCA138503
:105F5000FBC214854ECA15854FCA168550CA1785CF
:105F6000E1D5188551CA198552CA1A85B5CE1B8547
:105F700053CA1C8554CA1D8555CA1E8556CA1F851D
:105F8000FDDD208557CA2185CCB2228558CA2385DC
:105F900059CA24855ACA25855BCA26855CCA2785C5
:105FA0005DCA28855ECA29855FCA2A8560CA2B8595
:105FB000E8C42C85DFCA2D8561CA2E8562CA2F856B
:105FC00063CA308564CA318565CA328566CA33853D
:105FD00067CA348568CA358569CA36856ACA37850D
:105FE000BEC73885FADD3985FCDD3A85FEDD3B85A7
:105FF000A2DE3C85AAB03D85CEB13E856BCA3F8509
:106000006CCA40856DCA41856ECA42856FCA438598
:10601000ACDE448570CA458571CA468572CA47851B
:1060200073CA4885A6DE4985B6BD4A85EFC84B854B
:1060300074CA4C8575CA4D8576CA4E8577CA4F8518
:1060400078CA508579CA51857ACA52857BCA5385E8
:106050007CCA54857DCA55857ECA5685A1DE578582
:1060600080CA588581CA5985A5DE5A8582CA5B8552
:1060700083CA5C8584CA5D8585CA5E85A9DE5F8525
:1060800086CA608587CA618588CA628589CA638530
:106090008ACA6485A8DE65858BCA66858CCA6785D1
:1060A0008DCA6885A7DE69858ECA6A858FCA6B85A9
:1060B00090CA6C8591CA6D8592CA6E8593CA6F85A8
:1060C00094CA708595CA718596CA7285ADDE73854E
:1060D00097CA7485CCD4758598CA768599CA778510
:1060E0009ACA78859BCA7985B3DE7A85AADE7B85D4
:1060F000AEDE7C859CCA7D859DCA7E85D9C07F85A4
:106100009ECA80859FCA8185A0CA828540CB83852F
:1061100041CB8485A1B18585B6DE868542CB878556
:10612000B1DE888543CB898544CB8A8545CB8B8579
:1061300046CB8C8547CB8D8548CB8E8549CB8F85CB
:10614000B2DE90854ACB91854BCB92854CCB938523
:106150004DCB94854ECB95854FCB968550CB97856F
:1061600051CB988552CB998553CB9A8554CB9B853F
:10617000A6D19C85B5DE9D8555CB9E8556CB9F854A
:1061800057CBA08558CBA18559CBA2855ACBA385E7
:106190005BCBA485AFDEA5855CCBA6855DCBA78553
:1061A0005ECBA885B0DEA9855FCBAA85BDD0AB85C7
:1061B00060CBAC8561CBAD8562CBAE85B4DEAF85FF
:1061C000EDCAB085B9DEB18563CBB28564CBB3854A
:1061D00065CBB48566CBB58567CBB68568CBB7850F
:1061E000B8DEB88569CBB985B7DEBA856ACBBB8521
:1061F0006BCBBC856CCBBD856DCBBE856ECBBF85B7
:106200006FCBC08570CBC185BBDEC28571CBC3852A
:1062100072CBC48573CBC58574CBC68575CBC7855A
:1062200076CBC88577CBC985E5BDCA8578CBCB85CC
:1062300079CBCC857ACBCD857BCBCE857CCBCF85FE
:10624000D8B2D085EAC3D1857DCBD2857ECBD3852C
:10625000BADED48580CBD585BAC5D68581CBD78526
:1062600082CBD88583CBD98584CBDA8585CBDB857A
:1062700086CBDC85BCDEDD8587CBDE8588CBDF8504
:1062800089CBE0858ACBE1858BCBE2858CCBE3851E
:106290008DCBE485D9CCE5858ECBE6858FCBE785A4
:1062A00090CBE88591CBE985AAB7EA8592CBEB85BF
:1062B00093CBEC8594CBED8595CBEE8596CBEF8596
:1062C00097CBF08598CBF18599CBF2859ACBF38566
:1062D0009BCBF4859CCBF5859DCBF6859ECBF78536
:1062E0009FCBF885A0CBF98540CCFA8541CCFB85C6
:1062F000E5D4FC8542CCFD8543CCFE8544CCFF85AE
:10630000BDDE008645CC018646CC028647CC03869E
:1063100048CC048649CC0586BFDE06864ACC078673
:106320004BCC08864CCC09864DCC0A864ECC0B86CD
:106330004FCC0C8650CC0D8651CC0E8652CC0F869D
:1063400053CC108654CC1186A2C4128655CC138629
:1063500056CC148657CC158658CC1686C1DE1786C7
:1063600059CC18865ACC19865BCC1A865CCC1B8615
:106370005DCC1C865ECC1D865FCC1E8660CC1F86E5
:1063800061CC208662CC218663CC228664CC2386B5
:1063900065CC248666CC258667CC268668CC278685
:1063A000BEDE288669CC2986C0DE2A866ACC2B868A
:1063B0006BCC2C866CCC2D866DCC2E866ECC2F862D
:1063C0006FCC308670CC318671CC328672CC3386FD
:1063D00073CC348674CC358675CC368676CC3786CD
:1063E00077CC3886BAD5398678CC3A8679CC3B8654
:1063F0007ACC3C86C2DE3D867BCC3E867CCC3F861A
:106400007DCC40867ECC418680CC428681CC438642
:1064100082CC448683CC458684CC468685CC478610
:1064200086CC488687CC498688CC4A8689CC4B86E0
:106430008ACC4C868BCC4D86AEF24E86A2BB4F8664
:10644000B2C25086B0C55186C7C252868CCC538624
:106450008DCC5486AFF255868ECC56868FCC57861F
:1064600090CC588691CC598692CC5A86E9D05B86DE
:1064700093CC5C8694CC5D8695CC5E86DDD35F86BE
:1064800096CC608697CC618698CC6286BDEB63869D
:1064900099CC64869ACC65869BCC66869CCC6786B4
:1064A0009DCC68869ECC69869FCC6A86A0CC6B8684
:1064B000E6B36C86B0F26D8640CD6E86B1F26F8623
:1064C00041CD708642CD7186ADCA728643CD73864A
:1064D00044CD748645CD758646CD768647CD778684
:1064E00048CD788649CD7986E7BA7A86B3F27B863D
:1064F000B5F27C86B4F27D86E4CB7E86BACF7F8609
:10650000B2F28086B4CA8186CFD28286ECC28386FC
:106510004ACD84864BCD85864CCD86864DCD8786EB
:106520004ECD88864FCD898650CD8A86C3CE8B8648
:10653000B8F28C86F6B08D86B7F28E8651CD8F86F6
:1065400052CD908653CD918654CD928655CD93866B
:10655000BEF2948656CD9586CFB2968657CD978655
:1065600058CD988659CD99865ACD9A865BCD9B8613
:106570005CCD9C86C1D19D86BAF29E865DCD9F86FC
:106580005ECDA0865FCDA18660CDA28661CDA386BB
:10659000BCF2A486E9D4A58662CDA68663CDA78683
:1065A000BBF2A886B6F2A986BFF2AA86BDF2AB8678
:1065B00064CDAC86B9F2AD8665CDAE8666CDAF86CC
:1065C000C7F2B086C4F2B186C6F2B28667CDB38692
:1065D00068CDB486CAF2B586C2F2B686C0F2B78676
:1065E00069CDB8866ACDB9866BCDBA86C5F2BB8651
:1065F0006CCDBC866DCDBD866ECDBE866FCDBF86A3
:1066000070CDC086FBD6C18671CDC28672CDC386E1
:1066100073CDC486C1F2C58674CDC686F9C7C78658
:10662000DFC9C88675CDC986C8F2CA86C6B9CB8609
:10663000B0B5CC8676CDCD8677CDCE86C3F2CF866B
:10664000C9F2D086D0F2D186D6F2D28678CDD38662
:1066500079CDD486D7BBD5867ACDD6867BCDD78665
:106660007CCDD886D5F2D986DCCDDA867DCDDB86A9
:10667000EBD6DC867ECDDD8680CDDE86D2F2DF866F
:10668000D4F2E08681CDE18682CDE28683CDE386B9
:1066900084CDE486F2B8E58685CDE68686CDE786AC
:1066A00087CDE88688CDE986CBF2EA8689CDEB8670
:1066B0008ACDEC868BCDED86CEF2EE86F9C2EF86E2
:1066C0008CCDF086DDD5F186CCF2F286CDF2F38664
:1066D000CFF2F486D3F2F5868DCDF6868ECDF78691
:1066E0008FCDF886D9F2F986BCD3FA8690CDFB8699
:1066F00091CDFC8692CDFD8693CDFE86EAB6FF86CF
:1067000094CD0087F1CA018795CD0287E4B703874E
:10671000D7F2048796CD058797CD068798CD078752
:10672000D8F20887DAF20987DDF20A87DBF20B87F5
:1067300099CD0C879ACD0D87DCF20E879BCD0F8704
:106740009CCD10879DCD11879ECD1287D1D1138707
:10675000D1F214879FCD1587C9CD1687A0CD178795
:10676000CFCE1887A9D6198740CE1A87E3F21B87A8
:1067700041CE1C87DBC31D8742CE1E87E0F21F87F8
:1067800043CE208744CE2187AFC02287ECF22387F7
:10679000DEF2248745CE2587E1F2268746CE27877D
:1067A00047CE288748CE2987E8F22A8749CE2B870B
:1067B0004ACE2C874BCE2D874CCE2E87E2F22F87E8
:1067C0004DCE30874ECE3187E7F232874FCE3387BA
:1067D00050CE3487E6F2358751CE368752CE378792
:1067E000E9F2388753CE398754CE3A8755CE3B8766
:1067F000DFF23C8756CE3D8757CE3E87E4F23F8797
:10680000EAF2408758CE418759CE42875ACE438715
:106810005BCE44875CCE45875DCE46875ECE47879C
:10682000ACD34887E5F24987F5B24A875FCE4B87FC
:1068300060CE4C87F2F24D8761CE4E87ABD04F874A
:1068400062CE508763CE518764CE528765CE538720
:10685000F5F2548766CE558767CE568768CE578740
:10686000C8BB588769CE5987F9F25A876ACE5B87C9
:106870006BCE5C876CCE5D876DCE5E876ECE5F879C
:106880006FCE6087F0F2618770CE628771CE6387CA
:10689000F6F26487F8F26587FAF2668772CE678748
:1068A00073CE688774CE698775CE6A8776CE6B871C
:1068B00077CE6C8778CE6D8779CE6E87F3F26F874F
:1068C0007ACE7087F1F271877BCE72877CCE738728
:1068D0007DCE7487FBBA75877ECE7687FBB57787CA
:1068E00080CE788781CE798782CE7A8783CE7B8768
:1068F000EFF27C87F7F27D87EDF27E87EEF27F87FD
:1069000084CE808785CE818786CE8287EBF283878F
:10691000A6F3848787CE8587A3F3868788CE87876B
:1069200089CE8887A2F389878ACE8A878BCE8B8788
:10693000F4F28C878CCE8D87DAC88E878DCE8F87C8
:106940008ECE90878FCE918790CE928791CE93876F
:10695000FBF2948792CE958793CE968794CE9787B5
:10696000A5F3988795CE998796CE9A8797CE9B87E1
:1069700098CE9C8799CE9D879ACE9E879BCE9F87E7
:10698000F8C3A0879CCEA1879DCEA2879ECEA38769
:106990009FCEA487A0CEA58740CFA68741CFA7874B
:1069A00042CFA887FDF2A98743CFAA8744CFAB8700
:1069B000A7F3AC87A9F3AD87A4F3AE8745CFAF8724
:1069C000FCF2B08746CFB18747CFB28748CFB387B5
:1069D000ABF3B48749CFB587AAF3B6874ACFB78759
:1069E0004BCFB8874CCFB9874DCFBA87DDC2BB87B5
:1069F0004ECFBC874FCFBD87AEF3BE8750CFBF878A
:106A000051CFC087B0F3C18752CFC28753CFC3875E
:106A100054CFC48755CFC58756CFC687A1F3C78744
:106A200057CFC88758CFC98759CFCA87B1F3CB870B
:106A3000ACF3CC875ACFCD875BCFCE875CCFCF87E7
:106A40005DCFD0875ECFD187AFF3D287FEF2D387F9
:106A5000ADF3D4875FCFD58760CFD68761CFD78797
:106A600062CFD88763CFD98764CFDA8765CFDB87DA
:106A7000B2F3DC8766CFDD8767CFDE8768CFDF873D
:106A800069CFE087B4F3E1876ACFE2876BCFE38712
:106A90006CCFE4876DCFE587A8F3E6876ECFE787F5
:106AA0006FCFE88770CFE98771CFEA87B3F3EB87C1
:106AB00072CFEC8773CFED8774CFEE87B5F3EF8796
:106AC00075CFF08776CFF18777CFF28778CFF387CE
:106AD00079CFF4877ACFF5877BCFF6877CCFF7879E
:106AE0007DCFF8877ECFF987B7D0FA8780CFFB8735
:106AF00081CFFC8782CFFD8783CFFE87B8F3FF87E6
:106B000084CF008885CF018886CF028887CF03880D
:106B1000F9D9048888CF058889CF06888ACF078865
:106B20008BCF08888CCF09888DCF0A88B9F30B8862
:106B30008ECF0C888FCF0D8890CF0E8891CF0F8885
:106B400092CF108893CF118894CF128895CF138855
:106B5000B7F3148896CF1588E4C81688B6F317885B
:106B600097CF188898CF198899CF1A889ACF1B8801
:106B7000BAF31C889BCF1D889CCF1E889DCF1F8891
:106B80009ECF20889FCF2188BBF32288C0B4238862
:106B9000A0CF248840D0258841D0268842D027889D
:106BA00043D0288844D0298845D02A8846D02B88CD
:106BB00047D02C8848D02D8849D02E884AD02F889D
:106BC0004BD030884CD031884DD03288C3EE3388DA
:106BD0004ED034884FD0358850D0368851D0378841
:106BE00052D0388853D03988BCF33A8854D03B8887
:106BF00055D03C88BDF33D8856D03E8857D03F885D
:106C000058D04088AAD1418859D042885AD0438868
:106C10005BD04488ACF44588C6D046885CD04788B1
:106C20005DD048885ED049885FD04A8860D04B8864
:106C300061D04C88D0D04D88DCD14E8862D04F884E
:106C400063D0508864D0518865D0528866D053880C
:106C500067D05488CECF558868D0568869D0578879
:106C6000D6BD58886AD05988C3D15A886BD05B8802
:106C70006CD05C886DD05D886ED05E886FD05F8888
:106C800070D0608871D06188E2BA6288E9E1638877
:106C9000C2D26488C2F16588B9B2668872D067884A
:106CA00073D06888EDB16988C3F16A8874D06B8845
:106CB000C0C96C88C4B36D8875D06E88F2D96F88EE
:106CC00076D07088A5CB718877D07288C4F173882C
:106CD00078D0748879D075887AD076887BD0778898
:106CE000D4D678887CD079887DD07A887ED07B880D
:106CF00080D07C8881D07D88C5F17E88C0F47F8873
:106D0000C6F1808882D08188ACD48288C7F183881C
:106D100083D08488C0B08588C1F4868884D0878871
:106D200085D08888C2F4898886D08A8887D08B8865
:106D3000FCB48C8888D08D88DBC58E8889D08F88FC
:106D40008AD090888BD091888CD09288BBCC938845
:106D50008DD094888ED095888FD09688E4D09788EF
:106D600090D0988891D0998892D09A8893D09B8817
:106D700094D09C88E0CD9D8895D09E8896D09F88A1
:106D800097D0A08898D0A18899D0A288C8F1A3886C
:106D90009AD0A488F3D9A5889BD0A6889CD0A78830
:106DA0009DD0A8889ED0A9889FD0AA88A0D0AB8863
:106DB000BBB1AC8840D1AD88AECFAE8841D1AF88F1
:106DC00042D1B08843D1B188A4B8B28844D1B38845
:106DD00045D1B48846D1B58847D1B68848D1B7885F
:106DE000CAF1B88849D1B9884AD1BA884BD1BB8891
:106DF0004CD1BC88CBF1BD884DD1BE884ED1BF8867
:106E00004FD1C08850D1C188C3B2C288D1C1C38814
:106E100051D1C48852D1C588B0D7C688C9F1C788B6
:106E200053D1C88854D1C988CCF1CA8855D1CB88F0
:106E300056D1CC8857D1CD8858D1CE88CEF1CF88C5
:106E400059D1D0885AD1D1885BD1D288F6D9D3888C
:106E50005CD1D488E1D2D588A3D4D6885DD1D78837
:106E60005ED1D888C3F4D988B9C8DA885FD1DB8805
:106E700060D1DC8861D1DD8862D1DE8863D1DF88B2
:106E8000C4F4E08864D1E18865D1E288CDF1E3887B
:106E9000CFF1E488E3BFE588D0F1E68866D1E788E2
:106EA00067D1E888D4F1E98868D1EA8869D1EB88AC
:106EB0006AD1EC886BD1ED886CD1EE886DD1EF880A
:106EC0006ED1F088D6F1F188D1F1F2886FD1F388D4
:106ED000D1C9F488E1C5F58870D1F68871D1F788F9
:106EE00072D1F888E3C2F988FCB9FA8873D1FB88BB
:106EF00074D1FC88D3F1FD8875D1FE88D5F1FF8867
:106F000076D1008977D1018978D10289D3B90389F3
:106F100079D104897AD105897BD106897CD1078909
:106F20007DD108897ED1098980D10A89DBF10B895D
:106F300081D10C8982D10D8983D10E8984D10F89A9
:106F400085D11089D6BA118986D11289FDB01389ED
:106F5000D9F1148987D1158988D1168989D11789E2
:106F60008AD118898BD11989D8F11A89D2F11B8954
:106F7000DAF11C898CD11D898DD11E898ED11F8992
:106F80008FD1208990D12189D7F1228991D123896C
:106F900092D1248993D12589ECC8268994D1278957
:106FA00095D1288996D1298997D12A89CACD2B894B
:106FB000DDF12C8998D12D8999D12E899AD12F89EB
:106FC0009BD13089BDE531899CD132899DD13389EE
:106FD0009ED13489DCF135899FD13689DEF137893C
:106FE000A0D1388940D2398941D23A8942D23B89ED
:106FF00043D23C8944D23D8945D23E8946D23F891D
:1070000047D2408948D24189DFF1428949D2438938
:107010004AD24489E5CF45894BD246894CD247892B
:107020004DD248894ED249894FD24A8950D24B8994
:1070300051D24C8952D24D8953D24E8954D24F8964
:1070400055D2508956D2518957D2528958D2538934
:1070500059D254895AD255895BD256895CD2578904
:107060005DD258895ED259895FD25A8960D25B89D4
:1070700061D25C8962D25D8963D25E89C5F45F8921
:10708000F3BD608964D2618965D2628966D2638901
:1070900067D2648968D2658969D26689E0F16789B7
:1070A0006AD268896BD269896CD26A896DD26B8920
:1070B0006ED26C896FD26D8970D26E8971D26F89F0
:1070C00072D2708973D2718974D2728975D27389C0
:1070D00076D2748977D2758978D2768979D2778990
:1070E0007AD278897BD279897CD27A897DD27B8960
:1070F000E1F17C897ED27D8980D27E8981D27F89AF
:10710000F7CE808982D28189AAD2828983D283896B
:10711000FBF1848984D2858985D28689B2B8878932
:1071200086D2888987D2898988D28A8989D28B89AF
:107130008AD28C898BD28D898CD28E898DD28F897F
:107140008ED290898FD2918990D2928991D293894F
:1071500092D2948993D2958994D2968995D297891F
:1071600096D2988997D2998998D29A8999D29B89EF
:107170009AD29C899BD29D899CD29E899DD29F89BF
:107180009ED2A0899FD2A189A0D2A28940D3A389EF
:1071900041D3A48942D3A58943D3A68944D3A789DF
:1071A00045D3A88946D3A98947D3AA8948D3AB89AF
:1071B00049D3AC894AD3AD894BD3AE894CD3AF897F
:1071C0004DD3B0894ED3B1894FD3B28950D3B3894F
:1071D00051D3B48952D3B58953D3B68954D3B7891F
:1071E00055D3B88956D3B98957D3BA8958D3BB89EF
:1071F00059D3BC895AD3BD895BD3BE895CD3BF89BF
:107200005DD3C0895ED3C189FBBCC289DBB9C389A8
:107210005FD3C489E6B9C589D9C3C689D3CAC7892A
:10722000E8EAC889C0C0C989F5BECA89E9EACB893C
:10723000EAEACC89EBEACD8960D3CE89ECEACF8942
:10724000EDEAD089EEEAD189EFEAD289C7BDD389C8
:1072500061D3D48962D3D58963D3D689FBF5D78925
:1072600064D3D88965D3D98966D3DA89FDF5DB89FA
:1072700067D3DC89FEF5DD8968D3DE89FCF5DF891B
:1072800069D3E0896AD3E1896BD3E2896CD3E3895E
:10729000E2BDE4896DD3E589A1F6E689A5B4E78965
:1072A0006ED3E8896FD3E98970D3EA8971D3EB890A
:1072B000A2F6EC8972D3ED8973D3EE8974D3EF898A
:1072C000A3F6F08975D3F18976D3F28977D3F38960
:1072D000B2ECF48978D3F58979D3F6897AD3F78932
:1072E0007BD3F8897CD3F9897DD3FA897ED3FB8956
:1072F00080D3FC8981D3FD8982D3FE8983D3FF8922
:1073000084D3008AD4D1018A85D3028A86D3038AA2
:1073100087D3048A88D3058A89D3068A8AD3078AC1
:10732000EAD9088A8BD3098A8CD30A8A8DD30B8A2F
:107330008ED30C8A8FD30D8A90D30E8A91D30F8A65
:1073400092D3108A93D3118A94D3128A95D3138A35
:1073500096D3148A97D3158A98D3168A99D3178A05
:107360009AD3188A9BD3198A9CD31A8A9DD31B8AD5
:107370009ED31C8A9FD31D8AA0D31E8A40D41F8A05
:1073800041D4208A42D4218A43D4228A44D4238AF5
:1073900045D4248A46D4258A47D4268A48D4278AC5
:1073A00049D4288A4AD4298A4BD42A8A4CD42B8A95
:1073B0004DD42C8A4ED42D8A4FD42E8A50D42F8A65
:1073C00051D4308A52D4318A53D4328A54D4338A35
:1073D00055D4348A56D4358A57D4368A58D4378A05
:1073E00059D4388A5AD4398A5BD43A8A5CD43B8AD5
:1073F0005DD43C8A5ED43D8A5FD43E8AA4F63F8A3F
:1074000060D4408A61D4418A62D4428A63D4438A78
:1074100064D4448A65D4458A66D4468A67D4478A48
:1074200068D4488ABAEE498A69D44A8A6AD44B8AAF
:107430006BD44C8A6CD44D8A6DD44E8A6ED44F8AEC
:107440006FD4508A70D4518A71D4528A72D4538ABC
:1074500073D4548A74D4558A75D4568A76D4578A8C
:1074600077D4588A78D4598A79D45A8A7AD45B8A5C
:107470007BD45C8A7CD45D8A7DD45E8A7ED45F8A2C
:1074800080D4608A81D4618A82D4628A83D4638AF8
:1074900084D4648A85D4658A86D4668A87D4678AC8
:1074A00088D4688A89D4698A8AD46A8A8BD46B8A98
:1074B0008CD46C8A8DD46D8A8ED46E8A8FD46F8A68
:1074C00090D4708A91D4718A92D4728A93D4738A38
:1074D00094D4748A95D4758A96D4768A97D4778A08
:1074E00098D4788A99D4798AB2D57A8A9AD47B8AC0
:1074F0009BD47C8A9CD47D8A9DD47E8A9ED47F8AAC
:107500009FD4808AA0D4818A40D5828A41D5838A3B
:1075100042D5848A43D5858A44D5868A45D5878ACB
:1075200046D5888A47D5898AFED38A8ADCCC8B8A5D
:1075300048D58C8A49D58D8A4AD58E8A4BD58F8A73
:107540004CD5908A4DD5918A4ED5928A4FD5938A43
:10755000C4CA948A50D5958A51D5968A52D5978AAD
:1075600053D5988A54D5998A55D59A8A56D59B8AE7
:1075700057D59C8A58D59D8A59D59E8A5AD59F8AB7
:107580005BD5A08A5CD5A18A5DD5A28A5ED5A38A87
:107590005FD5A48A60D5A58A61D5A68A62D5A78A57
:1075A00063D5A88A64D5A98A65D5AA8A66D5AB8A27
:1075B00067D5AC8A68D5AD8A69D5AE8A6AD5AF8AF7
:1075C0006BD5B08A6CD5B18A6DD5B28A6ED5B38AC7
:1075D0006FD5B48A70D5B58A71D5B68A72D5B78A97
:1075E00073D5B88A74D5B98A75D5BA8A76D5BB8A67
:1075F00077D5BC8A78D5BD8A79D5BE8A7AD5BF8A37
:107600007BD5C08A7CD5C18A7DD5C28A7ED5C38A06
:1076100080D5C48A81D5C58A82D5C68A83D5C78AD2
:1076200084D5C88A85D5C98A86D5CA8A87D5CB8AA2
:1076300088D5CC8A89D5CD8A8AD5CE8A8BD5CF8A72
:107640008CD5D08A8DD5D18A8ED5D28A8FD5D38A42
:1076500090D5D48A91D5D58A92D5D68A93D5D78A12
:1076600094D5D88A95D5D98A96D5DA8A97D5DB8AE2
:1076700098D5DC8A99D5DD8A9AD5DE8A9BD5DF8AB2
:107680009CD5E08A9DD5E18A9ED5E28A9FD5E38A82
:10769000A0D5E48A40D6E58A41D6E68A42D6E78A72
:1076A00043D6E88A44D6E98A45D6EA8A46D6EB8AA2
:1076B00047D6EC8A48D6ED8A49D6EE8A4AD6EF8A72
:1076C0004BD6F08A4CD6F18A4DD6F28A4ED6F38A42
:1076D0004FD6F48A50D6F58A51D6F68A52D6F78A12
:1076E00053D6F88A54D6F98A55D6FA8A56D6FB8AE2
:1076F00057D6FC8A58D6FD8A59D6FE8A5AD6FF8AB2
:107700005BD6008B5CD6018B5DD6028B5ED6038B7D
:107710005FD6048B60D6058B61D6068B62D6078B4D
:10772000C0E5088B63D6098B64D60A8B65D60B8BB4
:1077300066D60C8B67D60D8B68D60E8B69D60F8BF1
:107740006AD6108B6BD6118B6CD6128B6DD6138BC1
:107750006ED6148B6FD6158B70D6168B71D6178B91
:1077600072D6188B73D6198B74D61A8B75D61B8B61
:1077700076D61C8B77D61D8B78D61E8B79D61F8B31
:107780007AD6208B7BD6218B7CD6228B7DD6238B01
:107790007ED6248B80D6258B81D6268BA5F6278B8B
:1077A00082D6288B83D6298B84D62A8B85D62B8BA1
:1077B00086D62C8B87D62D8B88D62E8B89D62F8B71
:1077C0008AD6308B8BD6318B8CD6328B8DD6338B41
:1077D0008ED6348B8FD6358B90D6368B91D6378B11
:1077E00092D6388B93D6398B94D63A8B95D63B8BE1
:1077F00096D63C8B97D63D8B98D63E8B99D63F8BB1
:107800009AD6408B9BD6418B9CD6428B9DD6438B80
:107810009ED6448B9FD6458BA0D6468B40D7478BB0
:1078200041D7488B42D7498B43D74A8B44D74B8BA0
:1078300045D74C8B46D74D8B47D74E8B48D74F8B70
:1078400049D7508B4AD7518B4BD7528B4CD7538B40
:107850004DD7548B4ED7558B4FD7568B50D7578B10
:1078600051D7588B52D7598B53D75A8B54D75B8BE0
:1078700055D75C8B56D75D8B57D75E8B58D75F8BB0
:1078800059D7608B5AD7618B5BD7628B5CD7638B80
:107890005DD7648B5ED7658B5FD7668BAFBE678B1A
:1078A00060D7688B61D7698B62D76A8B63D76B8B24
:1078B00064D76C8BA9C66D8B65D76E8B66D76F8BC3
:1078C00067D7708B68D7718B69D7728B6AD7738BC8
:1078D0006BD7748B6CD7758B6DD7768B6ED7778B98
:1078E0006FD7788B70D7798B71D77A8B72D77B8B68
:1078F00073D77C8B74D77D8B75D77E8B76D77F8B38
:1079000077D7808B78D7818B79D7828B7AD7838B07
:107910007BD7848B7CD7858B7DD7868B7ED7878BD7
:1079200080D7888B81D7898B82D78A8B83D78B8BA3
:1079300084D78C8B85D78D8B86D78E8B87D78F8B73
:1079400088D7908B89D7918B8AD7928B8BD7938B43
:107950008CD7948B8DD7958B8ED7968B8FD7978B13
:1079600090D7988B91D7998B92D79A8B93D79B8BE3
:1079700094D79C8B95D79D8B96D79E8B97D79F8BB3
:1079800098D7A08BA5DAA18BC6BCA28BA9B6A38B76
:10799000BCB8A48BCFC8A58BA5BCA68BA6DAA78B39
:1079A000A7DAA88BD6CCA98BC3C8AA8BA8DAAB8BD5
:1079B000FDC6AC8B99D7AD8BB5D1AE8BE9D2AF8B71
:1079C000B6D1B08BC7BCB18B9AD7B28BB2BDB38BDB
:1079D000E4BBB48BA9DAB58BAADAB68BC8D1B78B66
:1079E000ABDAB88BEDD0B98BEFB6BA8BDBC2BB8B01
:1079F0009BD7BC8BCFCBBD8BEDB7BE8BE8C9BF8B04
:107A0000C3B7C08BF7BEC18BA4D6C28BACDAC38B15
:107A1000ADDAC48BC0C6C58BE7D7C68BB6CAC78BD9
:107A20009CD7C88BA9D5C98BDFCBCA8BEFD5CB8BA5
:107A3000AEDACC8BDFD6CD8BCAB4CE8BB0DACF8B9F
:107A4000AFDAD08B9DD7D18BEBD2D28BB1DAD38B7F
:107A5000B2DAD48BB3DAD58BD4CAD68BB4DAD78B5F
:107A6000ABCAD88BB5DAD98BB6DADA8BCFB3DB8B6E
:107A7000EFD6DC8BB7DADD8BB0BBDE8BAEB5DF8B40
:107A8000B8DAE08BB9DAE18BEEB9E28BAFD1E38BF8
:107A9000E8D2E48BBADAE58BC3B8E68BEACFE78BA2
:107AA000EFB2E88BBBDAE98BBCDAEA8B9ED7EB8BC3
:107AB000EBBDEC8BDCCEED8BEFD3EE8BBDDAEF8B39
:107AC000F3CEF08BBEDAF18BD5D3F28BE5BBF38B23
:107AD000BFDAF48BB5CBF58BD0CBF68BC0DAF78B56
:107AE000EBC7F88BEED6F98BC1DAFA8BB5C5FB8BF9
:107AF000C1B6FC8BC2DAFD8BCCB7FE8BCEBFFF8B41
:107B0000C3DA008CC4DA018CADCB028CC5DA038CED
:107B1000F7B5048CC6DA058CC2C1068CBBD7078CBE
:107B2000C7DA088CB8CC098C9FD70A8CEAD20B8CA8
:107B3000B1C40C8CC8DA0D8CFDB50E8CD1BB0F8C8A
:107B4000C9DA108CB3D0118CCADA128CCBDA138C50
:107B5000BDCE148CCCDA158CCDDA168CCEDA178C1F
:107B6000F7B2188CD1DA198CCFDA1A8CE8D11B8CC9
:107B7000D0DA1C8CD5C31D8CD2DA1E8CA0D71F8CFA
:107B8000D3DA208CD4DA218CD5DA228CBBD0238CAA
:107B9000A5D2248CF9B0258CD6DA268CABC7278CDD
:107BA000D7DA288CF7BD298CA1C32A8CD8DA2B8C84
:107BB000D9DA2C8CFDC32D8CB7CC2E8CDADA2F8C35
:107BC000DBDA308CBEC0318CD7C6328CDCDA338C39
:107BD000DDDA348CB4C7358CDEDA368CDFDA378CFC
:107BE000C8B9388C40D8398C41D83A8C42D83B8CB3
:107BF00043D83C8C44D83D8C45D83E8C46D83F8CED
:107C000047D8408C48D8418CEDBB428C49D8438C36
:107C10004AD8448C4BD8458C4CD8468CB9B6478C46
:107C2000F8F4488C4DD8498CF9F44A8C4ED84B8CDA
:107C30004FD84C8CE3CD4D8C50D84E8C51D84F8CB6
:107C400052D8508C53D8518C54D8528C55D8538C10
:107C500056D8548C57D8558CB9F5568C58D8578C63
:107C600059D8588C5AD8598C5BD85A8CE0EB5B8C1D
:107C70005CD85C8C5DD85D8C5ED85E8C5FD85F8C88
:107C800060D8608C61D8618CF3CF628CBFBB638C91
:107C900062D8648C63D8658C64D8668C65D8678C30
:107CA00066D8688C67D8698C68D86A8CC0BA6B8CC7
:107CB000A5D46C8C69D86D8C6AD86E8C6BD86F8C9F
:107CC0006CD8708C6DD8718C6ED8728C6FD8738CA8
:107CD000D9E1748C70D8758C71D8768C72D8778C09
:107CE00073D8788CF4F5798CAAB17A8CF2B27B8C4B
:107CF00074D87C8C75D87D8C76D87E8C77D87F8C28
:107D000078D8808C79D8818C7AD8828CF5F5838C60
:107D10007BD8848C7CD8858CF7F5868C7DD8878C35
:107D20007ED8888C80D8898CD1BA8A8CF6F58B8CD9
:107D300081D88C8CB2C38D8C82D88E8C83D88F8C5A
:107D400084D8908C85D8918C86D8928C87D8938C47
:107D500088D8948CF9F5958C89D8968C8AD8978C8C
:107D60008BD8988CF8F5998C8CD89A8C8DD89B8C64
:107D70008ED89C8C8FD89D8C90D89E8C91D89F8CBF
:107D800092D8A08C93D8A18C94D8A28C95D8A38C8F
:107D900096D8A48C97D8A58C98D8A68C99D8A78C5F
:107DA0009AD8A88C9BD8A98C9CD8AA8C9DD8AB8C2F
:107DB0009ED8AC8C9FD8AD8CA0D8AE8C40D9AF8C5F
:107DC00041D9B08C42D9B18C43D9B28C44D9B38C4F
:107DD00045D9B48C46D9B58C47D9B68C48D9B78C1F
:107DE00049D9B88C4AD9B98C4BD9BA8C4CD9BB8CEF
:107DF0004DD9BC8C4ED9BD8C4FD9BE8C50D9BF8CBF
:107E000051D9C08C52D9C18C53D9C28C54D9C38C8E
:107E100055D9C48C56D9C58C57D9C68C58D9C78C5E
:107E200059D9C88C5AD9C98C5BD9CA8C5CD9CB8C2E
:107E30005DD9CC8C5ED9CD8C5FD9CE8C60D9CF8CFE
:107E400061D9D08C62D9D18C63D9D28C64D9D38CCE
:107E500065D9D48C66D9D58C67D9D68C68D9D78C9E
:107E600069D9D88C6AD9D98C6BD9DA8C6CD9DB8C6E
:107E70006DD9DC8C6ED9DD8C6FD9DE8C70D9DF8C3E
:107E800071D9E08C72D9E18C73D9E28C74D9E38C0E
:107E900075D9E48C76D9E58C77D9E68C78D9E78CDE
:107EA00079D9E88C7AD9E98C7BD9EA8C7CD9EB8CAE
:107EB0007DD9EC8C7ED9ED8C80D9EE8C81D9EF8C7C
:107EC00082D9F08C83D9F18C84D9F28C85D9F38C4A
:107ED00086D9F48C87D9F58C88D9F68C89D9F78C1A
:107EE0008AD9F88C8BD9F98C8CD9FA8C8DD9FB8CEA
:107EF0008ED9FC8C8FD9FD8C90D9FE8C91D9FF8CBA
:107F000092D9008D93D9018D94D9028D95D9038D85
:107F100096D9048D97D9058D98D9068D99D9078D55
:107F20009AD9088D9BD9098D9CD90A8D9DD90B8D25
:107F30009ED90C8D9FD90D8DA0D90E8D40DA0F8D55
:107F400041DA108D42DA118D43DA128D44DA138D45
:107F500045DA148D46DA158D47DA168D48DA178D15
:107F600049DA188D4ADA198D4BDA1A8D4CDA1B8DE5
:107F70004DDA1C8D4EDA1D8DB4B11E8DEAD51F8DE4
:107F8000BAB8208D4FDA218DB1B9228DC6B2238DBA
:107F9000F0D4248DCDCF258DDCB0268DCBD5278D8B
:107FA000F5BB288DCAD6298DB7B72A8DB0CC2B8DBD
:107FB000B6C62C8DE1B12D8DBAB92E8DFCD62F8D84
:107FC000E1B9308DA1B7318DFABC328DDAEA338D4B
:107FD000DBEA348DF9CC358DF3B9368DDCEA378D9B
:107FE000FBB4388DB3C3398DD1B73A8DD8BA3B8D38
:107FF000DDEA3C8DF4D43D8DDEEA3E8DD6BC3F8D6E
:10800000DFBB408DDFEA418DDEC1428DB8C2438DBA
:10801000DFD4448DCAD7458DE0EA468DE1EA478D2D
:10802000E4EA488DE2EA498DE3EA4A8DDEC94B8DE8
:10803000B3B84C8DC4B64D8DE5EA4E8DEACA4F8D6E
:10804000CDC9508DCDB4518D50DA528D51DA538D4A
:10805000D9E2548DE2C5558DE6EA568DB5C0578DEF
:1080600052DA588DB8D7598DE7EA5A8DACD75B8D67
:10807000FCC85C8DD3D85D8DCDD85E8DDED45F8D90
:1080800053DA608DF9D4618DC4C9628DAED3638D2E
:10809000D3B8648DE0B3658D54DA668DE2C9678D1F
:1080A000F6F4688D55DA698D56DA6A8D57DA6B8D7C
:1080B000D5BA6C8D58DA6D8DF7F46E8D59DA6F8DF7
:1080C0005ADA708DDFD7718D5BDA728D5CDA738D61
:1080D000F1F4748DB0B8758DD4D5768DCFB8778D19
:1080E000F0C6788D5DDA798D5EDA7A8D5FDA7B8D18
:1080F00060DA7C8D61DA7D8D62DA7E8D63DA7F8D68
:1081000064DA808D65DA818DC3B3828D66DA838D02
:1081100067DA848DF2F4858DACB3868D68DA878D4D
:1081200069DA888D6ADA898D6BDA8A8DBDD48B8D98
:10813000F7C78C8D6CDA8D8D6DDA8E8D6EDA8F8D42
:108140006FDA908D70DA918DF4F4928D71DA938DEF
:1081500072DA948DF3F4958D73DA968D74DA978DC7
:1081600075DA988D76DA998D77DA9A8D78DA9B8D33
:1081700079DA9C8D7ADA9D8D7BDA9E8D7CDA9F8D03
:10818000CBCCA08D7DDAA18D7EDAA28D80DAA38D95
:10819000A4C8A48D81DAA58D82DAA68D83DAA78D95
:1081A00084DAA88D85DAA98D86DAAA8D87DAAB8D77
:1081B00088DAAC8D89DAAD8D8ADAAE8D8BDAAF8D47
:1081C0008CDAB08D8DDAB18DF5F4B28D8EDAB38D97
:1081D000E3D7B48DBFC5B58DC0F5B68D8FDAB78D39
:1081E00090DAB88DBBF5B98D91DABA8DC3F5BB8D38
:1081F00092DABC8DC2F5BD8D93DABE8DBAD6BF8D35
:10820000C1F5C08D94DAC18D95DAC28D96DAC38D31
:10821000BED4C48DC4F5C58D97DAC68DCCF5C78D97
:1082200098DAC88D99DAC98D9ADACA8D9BDACB8D26
:10823000CFB0CC8DF8B5CD8D9CDACE8DC9F5CF8D74
:10824000CAF5D08D9DDAD18DDCC5D28D9EDAD38D65
:108250009FDAD48DA0DAD58D40DBD68DC5F5D78DCC
:10826000C6F5D88D41DBD98D42DBDA8DC7F5DB8DC4
:10827000CBF5DC8D43DBDD8DE0BEDE8DC8F5DF8D1B
:10828000FAB8E08D44DBE18D45DBE28D46DBE38D22
:10829000D0F5E48DD3F5E58D47DBE68D48DBE78D42
:1082A00049DBE88DE7BFE98D4ADBEA8DF2B9EB8D5A
:1082B000BCF5EC8DCDF5ED8D4BDBEE8D4CDBEF8D14
:1082C000B7C2F08D4DDBF18D4EDBF28D4FDBF38DC0
:1082D000F8CCF48D50DBF58DF9BCF68D51DBF78DC4
:1082E000CEF5F88DCFF5F98DD1F5FA8DE5B6FB8D8C
:1082F000D2F5FC8D52DBFD8DD5F5FE8D53DBFF8D68
:1083000054DB008E55DB018E56DB028E57DB038E6D
:1083100058DB048E59DB058EBDF5068E5ADB078EC1
:108320005BDB088E5CDB098ED4F50A8EBBD30B8E2B
:108330005DDB0C8EECB30D8E5EDB0E8E5FDB0F8E85
:10834000A4CC108E60DB118E61DB128E62DB138E8B
:1083500063DB148ED6F5158E64DB168E65DB178E07
:1083600066DB188E67DB198E68DB1A8E69DB1B8E65
:108370006ADB1C8E6BDB1D8ED7F51E8EE1BE1F8E59
:10838000D8F5208E6CDB218E6DDB228EDFCC238E28
:10839000DBF5248E6EDB258E6FDB268E70DB278E61
:1083A00071DB288E72DB298EC8B22A8ED9D72B8E2C
:1083B00073DB2C8ED9F52D8E74DB2E8EDAF52F8E95
:1083C000DCF5308E75DB318EE2F5328E76DB338E66
:1083D00077DB348E78DB358EE0F5368E79DB378EC1
:1083E0007ADB388E7BDB398EDFF53A8EDDF53B8E1E
:1083F0007CDB3C8E7DDB3D8EE1F53E8E7EDB3F8E71
:1084000080DB408EDEF5418EE4F5428EE5F5438E4D
:1084100081DB448EE3CC458E82DB468E83DB478E48
:10842000BFE5488EB8B5498EE3F54A8EE8F54B8E28
:10843000A3CC4C8E84DB4D8E85DB4E8E86DB4F8E3F
:1084400087DB508E88DB518EE6F5528EE7F5538E32
:1084500089DB548E8ADB558E8BDB568E8CDB578EF8
:108460008DDB588E8EDB598EBEF55A8E8FDB5B8E80
:1084700090DB5C8E91DB5D8E92DB5E8E93DB5F8E9C
:1084800094DB608E95DB618E96DB628E97DB638E6C
:1084900098DB648E99DB658E9ADB668EC4B1678E3D
:1084A0009BDB688E9CDB698EBFF56A8E9DDB6B8ED5
:1084B0009EDB6C8EC5B56D8EE4B26E8E9FDB6F8ECB
:1084C000ECF5708EE9F5718EA0DB728ED7B6738EE7
:1084D00040DC748EEDF5758E41DC768EEAF5778E94
:1084E00042DC788E43DC798E44DC7A8E45DC7B8EF0
:1084F00046DC7C8EEBF57D8E47DC7E8E48DC7F8E05
:10850000DAB4808E49DC818EEAD4828E4ADC838E96
:108510004BDC848E4CDC858EEEF5868E4DDC878EB2
:10852000F9B3888E4EDC898E4FDC8A8E50DC8B8EC0
:1085300051DC8C8E52DC8D8E53DC8E8E54DC8F8E13
:10854000EFF5908EF1F5918E55DC928E56DC938E80
:1085500057DC948EF0F5958E58DC968E59DC978E0C
:108560005ADC988E5BDC998E5CDC9A8E5DDC9B8E8F
:108570005EDC9C8EF2F59D8E5FDC9E8EF3F59F8E09
:1085800060DCA08E61DCA18E62DCA28E63DCA38E37
:1085900064DCA48E65DCA58E66DCA68E67DCA78E07
:1085A00068DCA88E69DCA98E6ADCAA8E6BDCAB8ED7
:1085B000EDC9AC8EAAB9AD8E6CDCAE8E6DDCAF8E23
:1085C000FBC7B08E6EDCB18E6FDCB28EE3B6B38EBD
:1085D00070DCB48E71DCB58E72DCB68E73DCB78E57
:1085E00074DCB88E75DCB98E76DCBA8EC9CCBB8EE5
:1085F00077DCBC8E78DCBD8E79DCBE8E7ADCBF8EFB
:108600007BDCC08E7CDCC18E7DDCC28E7EDCC38ECA
:1086100080DCC48E81DCC58E82DCC68E83DCC78E96
:1086200084DCC88E85DCC98E86DCCA8E87DCCB8E66
:1086300088DCCC8E89DCCD8E8ADCCE8EA6EACF8E0D
:108640008BDCD08E8CDCD18E8DDCD28E8EDCD38E0A
:108650008FDCD48E90DCD58E91DCD68E92DCD78EDA
:1086600093DCD88E94DCD98E95DCDA8E96DCDB8EAA
:1086700097DCDC8E98DCDD8E99DCDE8E9ADCDF8E7A
:108680009BDCE08E9CDCE18E9DDCE28E9EDCE38E4A
:108690009FDCE48EA0DCE58E40DDE68E41DDE78EDA
:1086A00042DDE88E43DDE98E44DDEA8E45DDEB8E6A
:1086B00046DDEC8E47DDED8E48DDEE8E49DDEF8E3A
:1086C0004ADDF08E4BDDF18E4CDDF28E4DDDF38E0A
:1086D0004EDDF48E4FDDF58E50DDF68E51DDF78EDA
:1086E00052DDF88E53DDF98E54DDFA8E55DDFB8EAA
:1086F00056DDFC8E57DDFD8E58DDFE8E59DDFF8E7A
:108700005ADD008F5BDD018F5CDD028F5DDD038F45
:108710005EDD048F5FDD058F60DD068F61DD078F15
:1087200062DD088F63DD098F64DD0A8F65DD0B8FE5
:1087300066DD0C8F67DD0D8F68DD0E8F69DD0F8FB5
:108740006ADD108F6BDD118F6CDD128F6DDD138F85
:108750006EDD148F6FDD158F70DD168F71DD178F55
:1087600072DD188F73DD198F74DD1A8F75DD1B8F25
:1087700076DD1C8F77DD1D8F78DD1E8F79DD1F8FF5
:108780007ADD208F7BDD218F7CDD228F7DDD238FC5
:108790007EDD248F80DD258F81DD268F82DD278F92
:1087A00083DD288F84DD298F85DD2A8F86DD2B8F61
:1087B00087DD2C8F88DD2D8F89DD2E8F8ADD2F8F31
:1087C0008BDD308F8CDD318F8DDD328F8EDD338F01
:1087D0008FDD348F90DD358F91DD368F92DD378FD1
:1087E00093DD388F94DD398F95DD3A8F96DD3B8FA1
:1087F00097DD3C8F98DD3D8F99DD3E8F9ADD3F8F71
:108800009BDD408F9CDD418F9DDD428F9EDD438F40
:108810009FDD448FA0DD458F40DE468F41DE478FD0
:1088200042DE488F43DE498F44DE4A8F45DE4B8F60
:1088300046DE4C8F47DE4D8F48DE4E8F49DE4F8F30
:108840004ADE508F4BDE518F4CDE528F4DDE538F00
:108850004EDE548F4FDE558F50DE568F51DE578FD0
:1088600052DE588F53DE598F54DE5A8F55DE5B8FA0
:1088700056DE5C8F57DE5D8F58DE5E8F59DE5F8F70
:108880005ADE608F5BDE618F5CDE628F5DDE638F40
:108890005EDE648F5FDE658F60DE668FB5B3678FE7
:1088A000FED4688FECB9698FF9D06A8F61DE6B8F67
:1088B000EDE96C8FAAD76D8FEEE96E8FD6C26F8F00
:1088C000EDC8708FE4BA718FEFE9728FF0E9738FA2
:1088D000F1E9748FE1D6758FF2E9768FF3E9778F3E
:1088E000F5E9788FF4E9798FF6E97A8FF7E97B8FEC
:1088F000E1C77C8FF8E97D8FD8D47E8FF9E97F8F2F
:10890000CEBD808F62DE818FFAE9828FFBE9838F93
:10891000CFBD848FFCE9858FA8B8868FBEC1878FB5
:10892000FDE9888FB2B1898FD4BB8A8FF5B98B8F5F
:10893000FEE98C8F63DE8D8FA1EA8E8FA2EA8F8F86
:10894000A3EA908FF8B7918FADBC928F64DE938FBE
:10895000E4CA948FCEE0958FAFD4968FBDCF978F1A
:10896000B7D5988FA4EA998FDED59A8FA5EA9B8F09
:10897000C1D09C8FBCB99D8F65DE9E8FC7B49F8F81
:10898000D9B1A08F66DEA18F67DEA28F68DEA38FCC
:10899000B1C0A48F69DEA58F6ADEA68F6BDEA78FBC
:1089A0006CDEA88FE6B1A98FE7B1AA8F6DDEAB8F21
:1089B000E8B1AC8F6EDEAD8F6FDEAE8F70DEAF8F45
:1089C00071DEB08FBDB3B18FE8C8B28F72DEB38FE6
:1089D00073DEB48F74DEB58F75DEB68FC1E5B78FE9
:1089E00076DEB88F77DEB98FDFB1BA8F78DEBB8FD6
:1089F00079DEBC8F7ADEBD8FC9C1BE8FEFB4BF8F69
:108A00007BDEC08F7CDEC18FA8C7C28FD8D3C38F57
:108A10007DDEC48FF9C6C58FB8D1C68F7EDEC78F05
:108A2000FDB9C88FF5C2C98F80DECA8F81DECB8FBA
:108A300082DECC8F83DECD8F84DECE8FADD3CF8F21
:108A400085DED08FCBD4D18FFCBDD28F86DED38F85
:108A5000C2E5D48FB5B7D58FC3E5D68F87DED78F64
:108A600088DED88FB9BBD98FE2D5DA8F89DEDB8F6C
:108A7000F8BDDC8FB6D4DD8FA5CEDE8FACC1DF8F25
:108A8000D9B3E08F8ADEE18F8BDEE28FF6CCE38F05
:108A90008CDEE48FC6E5E58FC4E5E68FC8E5E78F99
:108AA0008DDEE88FCAE5E98FC7E5EA8FCFB5EB8F9A
:108AB000C8C6EC8F8EDEED8FFCB5EE8FC5E5EF8F6F
:108AC0008FDEF08FF6CAF18F90DEF28F91DEF38F9A
:108AD000C9E5F48F92DEF58F93DEF68F94DEF78F83
:108AE000D4C3F88FC5B1F98FA3BCFA8F95DEFB8F85
:108AF00096DEFC8F97DEFD8FB7D7FE8F98DEFF8F57
:108B000099DE0090CBCD0190CDCB0290CACA0390E4
:108B1000D3CC0490CCE50590CBE50690E6C4079055
:108B20009ADE08909BDE0990A1D10A90B7D10B90F4
:108B3000CDE50C909CDE0D90D0E50E909DDE0F9063
:108B4000B8CD1090F0D61190CFE51290DDB513900E
:108B50009EDE1490BECD15909FDE1690D1E5179045
:108B6000BAB61890A0DE199040DF1A90A8CD1B90DD
:108B7000E4B91C9041DF1D90C5CA1E90D1B31F906F
:108B8000D9CB2090ECD42190D2E52290EAB7239063
:108B900042DF249043DF259044DF2690CEE52790E6
:108BA00045DF289046DF299047DF2A9048DF2B9049
:108BB00049DF2C904ADF2D90D5E52E90FEB42F9002
:108BC000D6E530904BDF31904CDF32904DDF339063
:108BD0004EDF34904FDF3590D3E53690D4E53790B3
:108BE00050DF3890DDD2399051DF3A9052DF3B9020
:108BF000DFC23C90C6B13D9053DF3E90E2D33F9040
:108C000054DF409055DF4190DDB64290ECCB43906D
:108C100056DF4490D7E5459057DF469058DF4790A0
:108C2000F6D3489059DF49905ADF4A905BDF4B906A
:108C30005CDF4C905DDF4D90E9B14E905EDF4F9070
:108C4000F4B65090DAE55190D8E55290D9E55390BA
:108C5000C0B554905FDF559060DF569061DF57904C
:108C6000C5D25890DCE5599062DF5A9063DF5B9083
:108C7000DEE55C9064DF5D9065DF5E9066DF5F90AF
:108C800067DF609068DF619069DF6290DDE5639087
:108C9000B2C764906ADF6590A3D266906BDF67907D
:108CA0006CDF6890DBE569906DDF6A906EDF6B903A
:108CB0006FDF6C9070DF6D90E2D46E90DAD56F90BC
:108CC00071DF709072DF719073DF729074DF739058
:108CD00075DF7490E0E57590F1D7769076DF779048
:108CE00077DF789078DF799079DF7A907ADF7B9000
:108CF0007BDF7C907CDF7D90E1E57E907DDF7F9067
:108D0000DCB18090FBD181907EDF8290E2E58390A0
:108D1000E4E5849080DF859081DF869082DF879014
:108D200083DF8890E3E5899084DF8A9085DF8B90EC
:108D3000E5E58C9086DF8D9087DF8E9088DF8F90C1
:108D400089DF90908ADF9190D8D292908BDF9390B8
:108D5000CBB594908CDF9590DFE796908DDF979060
:108D6000F5DA98908EDF9990F8DA9A908FDF9B90E1
:108D7000F6DA9C9090DF9D90F7DA9E9091DF9F90BD
:108D800092DFA09093DFA190FADAA290CFD0A390C7
:108D9000C7C4A49094DFA59095DFA690EEB0A790ED
:108DA00096DFA89097DFA99098DFAA90B0D0AB90FB
:108DB00099DFAC90F9DAAD909ADFAE90CAD3AF905C
:108DC000AABAB090A2DBB190F1C7B2909BDFB3908A
:108DD000FCDAB490FBDAB590DBC9B690FDDAB79057
:108DE0009CDFB890A1DBB990DED7BA90FEDABB90D9
:108DF000DAC1BC909DDFBD909EDFBE90A5DBBF9029
:108E00009FDFC090A0DFC190F4D3C29040E0C39038
:108E100041E0C490A7DBC590A4DBC69042E0C790B8
:108E2000A8DBC89043E0C99044E0CA90BCBDCB9099
:108E300045E0CC9046E0CD9047E0CE90C9C0CF90C1
:108E4000A3DBD090A6DBD190A3D6D29048E0D390FC
:108E5000A9DBD49049E0D5904AE0D6904BE0D7907A
:108E6000ADDBD8904CE0D9904DE0DA904EE0DB904D
:108E7000AEDBDC90ACDBDD90C2BADE904FE0DF9081
:108E800050E0E09051E0E190A4BFE290ABDBE390D2
:108E900052E0E49053E0E59054E0E690AADBE790DE
:108EA000C7D4E890BFB2E99055E0EA9056E0EB9065
:108EB000AFDBEC9057E0ED90F9B9EE9058E0EF9011
:108EC000B0DBF09059E0F1905AE0F2905BE0F39063
:108ED0005CE0F490BBB3F5905DE0F6905EE0F79057
:108EE0005FE0F890A6B5F99060E0FA9061E0FB9041
:108EF00062E0FC9063E0FD90BCB6FE90B1DBFF90B9
:108F000064E0009165E0019166E00291F5B603919D
:108F100067E00491B2DB059168E0069169E0079192
:108F20006AE008916BE009916CE00A916DE00B91A9
:108F30006EE00C916FE00D9170E00E9171E00F9179
:108F400072E0109173E0119174E0129175E0139149
:108F500076E0149177E0159178E0169179E0179119
:108F60007AE018917BE01991C9B11A917CE01B91CC
:108F70007DE01C917EE01D9180E01E91B4DB1F918D
:108F800081E0209182E0219183E02291B3DB239163
:108F9000B5DB249184E0259185E0269186E0279138
:108FA00087E0289188E0299189E02A918AE02B9135
:108FB0008BE02C918CE02D918DE02E918EE02F9105
:108FC000B7DB30918FE03191B6DB329190E0339195
:108FD00091E0349192E0359193E0369194E03791AD
:108FE00095E0389196E03991B8DB3A9197E03B9162
:108FF00098E03C9199E03D919AE03E919BE03F9151
:109000009CE040919DE041919EE042919FE0439120
:10901000B9DB4491A0E0459140E14691BADB47912C
:1090200041E1489142E14991CFD34A91FAF44B9101
:10903000F5C74C91C3D74D91E4C54E91FCF44F91C7
:10904000FDF45091FBF4519143E15291C6BE53910E
:1090500044E1549145E1559146E1569147E15791DC
:10906000EFD0589148E1599149E15A91D3B75B91BA
:109070004AE15C914BE15D91CDD45E91AACC5F91C8
:109080004CE160914DE16191A2F56291A1F563918E
:10909000A8BA6491FEF46591D6CB66914EE16791D2
:1090A0004FE1689150E16991A4F56A91D2C06B914A
:1090B00051E16C91EAB36D9152E16E91AACD6F913D
:1090C000A5F57091A3F57191B4BD7291A8F5739156
:1090D00053E17491A9F57591CDBD7691B8C377919F
:1090E000E1BF7891E1CB7991AAF57A9154E17B9136
:1090F00055E17C9156E17D91A6F57E91A7F57F9192
:10910000F0C4809157E1819158E1829159E18391B6
:109110005AE184915BE18591ACF586915CE18791A0
:10912000BCB488915DE18991EDD78A915EE18B9124
:10913000D7B48C91ABF58D91AEF58E915FE18F91A7
:1091400060E19091ADF59191AFF59291D1D093916D
:1091500061E1949162E1959163E1969164E1979167
:1091600065E1989166E1999167E19A91D1C39B91EC
:10917000A9C89C9168E19D9169E19E916AE19F91E6
:109180006BE1A0916CE1A1916DE1A291B0F5A39189
:10919000B1F5A4916EE1A5916FE1A69170E1A7915F
:1091A00071E1A89172E1A99173E1AA91B2F5AB9135
:1091B00074E1AC9175E1AD91B3F5AE91B4F5AF91B9
:1091C000B5F5B09176E1B19177E1B29178E1B391E3
:1091D00079E1B491B7F5B591B6F5B6917AE1B79169
:1091E0007BE1B8917CE1B9917DE1BA91B8F5BB9191
:1091F0007EE1BC9180E1BD9181E1BE9182E1BF91B0
:1092000083E1C09184E1C19185E1C29186E1C3917E
:1092100087E1C49188E1C59189E1C6918AE1C7914E
:10922000C9B2C8918BE1C991D4D3CA91CDCACB91AF
:109230008CE1CC91EFC0CD91D8D6CE91B0D2CF9168
:10924000BFC1D0918DE1D191F0BDD2918EE1D3918A
:109250008FE1D49190E1D59191E1D69192E1D791AE
:1092600093E1D89194E1D99195E1DA9196E1DB917E
:1092700097E1DC91AAB8DD9198E1DE9199E1DF9167
:109280009AE1E0919BE1E1919CE1E2919DE1E39122
:109290009EE1E4919FE1E591A0E1E69140E2E79152
:1092A00041E2E89142E2E99143E2EA9144E2EB9142
:1092B00045E2EC9146E2ED9147E2EE9148E2EF9112
:1092C00049E2F0914AE2F1914BE2F2914CE2F391E2
:1092D0004DE2F4914EE2F5914FE2F69150E2F791B2
:1092E00051E2F89152E2F99153E2FA9154E2FB9182
:1092F00055E2FC9156E2FD9157E2FE9158E2FF9152
:1093000059E200925AE201925BE202925CE203921D
:109310005DE204925EE205925FE2069260E20792ED
:1093200061E2089262E2099263E20A9264E20B92BD
:1093300065E20C9266E20D9267E20E9268E20F928D
:1093400069E210926AE211926BE212926CE213925D
:109350006DE214926EE215926FE2169270E217922D
:1093600071E2189272E2199273E21A9274E21B92FD
:1093700075E21C9276E21D9277E21E9278E21F92CD
:1093800079E220927AE221927BE222927CE223929D
:109390007DE224927EE2259280E2269281E227926B
:1093A00082E2289283E2299284E22A9285E22B9239
:1093B00086E22C9287E22D9288E22E9289E22F9209
:1093C0008AE230928BE231928CE232928DE23392D9
:1093D0008EE234928FE2359290E2369291E23792A9
:1093E00092E2389293E2399294E23A9295E23B9279
:1093F00096E23C9297E23D9298E23E9299E23F9249
:109400009AE240929BE241929CE242929DE2439218
:109410009EE244929FE24592A0E2469240E3479248
:1094200041E3489242E3499243E34A9244E34B9238
:1094300045E34C9246E34D9247E34E9248E34F9208
:1094400049E350924AE351924BE352924CE35392D8
:109450004DE354924EE355924FE3569250E35792A8
:1094600051E3589252E3599253E35A9254E35B9278
:1094700055E35C9256E35D9257E35E9258E35F9248
:1094800059E360925AE361925BE362925CE3639218
:109490005DE364925EE365925FE3669260E36792E8
:1094A00061E3689262E3699263E36A9264E36B92B8
:1094B00065E36C9266E36D9267E36E9268E36F9288
:1094C00069E370926AE371926BE372926CE3739258
:1094D0006DE37492F8BC75926EE376926FE37792C7
:1094E00070E3789271E3799272E37A9273E37B92FC
:1094F00074E37C9275E37D9276E37E9277E37F92CC
:1095000078E3809279E381927AE382927BE383929B
:109510007CE384927DE385927EE3869280E387926A
:1095200081E3889282E3899283E38A9284E38B9237
:1095300085E38C9286E38D9287E38E92C6F68F92B6
:1095400088E3909289E391928AE392928BE39392DB
:109550008CE394928DE395928EE396928FE39792AB
:1095600090E3989291E3999292E39A9293E39B927B
:1095700094E39C9295E39D9296E39E9297E39F924B
:1095800098E3A09299E3A1929AE3A2929BE3A3921B
:109590009CE3A4929DE3A5929EE3A6929FE3A792EB
:1095A000A0E3A89240E4A99241E4AA9242E4AB92DB
:1095B00043E4AC9244E4AD9245E4AE92C7F6AF9278
:1095C00046E4B09247E4B19248E4B29249E4B392DF
:1095D0004AE4B4924BE4B5924CE4B6924DE4B792AF
:1095E0004EE4B8924FE4B99250E4BA9251E4BB927F
:1095F00052E4BC9253E4BD9254E4BE9255E4BF924F
:1096000056E4C09257E4C19258E4C29259E4C3921E
:109610005AE4C4925BE4C5925CE4C6925DE4C792EE
:109620005EE4C892C8F6C9925FE4CA9260E4CB9245
:1096300061E4CC9262E4CD9263E4CE9264E4CF9292
:1096400065E4D09266E4D19267E4D29268E4D39262
:1096500069E4D4926AE4D5926BE4D6926CE4D79232
:109660006DE4D8926EE4D9926FE4DA9270E4DB9202
:1096700071E4DC9272E4DD9273E4DE9274E4DF92D2
:1096800075E4E09276E4E19277E4E29278E4E392A2
:1096900079E4E4927AE4E5927BE4E6927CE4E79272
:1096A0007DE4E8927EE4E99280E4EA9281E4EB9240
:1096B00082E4EC9283E4ED9284E4EE9285E4EF920E
:1096C00086E4F09287E4F19288E4F29289E4F392DE
:1096D0008AE4F4928BE4F5928CE4F6928DE4F792AE
:1096E0008EE4F8928FE4F99290E4FA9291E4FB927E
:1096F00092E4FC9293E4FD9294E4FE9295E4FF924E
:1097000096E4009397E4019398E4029399E4039319
:109710009AE404939BE405939CE406939DE40793E9
:109720009EE408939FE40993A0E40A9340E50B9319
:1097300041E50C9342E50D9343E50E9344E50F9309
:1097400045E5109346E5119347E5129348E51393D9
:1097500049E514934AE515934BE516934CE51793A9
:109760004DE518934EE519934FE51A9350E51B9379
:1097700051E51C9352E51D9353E51E9354E51F9349
:1097800055E5209356E5219357E5229358E5239319
:1097900059E524935AE525935BE526935CE52793E9
:1097A0005DE528935EE529935FE52A9360E52B93B9
:1097B00061E52C9362E52D9363E52E9364E52F9389
:1097C00065E5309366E5319367E5329368E5339359
:1097D00069E534936AE535936BE536936CE5379329
:1097E0006DE538936EE539936FE53A9370E53B93F9
:1097F00071E53C9372E53D9373E53E93C9F63F9363
:1098000074E5409375E5419376E5429377E543939C
:1098100078E5449379E545937AE546937BE547936C
:109820007CE548937DE549937EE54A9380E54B933B
:1098300081E54C9382E54D9383E54E9384E54F9308
:1098400085E5509386E5519387E5529388E55393D8
:1098500089E554938AE555938BE556938CE55793A8
:109860008DE558938EE559938FE55A9390E55B9378
:1098700091E55C9392E55D9393E55E9394E55F9348
:1098800095E5609396E5619397E5629398E5639318
:1098900099E564939AE565939BE566939CE56793E8
:1098A0009DE568939EE569939FE56A93CAF66B937D
:1098B000A0E56C9340E66D9341E66E9342E66F93AC
:1098C00043E6709344E6719345E6729346E67393DC
:1098D00047E6749348E6759349E676934AE67793AC
:1098E0004BE678934CE679934DE67A934EE67B937C
:1098F0004FE67C9350E67D9351E67E9352E67F934C
:1099000053E6809354E6819355E6829356E683931B
:1099100057E6849358E6859359E686935AE68793EB
:109920005BE688935CE689935DE68A935EE68B93BB
:109930005FE68C9360E68D9361E68E9362E68F938B
:10994000CCF6909363E6919364E6929365E69393E5
:1099500066E6949367E6959368E6969369E697932F
:109960006AE698936BE699936CE69A936DE69B93FF
:109970006EE69C936FE69D9370E69E9371E69F93CF
:1099800072E6A09373E6A19374E6A29375E6A3939F
:1099900076E6A49377E6A59378E6A69379E6A7936F
:1099A0007AE6A8937BE6A9937CE6AA937DE6AB933F
:1099B0007EE6AC9380E6AD9381E6AE9382E6AF930C
:1099C00083E6B09384E6B19385E6B29386E6B393DB
:1099D00087E6B49388E6B59389E6B6938AE6B793AB
:1099E0008BE6B8938CE6B9938DE6BA938EE6BB937B
:1099F0008FE6BC9390E6BD9391E6BE9392E6BF934B
:109A000093E6C09394E6C19395E6C29396E6C3931A
:109A100097E6C49398E6C59399E6C6939AE6C793EA
:109A20009BE6C8939CE6C9939DE6CA93CBF6CB937D
:109A30009EE6CC939FE6CD93A0E6CE9340E7CF93EE
:109A400041E7D09342E7D19343E7D29344E7D393DE
:109A500045E7D49346E7D59347E7D693E9F7D793FD
:109A600048E7D89349E7D9934AE7DA934BE7DB9382
:109A70004CE7DC934DE7DD934EE7DE934FE7DF9352
:109A800050E7E09351E7E19352E7E29353E7E39322
:109A900054E7E49355E7E59356E7E69357E7E793F2
:109AA00058E7E89359E7E9935AE7EA935BE7EB93C2
:109AB0005CE7EC935DE7ED935EE7EE935FE7EF9392
:109AC00060E7F09361E7F19362E7F29363E7F39362
:109AD00064E7F49365E7F59366E7F69367E7F79332
:109AE00068E7F89369E7F9936AE7FA936BE7FB9302
:109AF0006CE7FC936DE7FD936EE7FE936FE7FF93D2
:109B000070E7009471E7019472E7029473E703949D
:109B100074E7049475E7059476E7069477E707946D
:109B200078E7089479E709947AE70A947BE70B943D
:109B30007CE70C947DE70D947EE70E9480E70F940C
:109B400081E7109482E7119483E7129484E71394D9
:109B500085E7149486E7159487E7169488E71794A9
:109B600089E718948AE719948BE71A948CE71B9479
:109B70008DE71C948EE71D948FE71E9490E71F9449
:109B800091E7209492E7219493E7229494E7239419
:109B900095E7249496E7259497E7269498E72794E9
:109BA00099E728949AE729949BE72A949CE72B94B9
:109BB0009DE72C949EE72D949FE72E94A0E72F9489
:109BC00040E8309441E8319442E8329443E83394D9
:109BD00044E8349445E8359446E8369447E83794A9
:109BE00048E8389449E839944AE83A944BE83B9479
:109BF0004CE83C944DE83D944EE83E94CDF63F94BD
:109C00004FE8409450E8419451E8429452E843941C
:109C100053E8449454E8459455E8469456E84794EC
:109C200057E8489458E8499459E84A945AE84B94BC
:109C30005BE84C945CE84D945DE84E945EE84F948C
:109C40005FE8509460E8519461E8529462E853945C
:109C500063E8549464E8559465E8569466E857942C
:109C600067E8589468E8599469E85A946AE85B94FC
:109C70006BE85C946CE85D946DE85E946EE85F94CC
:109C80006FE8609470E8619471E8629472E863949C
:109C900073E8649474E8659475E8669476E867946C
:109CA00077E8689478E8699479E86A947AE86B943C
:109CB000CEF66C947BE86D947CE86E947DE86F94AE
:109CC0007EE8709480E8719481E8729482E87394DD
:109CD00083E8749484E8759485E8769486E87794AC
:109CE00087E8789488E8799489E87A948AE87B947C
:109CF0008BE87C948CE87D948DE87E948EE87F944C
:109D00008FE8809490E8819491E8829492E883941B
:109D100093E8849494E88594C4EE8694C5EE879481
:109D2000C6EE8894EBD58994A4B68A94C8EE8B9439
:109D3000C7EE8C94C9EE8D94CAEE8E94A5C78F940D
:109D4000CBEE9094CCEE919495E89294B0B7939426
:109D5000F6B59494CDEE9594CFEE969496E89794BC
:109D6000CEEE989497E89994C6B89A94D0EE9B94C6
:109D7000D1EE9C94D2EE9D94DBB69E94AEB39F94AC
:109D8000D3D6A094C6C4A194B5B1A294D6B8A394D6
:109D9000D3EEA494D4EEA594BFD4A694D5C7A7942B
:109DA000FBBEA894D9CEA994B3B9AA94D6EEAB942D
:109DB000D5EEAC94D8EEAD94D7EEAE94A5C5AF94E5
:109DC000D9EEB094DAEEB194AEC7B294DBEEB394B0
:109DD000AFC7B494DCEEB594A7B2B694DDEEB794F9
:109DE000DEEEB894DFEEB994E0EEBA94E1EEBB9407
:109DF000EAD7BC94E2EEBD94E3EEBE94D8BCBF9427
:109E0000E4EEC094CBD3C194FACCC294ACB2C39468
:109E1000E5C1C494E5EEC594A6C7C694ADC3C79486
:109E200098E8C894E6EEC994E7EECA94E8EECB94BD
:109E3000E9EECC94EAEECD94EBEECE94ECEECF943A
:109E400099E8D094EDEED194EEEED294EFEED39467
:109E50009AE8D4949BE8D594F0EED694F1EED7949A
:109E6000F2EED894F4EED994F3EEDA949CE8DB9415
:109E7000F5EEDC94ADCDDD94C1C2DE94F6EEDF9458
:109E8000F7EEE094F8EEE194A1D5E294F9EEE394D4
:109E9000B3CFE494FAEEE594FBEEE6949DE8E79404
:109EA000FCEEE894FDEEE994A1EFEA94FEEEEB946B
:109EB000A2EFEC94F5B8ED94FAC3EE94A3EFEF940F
:109EC000A4EFF094C2BDF194BFD2F294F9B2F3942E
:109ED000A5EFF494A6EFF594A7EFF694F8D2F794D3
:109EE000A8EFF894FDD6F994A9EFFA94CCC6FB94A8
:109EF0009EE8FC94AAEFFD94ABEFFE94B4C1FF94EE
:109F0000ACEF0095FACF0195F8CB0295AEEF039533
:109F1000ADEF0495FAB30595F8B90695AFEF07953F
:109F2000B0EF0895E2D00995B1EF0A95B2EF0B9525
:109F3000E6B70C95BFD00D95B3EF0E95B4EF0F9526
:109F4000B5EF1095F1C81195E0CC1295B6EF1395C9
:109F5000B7EF1495B8EF1595B9EF1695BAEF1795B9
:109F6000E0D51895BBEF1995EDB41A95AAC31B95CA
:109F7000BCEF1C959FE81D95BDEF1E95BEEF1F958C
:109F8000BFEF2095A0E82195FDCE2295C0EF239547
:109F9000E0C22495B8B42595B6D72695F5BD27958A
:109FA00040E92895C7CF2995C3EF2A95C1EF2B9596
:109FB000C2EF2C95C4EF2D95A7B62E95FCBC2F951E
:109FC000E2BE3095CCC33195C5EF3295C6EF3395DF
:109FD00041E93495C7EF3595CFEF3695C8EF379502
:109FE000C9EF3895CAEF3995C2C73A95F1EF3B955D
:109FF000CDB63C95CBEF3D9542E93E95CCEF3F95F4
:10A00000CDEF4095C6B64195BEC34295CEEF439580
:10A0100043E94495D0EF4595D1EF4695D2EF47956A
:10A02000F2D5489544E94995D3EF4A95F7C44B9545
:10A0300045E94C95D4EF4D95F8C44E95D5EF4F9525
:10A04000D6EF5095E4B85195F7B05295D7EF5395A8
:10A05000D8EF5495D9EF559546E95695DAEF5795CF
:10A06000DBEF5895DCEF5995DDEF5A9547E95B95A5
:10A07000DEEF5C95B5BE5D95E1EF5E95DFEF5F9538
:10A08000E0EF609548E96195E2EF6295E3EF639553
:10A09000CDC16495E4EF6595E5EF6695E6EF6795CC
:10A0A000E7EF6895E8EF6995E9EF6A95EAEF6B9558
:10A0B000EBEF6C95ECEF6D95D8C06E9549E96F9517
:10A0C000EDEF7095ADC17195EEEF7295EFEF739571
:10A0D000F0EF74954AE975954BE97695E2CF77955F
:10A0E0004CE978954DE979954EE97A954FE97B955C
:10A0F00050E97C9551E97D9552E97E9553E97F952C
:10A10000A4B3809554E9819555E9829556E98395E4
:10A1100057E9849558E9859559E986955AE98795CF
:10A120005BE988955CE989955DE98A955EE98B959F
:10A130005FE98C9560E98D9561E98E9562E98F956F
:10A1400063E9909564E9919565E9929566E993953F
:10A1500067E9949568E9959569E996956AE997950F
:10A160006BE998956CE999956DE99A956EE99B95DF
:10A170006FE99C9570E99D9571E99E9572E99F95AF
:10A1800073E9A09574E9A19575E9A29576E9A3957F
:10A1900077E9A49578E9A59579E9A6957AE9A7954F
:10A1A0007BE9A8957CE9A9957DE9AA957EE9AB951F
:10A1B00080E9AC9581E9AD9582E9AE9583E9AF95EB
:10A1C00084E9B09585E9B19586E9B29587E9B395BB
:10A1D00088E9B49589E9B5958AE9B6958BE9B7958B
:10A1E0008CE9B8958DE9B9958EE9BA958FE9BB955B
:10A1F00090E9BC9591E9BD9592E9BE9593E9BF952B
:10A2000094E9C09595E9C19596E9C29597E9C395FA
:10A2100098E9C49599E9C5959AE9C6959BE9C795CA
:10A220009CE9C8959DE9C9959EE9CA959FE9CB959A
:10A23000A0E9CC9540EACD9541EACE9542EACF958A
:10A2400043EAD09544EAD19545EAD29546EAD395BA
:10A2500047EAD49548EAD59549EAD6954AEAD7958A
:10A260004BEAD8954CEAD9954DEADA954EEADB955A
:10A270004FEADC9550EADD9551EADE9552EADF952A
:10A2800053EAE09554EAE19555EAE29556EAE395FA
:10A2900057EAE49558EAE59559EAE6955AEAE795CA
:10A2A0005BEAE895C5C3E995C5E3EA95C1C9EB95B5
:10A2B000C6E3EC955CEAED95D5B1EE95CACEEF9587
:10A2C000B3B4F095F2C8F195C7E3F295D0CFF3950A
:10A2D000C8E3F495E4BCF595C9E3F695CAE3F795B0
:10A2E000C6C3F895A2D5F995D6C4FA95EBB9FB95F6
:10A2F000C5CEFC95CBE3FD95F6C3FE95CCE3FF956B
:10A300005DEA0096A7B70196F3B80296D2BA039613
:10A31000CDE30496CEE30596C4D40696CFE3079624
:10A320005EEA0896D0E30996CBD10A96D1E30B9664
:10A33000D2E30C96D3E30D96D4E30E96D6D10F96C6
:10A34000D5E31096FBB21196BBC01296D6E31396D6
:10A350005FEA1496ABC01596D7E31696D8E3179626
:10A36000D9E3189660EA1996DAE31A96DBE31B96AE
:10A3700061EA1C96B7B81D96E2DA1E9662EA1F964D
:10A38000D3B6209663EA2196E4DA2296E3DA23969E
:10A3900064EA249665EA259666EA269667EA279691
:10A3A00068EA289669EA29966AEA2A96E6DA2B96F6
:10A3B0006BEA2C966CEA2D966DEA2E96EEC82F96D7
:10A3C0006EEA30966FEA3196E5DA3296C0B7339688
:10A3D000F4D13496F5D23596F3D53696D7BD379667
:10A3E00070EA389671EA399672EA3A9673EA3B96C1
:10A3F000E8D73C96E8DA3D96E7DA3E9674EA3F966F
:10A40000A2B04096D3CD419675EA4296E9DA4396DA
:10A4100076EA4496BDB84596CABC4696BDC24796F4
:10A42000A4C24896C2B34996EADA4A9677EA4B96AE
:10A43000AAC24C96B0C44D96B5BD4E9678EA4F96DA
:10A4400079EA5096DECF51967AEA52967BEA539695
:10A450007CEA5496EBDA5596C2C956967DEA579631
:10A460007EEA589680EA599681EA5A9682EA5B9685
:10A47000DDB15C9683EA5D9684EA5E9685EA5F9636
:10A48000ECDA609686EA6196B8B66296BAD46396BC
:10A4900087EA6496FDB3659688EA669689EA6796C8
:10A4A000EDDA6896C9D46996D5CF6A96E3C56B96FE
:10A4B0008AEA6C96EEDA6D968BEA6E968CEA6F9667
:10A4C0008DEA70968EEA71968FEA7296EFDA73963D
:10A4D00090EA7496F0DA7596EAC17696D5CC7796BE
:10A4E000DDCF789691EA799692EA7A9693EA7B960E
:10A4F00094EA7C9695EA7D9696EA7E9697EA7F9610
:10A5000098EA809699EA81969AEA82969BEA8396DF
:10A510009CEA84969DEA8596E7D38696A1C28796A3
:10A520009EEA8896F1DA89969FEA8A96A0EA8B9647
:10A53000E5CB8C9640EB8D96F2DA8E9641EB8F96BA
:10A54000E6CB9096FED2919642EB929643EB939691
:10A5500044EB9496F4B8959645EB969646EB979611
:10A56000F3DA9896AFB09996B6CF9A9647EB9B964A
:10A5700048EB9C96CFD59D9649EB9E964AEB9F96CD
:10A580004BEBA0964CEBA1964DEBA2964EEBA3960F
:10A590004FEBA49650EBA59651EBA69652EBA796DF
:10A5A000EDCBA89653EBA99654EBAA9655EBAB9638
:10A5B00056EBAC9657EBAD9658EBAE9659EBAF9683
:10A5C0005AEBB096F4DAB1965BEBB2965CEBB396CD
:10A5D000C4E3B4965DEBB5965EEBB696A5C1B796AF
:10A5E0005FEBB89660EBB996BFF6BA9661EBBB9697
:10A5F00062EBBC96C0F6BD96C1F6BE96D1C4BF96BE
:10A6000063EBC096B8C8C196E3D1C29664EBC3961B
:10A6100065EBC496DBD0C596C5D1C696AFBCC796D0
:10A62000CDB9C89666EBC996F4EFCA9667EBCB96A0
:10A6300068EBCC96C6B4CD96BAD3CE96C2F6CF967A
:10A64000FBB3D09669EBD1966AEBD296C3F6D3965C
:10A650006BEBD4966CEBD596F1B5D6966DEBD796A1
:10A660006EEBD8966FEBD99670EBDA9671EBDB96C2
:10A6700072EBDC9673EBDD9674EBDE9675EBDF9692
:10A6800076EBE096C5F6E19677EBE29678EBE3960B
:10A6900079EBE4967AEBE5967BEBE6967CEBE79636
:10A6A0007DEBE896EAD3E996A7F6EA96A9D1EB9670
:10A6B0007EEBEC9680EBED9681EBEE9682EBEF96DF
:10A6C000A9F6F09683EBF19684EBF29685EBF39680
:10A6D000A8F6F49686EBF59687EBF696E3C1F79627
:10A6E000D7C0F89688EBF996A2B1FA9689EBFB965B
:10A6F0008AEBFC968BEBFD968CEBFE96EDCEFF96EF
:10A700008DEB0097E8D00197ABF602978EEB03979D
:10A710008FEB0497F6CF059790EB0697AAF607976D
:10A72000F0D50897ACF60997B9C30A9791EB0B9748
:10A7300092EB0C9793EB0D97F4BB0E97AEF60F9739
:10A74000ADF6109794EB119795EB129796EB139744
:10A75000DEC4149797EB159798EB1697D8C1179707
:10A7600099EB18979AEB19979BEB1A979CEB1B9711
:10A770009DEB1C97AACB1D979EEB1E97BCCF1F97F6
:10A780009FEB2097A0EB219740EC229741EC239779
:10A7900042EC249743EC259744EC269745EC279709
:10A7A00046EC289747EC299748EC2A97AFF62B9769
:10A7B00049EC2C974AEC2D97B0F62E974BEC2F973F
:10A7C0004CEC3097B1F631974DEC3297B6C23397D7
:10A7D0004EEC34974FEC359750EC369751EC379759
:10A7E00052EC3897D4B03997F9C53A9753EC3B9768
:10A7F00054EC3C9755EC3D9756EC3E97B2F63F979C
:10A8000057EC409758EC419759EC42975AEC4397D4
:10A810005BEC44975CEC45975DEC46975EEC4797A4
:10A820005FEC489760EC499761EC4A9762EC4B9774
:10A8300063EC4C9764EC4D9765EC4E9766EC4F9744
:10A8400067EC509768EC519769EC5297E0C75397C3
:10A85000A6F654976AEC55976BEC5697B8BE579787
:10A860006CEC58976DEC5997B2BE5A976EEC5B97AB
:10A87000E5B55C976FEC5D9770EC5E97C7B75F9737
:10A8800071EC6097BFBF6197D2C36297E6C36397CD
:10A8900072EC649773EC6597CCD8669774EC679705
:10A8A00075EC689776EC6997EFB86A9777EC6B97D9
:10A8B00078EC6C9779EC6D977AEC6E977BEC6F97F0
:10A8C0007CEC70977DEC71977EEC729780EC7397BF
:10A8D000F9BD7497A5D1759781EC7697D0B077972D
:10A8E00082EC789783EC799784EC7A9785EC7B9768
:10A8F00086EC7C97B0F77D9787EC7E9788EC7F9706
:10A9000089EC80978AEC81978BEC82978CEC83970B
:10A910008DEC84978EEC8597B1F786978FEC8797AF
:10A9200090EC889791EC899792EC8A9793EC8B97AF
:10A93000ACD08C9794EC8D97B0B08E9795EC8F97A8
:10A9400096EC909797EC9197B2F79297B3F793970D
:10A9500098EC9497B4F7959799EC96979AEC97970B
:10A960009BEC9897CAC799979CEC9A979DEC9B97FC
:10A970009EEC9C979FEC9D97A0EC9E9740ED9F9737
:10A9800041EDA097CFBEA19742EDA29743EDA397CB
:10A99000B7F7A49744EDA59745EDA69746EDA79781
:10A9A00047EDA89748EDA99749EDAA974AEDAB97CF
:10A9B000B6F7AC974BEDAD97DEB1AE974CEDAF97D8
:10A9C000B5F7B0974DEDB1974EEDB297B8F7B39795
:10A9D0004FEDB497B9F7B59750EDB69751EDB797DE
:10A9E00052EDB89753EDB99754EDBA9755EDBB9723
:10A9F00056EDBC9757EDBD9758EDBE9759EDBF97F3
:10AA00005AEDC0975BEDC1975CEDC2975DEDC397C2
:10AA10005EEDC4975FEDC59760EDC69761EDC79792
:10AA200062EDC89763EDC99764EDCA9765EDCB9762
:10AA300066EDCC9767EDCD9768EDCE9769EDCF9732
:10AA40006AEDD0976BEDD1976CEDD2976DEDD39702
:10AA50006EEDD4976FEDD59770EDD69771EDD797D2
:10AA600072EDD89773EDD99774EDDA9775EDDB97A2
:10AA700076EDDC9777EDDD9778EDDE9779EDDF9772
:10AA80007AEDE0977BEDE1977CEDE2977DEDE39742
:10AA90007EEDE49780EDE59781EDE697A4CEE7970C
:10AAA000CDC8E89782EDE997ABBAEA97B8E8EB979B
:10AAB000B9E8EC97BAE8ED97C2BEEE9783EDEF9751
:10AAC00084EDF09785EDF19786EDF29787EDF3979A
:10AAD000F4D2F49788EDF597CFD4F697D8C9F797C5
:10AAE00089EDF8978AEDF9978BEDFA978CEDFB9746
:10AAF0008DEDFC978EEDFD978FEDFE9790EDFF9716
:10AB000091ED009892ED019893ED029894ED0398E1
:10AB100095ED049896ED059897ED069898ED0798B1
:10AB200099ED08989AED09989BED0A989CED0B9881
:10AB30009DED0C989EED0D989FED0E98A0ED0F9851
:10AB400040EE109841EE119842EE129843EE1398A1
:10AB500044EE149845EE159846EE169847EE179871
:10AB600048EE189849EE19984AEE1A984BEE1B9841
:10AB70004CEE1C984DEE1D984EEE1E984FEE1F9811
:10AB800050EE209851EE219852EE229853EE2398E1
:10AB900054EE249855EE259856EE269857EE2798B1
:10ABA00058EE289859EE29985AEE2A985BEE2B9881
:10ABB0005CEE2C985DEE2D985EEE2E985FEE2F9851
:10ABC00060EE309861EE319862EE329863EE339821
:10ABD00064EE349865EE359866EE369867EE3798F1
:10ABE00068EE389869EE39986AEE3A986BEE3B98C1
:10ABF0006CEE3C986DEE3D986EEE3E986FEE3F9891
:10AC000070EE409871EE419872EE429873EE439860
:10AC100074EE449875EE459876EE469877EE479830
:10AC200078EE489879EE49987AEE4A987BEE4B9800
:10AC30007CEE4C987DEE4D987EEE4E9880EE4F98CF
:10AC400081EE509882EE519883EE529884EE53989C
:10AC500085EE549886EE559887EE569888EE57986C
:10AC600089EE58988AEE59988BEE5A988CEE5B983C
:10AC70008DEE5C988EEE5D988FEE5E9890EE5F980C
:10AC800091EE609892EE619893EE629894EE6398DC
:10AC900095EE649896EE659897EE669898EE6798AC
:10ACA00099EE68989AEE69989BEE6A989CEE6B987C
:10ACB0009DEE6C989EEE6D989FEE6E98A0EE6F984C
:10ACC00040EF709841EF719842EF729843EF73989C
:10ACD00044EF749845EF7598B3D27698A5B67798F7
:10ACE000EAC77898FCF17998EECF7A98B3CB7B9845
:10ACF000EBD07C98EFE77D98E7CD7E98CBB97F9835
:10AD0000D9B68098FDF18198E4B08298CCCB839835
:10AD1000FEF18498A4D48598ADC28698ECC187983A
:10AD2000C4C68898B1BE8998A1F28A98D5BC8B9880
:10AD300046EF8C98A2F28D98A3F28E9847EF8F98E9
:10AD4000A4F29098C3D29198B5C6929848EF939880
:10AD5000C7CD9498A5F2959849EF9698B1D3979856
:10AD6000C5BF9898E2CC99984AEF9A98A6F29B981A
:10AD7000A7F29C98D5D19D98EEB69E98A8F29F9880
:10AD8000A9F2A098DFB5A198AAF2A298ABF2A39875
:10AD90004BEFA498FCB2A598ACF2A698ADF2A79898
:10ADA000A7C8A8984CEFA9984DEFAA984EEFAB987A
:10ADB0004FEFAC9850EFAD9851EFAE9852EFAF987F
:10ADC00053EFB09854EFB19855EFB29856EFB3984F
:10ADD00057EFB49858EFB59859EFB6985AEFB7981F
:10ADE0005BEFB8985CEFB9985DEFBA985EEFBB98EF
:10ADF0005FEFBC9860EFBD9861EFBE9862EFBF98BF
:10AE000063EFC09864EFC19865EFC29866EFC3988E
:10AE100067EFC49868EFC59869EFC6986AEFC7985E
:10AE20006BEFC8986CEFC9986DEFCA986EEFCB982E
:10AE30006FEFCC9870EFCD9871EFCE98E7B7CF98C1
:10AE400072EFD09873EFD198A9ECD298AAECD3986E
:10AE5000ABECD49874EFD598ACECD69875EFD79846
:10AE600076EFD898AEC6D998ADECDA98AEECDB9810
:10AE700077EFDC9878EFDD9879EFDE98C9B7DF9847
:10AE8000B3CAE0987AEFE1987BEFE2987CEFE39821
:10AE90007DEFE4987EEFE59880EFE69881EFE79804
:10AEA000B8E2E898CFF7E99882EFEA9883EFEB9859
:10AEB00084EFEC9885EFED9886EFEE9887EFEF98AA
:10AEC00088EFF09889EFF1988AEFF2988BEFF3987A
:10AED0008CEFF4988DEFF5988EEFF6988FEFF7984A
:10AEE00090EFF89891EFF99892EFFA9893EFFB981A
:10AEF00094EFFC9895EFFD9896EFFE9897EFFF98EA
:10AF000098EF009999EF01999AEF02999BEF0399B5
:10AF10009CEF04999DEF05999EEF06999FEF079985
:10AF2000A0EF089940F0099941F00A9942F00B9975
:10AF300043F00C9944F00D99D0F70E9945F00F9914
:10AF400046F01099CDB2119947F0129948F0139933
:10AF500049F014994AF015994BF016994CF017994D
:10AF60004DF018994EF019994FF01A9950F01B991D
:10AF700051F01C9952F01D9953F01E9954F01F99ED
:10AF800055F0209956F0219957F0229958F02399BD
:10AF900059F024995AF025995BF026995CF027998D
:10AFA0005DF028995EF029995FF02A9960F02B995D
:10AFB00061F02C9962F02D9963F02E99D1F72F99B9
:10AFC00064F0309965F0319966F0329967F0339901
:10AFD00068F0349969F035996AF036996BF03799D1
:10AFE0006CF038996DF039996EF03A996FF03B99A1
:10AFF00070F03C9971F03D9972F03E9973F03F9971
:10B0000074F0409975F0419976F0429977F0439940
:10B0100078F0449979F045997AF046997BF0479910
:10B020007CF048997DF049997EF04A9980F04B99DF
:10B0300081F04C9982F04D9983F04E9984F04F99AC
:10B0400085F0509986F0519987F0529988F053997C
:10B0500089F05499D3F75599D2F756998AF05799B0
:10B060008BF058998CF059998DF05A998EF05B9924
:10B070008FF05C9990F05D9991F05E9992F05F99F4
:10B0800093F0609994F0619995F0629996F06399C4
:10B09000BBE2649997F06599A2BC669998F06799AC
:10B0A000BCE26899BDE26999BEE26A99BFE26B9918
:10B0B000C0E26C99C1E26D99B9B76E99FBD26F99F4
:10B0C000A4BD7099CECA7199A5B17299C7CB739975
:10B0D00099F07499C2E27599FCB67699C4C87799CB
:10B0E000C3E278999AF079999BF07A99C8BD7B99D7
:10B0F0009CF07C99FDB17D99C4E27E999DF07F9989
:10B10000F6B68099C5E28199D9C482999EF0839957
:10B110009FF08499C6E28599DACF8699DDB987993F
:10B12000C7E28899A1C08999A0F08A99C8E28B9951
:10B13000F6B28C9940F18D99C9E28E9941F18F99BF
:10B14000F3C19099CAE29199CBE29299F8C293998E
:10B15000CCE29499CDE29599CEE29699D7CA979987
:10B16000B8D89899E5D99999E3CF9A9942F19B99E2
:10B1700043F19C9944F19D9945F19E9946F19F991F
:10B1800047F1A09948F1A19949F1A2994AF1A399EF
:10B190004BF1A4994CF1A599A5F0A6994DF1A79969
:10B1A0004EF1A899B0DCA9994FF1AA9950F1AB9949
:10B1B00051F1AC9952F1AD9953F1AE9954F1AF9967
:10B1C00055F1B09956F1B19957F1B29958F1B39937
:10B1D00059F1B4995AF1B5995BF1B6995CF1B79907
:10B1E0005DF1B8995EF1B9995FF1BA9960F1BB99D7
:10B1F00061F1BC9962F1BD9963F1BE9964F1BF99A7
:10B2000065F1C09966F1C19967F1C29968F1C39976
:10B2100069F1C4996AF1C5996BF1C6996CF1C79946
:10B220006DF1C8996EF1C9996FF1CA9970F1CB9916
:10B2300071F1CC9972F1CD9973F1CE9974F1CF99E6
:10B2400075F1D09976F1D19977F1D29978F1D399B6
:10B2500079F1D4997AF1D5997BF1D6997CF1D79986
:10B260007DF1D8997EF1D99980F1DA9981F1DB9954
:10B2700082F1DC9983F1DD9984F1DE9985F1DF9922
:10B2800086F1E09987F1E19988F1E29989F1E399F2
:10B290008AF1E4998BF1E5998CF1E6998DF1E799C2
:10B2A0008EF1E8998FF1E99990F1EA9991F1EB9992
:10B2B00092F1EC9993F1ED9994F1EE9995F1EF9962
:10B2C00096F1F09997F1F19998F1F29999F1F39932
:10B2D0009AF1F4999BF1F5999CF1F6999DF1F79902
:10B2E0009EF1F8999FF1F999A0F1FA9940F2FB9932
:10B2F00041F2FC9942F2FD9943F2FE9944F2FF9922
:10B3000045F2009A46F2019A47F2029A48F2039AED
:10B3100049F2049A4AF2059A4BF2069A4CF2079ABD
:10B320004DF2089A4EF2099A4FF20A9A50F20B9A8D
:10B3300051F20C9A52F20D9A53F20E9A54F20F9A5D
:10B3400055F2109A56F2119A57F2129A58F2139A2D
:10B3500059F2149A5AF2159A5BF2169A5CF2179AFD
:10B360005DF2189A5EF2199A5FF21A9A60F21B9ACD
:10B3700061F21C9A62F21D9A63F21E9A64F21F9A9D
:10B3800065F2209A66F2219A67F2229A68F2239A6D
:10B3900069F2249A6AF2259A6BF2269A6CF2279A3D
:10B3A0006DF2289A6EF2299A6FF22A9A70F22B9A0D
:10B3B00071F22C9A72F22D9A73F22E9A74F22F9ADD
:10B3C00075F2309A76F2319A77F2329A78F2339AAD
:10B3D00079F2349A7AF2359A7BF2369A7CF2379A7D
:10B3E0007DF2389A7EF2399A80F23A9A81F23B9A4B
:10B3F00082F23C9A83F23D9A84F23E9A85F23F9A19
:10B4000086F2409A87F2419A88F2429A89F2439AE8
:10B410008AF2449A8BF2459A8CF2469A8DF2479AB8
:10B420008EF2489A8FF2499A90F24A9A91F24B9A88
:10B4300092F24C9A93F24D9A94F24E9A95F24F9A58
:10B4400096F2509A97F2519A98F2529A99F2539A28
:10B450009AF2549A9BF2559A9CF2569A9DF2579AF8
:10B460009EF2589A9FF2599AA0F25A9A40F35B9A28
:10B4700041F35C9A42F35D9A43F35E9A44F35F9A18
:10B4800045F3609A46F3619A47F3629A48F3639AE8
:10B4900049F3649A4AF3659A4BF3669A4CF3679AB8
:10B4A0004DF3689A4EF3699A4FF36A9A50F36B9A88
:10B4B00051F36C9AEDC26D9AA6D46E9AD4CD6F9A60
:10B4C000B1D1709ADBB3719AFDC7729A52F3739A35
:10B4D000B5B2749ABFC2759AE0E6769ABBCA779AFB
:10B4E000E1E6789AE2E6799AD4BE7A9AE3E67B9A24
:10B4F000A4D77C9AD5CD7D9AE5E67E9ADDBC7F9A6D
:10B50000E4E6809AE6E6819AE7E6829AEEC2839ABA
:10B5100053F3849ABEBD859AE8E6869AE6C2879A76
:10B52000A7BA889AE9E6899A54F38A9AEAE68B9A46
:10B53000D2B38C9AE9D18D9A55F38E9A56F38F9A9D
:10B54000A5BF909AEBE6919AEFC6929AECE6939A91
:10B55000EDE6949A57F3959A58F3969AEEE6979AF1
:10B56000ADC6989AEFE6999A59F39A9AA7C99B9A09
:10B57000F0E69C9AF1E69D9AF2E69E9AB9E59F9ACA
:10B58000F3E6A09AF4E6A19AE2C2A29AF5E6A39A9B
:10B59000F6E6A49AE8D6A59AF7E6A69A5AF3A79AE9
:10B5A000F8E6A89AC7B9A99A5BF3AA9A5CF3AB9A92
:10B5B0005DF3AC9A5EF3AD9A5FF3AE9A60F3AF9A27
:10B5C00061F3B09ABBF7B19ABAF7B29A62F3B39A41
:10B5D00063F3B49A64F3B59A65F3B69ABEF7B79A73
:10B5E000BCF7B89AA1BAB99A66F3BA9ABFF7BB9AF0
:10B5F00067F3BC9AC0F7BD9A68F3BE9A69F3BF9A25
:10B600006AF3C09AC2F7C19AC1F7C29AC4F7C39A43
:10B610006BF3C49A6CF3C59AC3F7C69A6DF3C79AD5
:10B620006EF3C89A6FF3C99A70F3CA9A71F3CB9A02
:10B63000C5F7CC9AC6F7CD9A72F3CE9A73F3CF9A28
:10B6400074F3D09A75F3D19AC7F7D29A76F3D39A56
:10B65000E8CBD49A77F3D59A78F3D69A79F3D79A38
:10B660007AF3D89ADFB8D99A7BF3DA9A7CF3DB9A2B
:10B670007DF3DC9A7EF3DD9A80F3DE9A81F3DF9A24
:10B68000D4F7E09A82F3E19AD5F7E29A83F3E39A4A
:10B6900084F3E49A85F3E59A86F3E69AD6F7E79A77
:10B6A00087F3E89A88F3E99A89F3EA9A8AF3EB9A9E
:10B6B000D8F7EC9A8BF3ED9ADAF7EE9A8CF3EF9ACF
:10B6C000D7F7F09A8DF3F19A8EF3F29A8FF3F39AFB
:10B6D00090F3F49A91F3F59A92F3F69A93F3F79A1A
:10B6E00094F3F89A95F3F99ADBF7FA9A96F3FB9AA2
:10B6F000D9F7FC9A97F3FD9A98F3FE9A99F3FF9A7B
:10B700009AF3009B9BF3019B9CF3029B9DF3039B8D
:10B71000D7D7049B9EF3059B9FF3069BA0F3079B43
:10B7200040F4089BDCF7099B41F40A9B42F40B9B15
:10B7300043F40C9B44F40D9B45F40E9B46F40F9B85
:10B74000DDF7109B47F4119B48F4129B49F4139BBF
:10B75000DEF7149B4AF4159B4BF4169B4CF4179B95
:10B760004DF4189B4EF4199B4FF41A9B50F41B9BFD
:10B7700051F41C9B52F41D9B53F41E9B54F41F9BCD
:10B78000DFF7209B55F4219B56F4229B57F4239B13
:10B79000E0F7249B58F4259B59F4269B5AF4279BE9
:10B7A0005BF4289B5CF4299B5DF42A9B5EF42B9B45
:10B7B0005FF42C9B60F42D9B61F42E9B62F42F9B15
:10B7C000CBDB309B63F4319B64F4329BAAD8339B70
:10B7D00065F4349B66F4359B67F4369B68F4379BBD
:10B7E00069F4389B6AF4399B6BF43A9B6CF43B9B8D
:10B7F000F7E53C9BEDB93D9B6DF43E9B6EF43F9BA2
:10B800006FF4409B70F4419BFDBF429BEABB439B9E
:10B81000C9F7449BC7C6459BC8F7469B71F4479B35
:10B82000CAF7489BCCF7499BCBF74A9B72F44B9BDA
:10B8300073F44C9B74F44D9BCDF74E9B75F44F9B6A
:10B84000BACE509B76F4519BCEF7529B77F4539B24
:10B8500078F4549BA7C4559B79F4569B7AF4579B74
:10B860007BF4589B7CF4599B7DF45A9B7EF45B9B44
:10B8700080F45C9B81F45D9B82F45E9B83F45F9B10
:10B8800084F4609B85F4619B86F4629B87F4639BE0
:10B8900088F4649B89F4659B8AF4669B8BF4679BB0
:10B8A0008CF4689B8DF4699B8EF46A9B8FF46B9B80
:10B8B00090F46C9B91F46D9B92F46E9B93F46F9B50
:10B8C00094F4709B95F4719B96F4729B97F4739B20
:10B8D00098F4749B99F4759B9AF4769B9BF4779BF0
:10B8E0009CF4789B9DF4799B9EF47A9B9FF47B9BC0
:10B8F000A0F47C9B40F57D9B41F57E9B42F57F9BB0
:10B9000043F5809B44F5819B45F5829B46F5839BDF
:10B9100047F5849B48F5859B49F5869B4AF5879BAF
:10B920004BF5889B4CF5899B4DF58A9B4EF58B9B7F
:10B930004FF58C9B50F58D9B51F58E9B52F58F9B4F
:10B9400053F5909B54F5919B55F5929B56F5939B1F
:10B9500057F5949B58F5959B59F5969B5AF5979BEF
:10B960005BF5989B5CF5999B5DF59A9B5EF59B9BBF
:10B970005FF59C9B60F59D9B61F59E9B62F59F9B8F
:10B9800063F5A09B64F5A19B65F5A29B66F5A39B5F
:10B9900067F5A49B68F5A59B69F5A69B6AF5A79B2F
:10B9A0006BF5A89B6CF5A99B6DF5AA9B6EF5AB9BFF
:10B9B0006FF5AC9B70F5AD9B71F5AE9B72F5AF9BCF
:10B9C00073F5B09B74F5B19B75F5B29B76F5B39B9F
:10B9D00077F5B49B78F5B59B79F5B69B7AF5B79B6F
:10B9E0007BF5B89B7CF5B99B7DF5BA9B7EF5BB9B3F
:10B9F00080F5BC9B81F5BD9B82F5BE9B83F5BF9B0B
:10BA000084F5C09B85F5C19B86F5C29B87F5C39BDA
:10BA100088F5C49B89F5C59B8AF5C69B8BF5C79BAA
:10BA20008CF5C89B8DF5C99B8EF5CA9B8FF5CB9B7A
:10BA300090F5CC9B91F5CD9B92F5CE9B93F5CF9B4A
:10BA400094F5D09B95F5D19B96F5D29B97F5D39B1A
:10BA500098F5D49B99F5D59B9AF5D69B9BF5D79BEA
:10BA60009CF5D89B9DF5D99B9EF5DA9B9FF5DB9BBA
:10BA7000A0F5DC9B40F6DD9B41F6DE9B42F6DF9BAA
:10BA800043F6E09B44F6E19B45F6E29B46F6E39BDA
:10BA900047F6E49B48F6E59B49F6E69B4AF6E79BAA
:10BAA0004BF6E89B4CF6E99B4DF6EA9B4EF6EB9B7A
:10BAB0004FF6EC9B50F6ED9B51F6EE9B52F6EF9B4A
:10BAC00053F6F09B54F6F19B55F6F29B56F6F39B1A
:10BAD00057F6F49B58F6F59B59F6F69B5AF6F79BEA
:10BAE0005BF6F89B5CF6F99B5DF6FA9B5EF6FB9BBA
:10BAF0005FF6FC9B60F6FD9B61F6FE9B62F6FF9B8A
:10BB000063F6009C64F6019C65F6029C66F6039C55
:10BB100067F6049C68F6059C69F6069C6AF6079C25
:10BB20006BF6089C6CF6099C6DF60A9C6EF60B9CF5
:10BB30006FF60C9C70F60D9C71F60E9C72F60F9CC5
:10BB400073F6109C74F6119C75F6129C76F6139C95
:10BB500077F6149C78F6159C79F6169C7AF6179C65
:10BB60007BF6189C7CF6199C7DF61A9C7EF61B9C35
:10BB700080F61C9C81F61D9C82F61E9C83F61F9C01
:10BB800084F6209C85F6219C86F6229C87F6239CD1
:10BB900088F6249C89F6259C8AF6269C8BF6279CA1
:10BBA0008CF6289C8DF6299C8EF62A9C8FF62B9C71
:10BBB00090F62C9C91F62D9C92F62E9C93F62F9C41
:10BBC00094F6309C95F6319C96F6329C97F6339C11
:10BBD00098F6349C99F6359C9AF6369C9BF6379CE1
:10BBE0009CF6389C9DF6399C9EF63A9C9FF63B9CB1
:10BBF000A0F63C9C40F73D9C41F73E9C42F73F9CA1
:10BC000043F7409C44F7419C45F7429C46F7439CD0
:10BC100047F7449C48F7459C49F7469C4AF7479CA0
:10BC20004BF7489C4CF7499C4DF74A9C4EF74B9C70
:10BC30004FF74C9C50F74D9C51F74E9C52F74F9C40
:10BC400053F7509C54F7519C55F7529C56F7539C10
:10BC500057F7549C58F7559C59F7569C5AF7579CE0
:10BC60005BF7589C5CF7599C5DF75A9C5EF75B9CB0
:10BC70005FF75C9C60F75D9C61F75E9C62F75F9C80
:10BC800063F7609C64F7619C65F7629C66F7639C50
:10BC900067F7649C68F7659C69F7669C6AF7679C20
:10BCA0006BF7689C6CF7699C6DF76A9C6EF76B9CF0
:10BCB0006FF76C9C70F76D9C71F76E9C72F76F9CC0
:10BCC00073F7709C74F7719C75F7729C76F7739C90
:10BCD00077F7749C78F7759C79F7769C7AF7779C60
:10BCE0007BF7789C7CF7799C7DF77A9C7EF77B9C30
:10BCF00080F77C9CE3D37D9C81F77E9C82F77F9CC0
:10BD0000CFF6809C83F7819CB3C2829CD0F6839C43
:10BD100084F7849C85F7859CD1F6869CD2F6879C17
:10BD2000D3F6889CD4F6899C86F78A9C87F78B9CEF
:10BD3000D6F68C9C88F78D9CABB18E9CD7F68F9CE9
:10BD400089F7909CD8F6919CD9F6929CDAF6939C50
:10BD50008AF7949CDBF6959CDCF6969C8BF7979C77
:10BD60008CF7989C8DF7999C8EF79A9CDDF69B9C9E
:10BD7000DEF69C9CCACF9D9C8FF79E9CDFF69F9C15
:10BD8000E0F6A09CE1F6A19CE2F6A29CE3F6A39C5F
:10BD9000E4F6A49CF0C0A59CE5F6A69CE6F6A79C5C
:10BDA000E7F6A89CE8F6A99CE9F6AA9C90F7AB9C5C
:10BDB000EAF6AC9C91F7AD9CEBF6AE9CECF6AF9C32
:10BDC00092F7B09CEDF6B19CEEF6B29CEFF6B39C08
:10BDD000F0F6B49CF1F6B59CF2F6B69CF3F6B79C7F
:10BDE000F4F6B89CA8BEB99C93F7BA9CF5F6BB9C38
:10BDF000F6F6BC9CF7F6BD9CF8F6BE9C94F7BF9C8B
:10BE000095F7C09C96F7C19C97F7C29C98F7C39C86
:10BE1000FAC8C49CF9F6C59CFAF6C69CFBF6C79C0A
:10BE2000FCF6C89C99F7C99C9AF7CA9CFDF6CB9C76
:10BE3000FEF6CC9CA1F7CD9CA2F7CE9CA3F7CF9C9D
:10BE4000A4F7D09CA5F7D19C9BF7D29C9CF7D39CE0
:10BE5000A6F7D49CA7F7D59CA8F7D69CEEB1D79CA3
:10BE6000A9F7D89CAAF7D99CABF7DA9C9DF7DB9C85
:10BE70009EF7DC9CACF7DD9CADF7DE9CDBC1DF9C64
:10BE8000AEF7E09C9FF7E19CA0F7E29CAFF7E39C44
:10BE900040F8E49C41F8E59C42F8E69C43F8E79CB6
:10BEA00044F8E89C45F8E99C46F8EA9C47F8EB9C86
:10BEB00048F8EC9C49F8ED9C4AF8EE9C4BF8EF9C56
:10BEC0004CF8F09C4DF8F19C4EF8F29C4FF8F39C26
:10BED00050F8F49C51F8F59C52F8F69C53F8F79CF6
:10BEE00054F8F89C55F8F99C56F8FA9C57F8FB9CC6
:10BEF00058F8FC9C59F8FD9C5AF8FE9C5BF8FF9C96
:10BF00005CF8009D5DF8019D5EF8029D5FF8039D61
:10BF100060F8049D61F8059D62F8069D63F8079D31
:10BF200064F8089D65F8099D66F80A9D67F80B9D01
:10BF300068F80C9D69F80D9D6AF80E9D6BF80F9DD1
:10BF40006CF8109D6DF8119D6EF8129D6FF8139DA1
:10BF500070F8149D71F8159D72F8169D73F8179D71
:10BF600074F8189D75F8199D76F81A9D77F81B9D41
:10BF700078F81C9D79F81D9D7AF81E9D7BF81F9D11
:10BF80007CF8209D7DF8219D7EF8229D80F8239DE0
:10BF900081F8249D82F8259D83F8269D84F8279DAD
:10BFA00085F8289D86F8299D87F82A9D88F82B9D7D
:10BFB00089F82C9D8AF82D9D8BF82E9D8CF82F9D4D
:10BFC0008DF8309D8EF8319D8FF8329D90F8339D1D
:10BFD00091F8349D92F8359D93F8369D94F8379DED
:10BFE00095F8389D96F8399D97F83A9D98F83B9DBD
:10BFF00099F83C9D9AF83D9D9BF83E9D9CF83F9D8D
:10C000009DF8409D9EF8419D9FF8429DA0F8439D5C
:10C0100040F9449D41F9459D42F9469D43F9479DAC
:10C0200044F9489D45F9499D46F94A9D47F94B9D7C
:10C0300048F94C9D49F94D9D4AF94E9D4BF94F9D4C
:10C040004CF9509D4DF9519D4EF9529D4FF9539D1C
:10C0500050F9549D51F9559D52F9569D53F9579DEC
:10C0600054F9589D55F9599D56F95A9D57F95B9DBC
:10C0700058F95C9D59F95D9D5AF95E9D5BF95F9D8C
:10C080005CF9609D5DF9619D5EF9629D5FF9639D5C
:10C0900060F9649D61F9659D62F9669D63F9679D2C
:10C0A00064F9689D65F9699D66F96A9D67F96B9DFC
:10C0B00068F96C9D69F96D9D6AF96E9D6BF96F9DCC
:10C0C0006CF9709D6DF9719D6EF9729D6FF9739D9C
:10C0D00070F9749D71F9759D72F9769D73F9779D6C
:10C0E00074F9789D75F9799D76F97A9D77F97B9D3C
:10C0F00078F97C9D79F97D9D7AF97E9D7BF97F9D0C
:10C100007CF9809D7DF9819D7EF9829D80F9839DDA
:10C1100081F9849D82F9859D83F9869D84F9879DA7
:10C1200085F9889D86F9899D87F98A9D88F98B9D77
:10C1300089F98C9D8AF98D9D8BF98E9D8CF98F9D47
:10C140008DF9909D8EF9919D8FF9929D90F9939D17
:10C1500091F9949D92F9959D93F9969D94F9979DE7
:10C1600095F9989D96F9999D97F99A9D98F99B9DB7
:10C1700099F99C9D9AF99D9D9BF99E9D9CF99F9D87
:10C180009DF9A09D9EF9A19D9FF9A29DA0F9A39D57
:10C1900040FAA49D41FAA59D42FAA69D43FAA79DA7
:10C1A00044FAA89D45FAA99D46FAAA9D47FAAB9D77
:10C1B00048FAAC9D49FAAD9D4AFAAE9D4BFAAF9D47
:10C1C0004CFAB09D4DFAB19D4EFAB29D4FFAB39D17
:10C1D00050FAB49D51FAB59D52FAB69D53FAB79DE7
:10C1E00054FAB89D55FAB99D56FABA9D57FABB9DB7
:10C1F00058FABC9D59FABD9D5AFABE9D5BFABF9D87
:10C200005CFAC09D5DFAC19D5EFAC29D5FFAC39D56
:10C2100060FAC49D61FAC59D62FAC69D63FAC79D26
:10C2200064FAC89D65FAC99D66FACA9D67FACB9DF6
:10C2300068FACC9D69FACD9D6AFACE9D6BFACF9DC6
:10C240006CFAD09D6DFAD19D6EFAD29D6FFAD39D96
:10C2500070FAD49D71FAD59D72FAD69D73FAD79D66
:10C2600074FAD89D75FAD99D76FADA9D77FADB9D36
:10C2700078FADC9D79FADD9D7AFADE9D7BFADF9D06
:10C280007CFAE09D7DFAE19D7EFAE29D80FAE39DD5
:10C2900081FAE49D82FAE59D83FAE69D84FAE79DA2
:10C2A00085FAE89D86FAE99D87FAEA9D88FAEB9D72
:10C2B00089FAEC9D8AFAED9D8BFAEE9D8CFAEF9D42
:10C2C0008DFAF09D8EFAF19D8FFAF29D90FAF39D12
:10C2D00091FAF49D92FAF59D93FAF69D94FAF79DE2
:10C2E00095FAF89D96FAF99D97FAFA9D98FAFB9DB2
:10C2F00099FAFC9D9AFAFD9D9BFAFE9D9CFAFF9D82
:10C300009DFA009E9EFA019E9FFA029EA0FA039E4D
:10C3100040FB049E41FB059E42FB069E43FB079E9D
:10C3200044FB089E45FB099E46FB0A9E47FB0B9E6D
:10C3300048FB0C9E49FB0D9E4AFB0E9E4BFB0F9E3D
:10C340004CFB109E4DFB119E4EFB129E4FFB139E0D
:10C3500050FB149E51FB159E52FB169E53FB179EDD
:10C3600054FB189E55FB199E56FB1A9E57FB1B9EAD
:10C3700058FB1C9E59FB1D9E5AFB1E9E5BFB1F9E7D
:10C38000F1C4209EAFF0219EA6BC229EB0F0239E59
:10C39000F9C3249E5CFB259EB8C5269EBBD1279E73
:10C3A0005DFB289EB1F0299EB2F02A9EB3F02B9E31
:10C3B000B4F02C9EB5F02D9EBCD12E9E5EFB2F9E20
:10C3C000ECD1309E5FFB319EB7F0329EB6F0339ECB
:10C3D000A7D4349E60FB359ED2CD369EB8F0379EF2
:10C3E000BAF0389EB9F0399EBBF03A9EBCF03B9E45
:10C3F00061FB3C9E62FB3D9EEBB83E9EBDF03F9EC6
:10C40000E8BA409E63FB419EBEF0429EBFF0439E51
:10C41000E9BE449EC0F0459EECB6469EC1F0479EE4
:10C42000C2F0489EC3F0499EC4F04A9EB5C84B9ED8
:10C43000C5F04C9EC6F04D9E64FB4E9EC7F04F9ECD
:10C44000F4C5509E65FB519EC8F0529E66FB539EFC
:10C4500067FB549E68FB559EC9F0569E69FB579E2C
:10C46000CAF0589EBDF7599E6AFB5A9ECBF05B9E60
:10C47000CCF05C9ECDF05D9E6BFB5E9ECEF05F9E31
:10C480006CFB609E6DFB619E6EFB629E6FFB639E0C
:10C49000CFF0649ED7BA659E70FB669ED0F0679E13
:10C4A000D1F0689ED2F0699ED3F06A9ED4F06B9E64
:10C4B000D5F06C9ED6F06D9ED8F06E9E71FB6F9E8F
:10C4C00072FB709EA5D3719ED7F0729E73FB739E14
:10C4D000D9F0749E74FB759E75FB769E76FB779EF5
:10C4E00077FB789E78FB799E79FB7A9E7AFB7B9E20
:10C4F0007BFB7C9E7CFB7D9E7DFB7E9EBAF57F9EBA
:10C50000B9C2809E7EFB819E80FB829EE4F7839E63
:10C5100081FB849E82FB859E83FB869E84FB879E97
:10C52000E5F7889EE6F7899E85FB8A9E86FB8B9EB3
:10C53000E7F78C9E87FB8D9E88FB8E9E89FB8F9EE6
:10C540008AFB909E8BFB919E8CFB929EE8F7939EBC
:10C55000B4C2949E8DFB959E8EFB969E8FFB979EFC
:10C5600090FB989E91FB999E92FB9A9E93FB9B9EBB
:10C5700094FB9C9E95FB9D9EEAF79E9E96FB9F9E3C
:10C58000EBF7A09E97FBA19E98FBA29E99FBA39E12
:10C590009AFBA49E9BFBA59E9CFBA69EF3C2A79E16
:10C5A0009DFBA89E9EFBA99E9FFBAA9EA0FBAB9E07
:10C5B00040FCAC9E41FCAD9E42FCAE9E43FCAF9E57
:10C5C00044FCB09E45FCB19E46FCB29E47FCB39E27
:10C5D00048FCB49EF0F4B59E49FCB69E4AFCB79E5A
:10C5E0004BFCB89EEFF4B99E4CFCBA9E4DFCBB9E32
:10C5F000E9C2BC9E4EFCBD9EE1F7BE9EE2F7BF9E27
:10C600004FFCC09E50FCC19E51FCC29E52FCC39E7A
:10C6100053FCC49EC6BBC59E54FCC69E55FCC79E1B
:10C6200056FCC89E57FCC99EE4D9CA9E58FCCB9EB6
:10C6300059FCCC9E5AFCCD9EF2CACE9EE8C0CF9E3D
:10C64000A4F0D09E5BFCD19EDABAD29E5CFCD39E55
:10C650005DFCD49EADC7D59E5EFCD69E5FFCD79E8A
:10C6600060FCD89EACC4D99E61FCDA9E62FCDB9E65
:10C67000ECF7DC9EEDF7DD9EEEF7DE9E63FCDF9EC1
:10C68000F0F7E09EEFF7E19E64FCE29EF1F7E39E97
:10C6900065FCE49E66FCE59EF4F7E69E67FCE79E7B
:10C6A000F3F7E89E68FCE99EF2F7EA9EF5F7EB9E49
:10C6B00069FCEC9E6AFCED9E6BFCEE9E6CFCEF9EB2
:10C6C000F6F7F09E6DFCF19E6EFCF29E6FFCF39E01
:10C6D00070FCF49E71FCF59E72FCF69E73FCF79E56
:10C6E00074FCF89E75FCF99EE9EDFA9E76FCFB9EC3
:10C6F000EAEDFC9EEBEDFD9E77FCFE9EBCF6FF9EF8
:10C7000078FC009F79FC019F7AFC029F7BFC039FD1
:10C710007CFC049F7DFC059F7EFC069F80FC079FA0
:10C7200081FC089F82FC099F83FC0A9F84FC0B9F6D
:10C73000BDF60C9F85FC0D9FBEF60E9FA6B60F9F03
:10C7400086FC109FBED8119F87FC129F88FC139F08
:10C75000C4B9149F89FC159F8AFC169F8BFC179FF8
:10C76000BBD8189F8CFC199FB1DC1A9F8DFC1B9FB6
:10C770008EFC1C9F8FFC1D9F90FC1E9F91FC1F9F99
:10C7800092FC209FF3CA219F93FC229FF7F7239FDF
:10C7900094FC249F95FC259F96FC269F97FC279F41
:10C7A00098FC289F99FC299F9AFC2A9F9BFC2B9F11
:10C7B0009CFC2C9FF8F72D9F9DFC2E9F9EFC2F9F8D
:10C7C000F9F7309F9FFC319FA0FC329F40FD339FC3
:10C7D00041FD349F42FD359F43FD369F44FD379F09
:10C7E000FBF7389F45FD399FFAF73A9F46FD3B9F7F
:10C7F000C7B13C9F47FD3D9FFCF73E9FFDF73F9F24
:10C8000048FD409F49FD419F4AFD429F4BFD439F8C
:10C810004CFD449FFEF7459F4DFD469F4EFD479FB3
:10C820004FFD489F50FD499F51FD4A9F52FD4B9F30
:10C8300053FD4C9F54FD4D9F55FD4E9F56FD4F9F00
:10C8400057FD509FEBC6519FB4EC529F58FD539F2C
:10C8500059FD549F5AFD559F5BFD569F5CFD579FA8
:10C860005DFD589F5EFD599F5FFD5A9F60FD5B9F78
:10C8700061FD5C9F62FD5D9F63FD5E9F64FD5F9F48
:10C8800065FD609F66FD619F67FD629F68FD639F18
:10C8900069FD649F6AFD659F6BFD669F6CFD679FE8
:10C8A0006DFD689F6EFD699F6FFD6A9F70FD6B9FB8
:10C8B00071FD6C9F72FD6D9F73FD6E9F74FD6F9F88
:10C8C00075FD709F76FD719F77FD729F78FD739F58
:10C8D00079FD749F7AFD759F7BFD769F7CFD779F28
:10C8E0007DFD789F7EFD799F80FD7A9F81FD7B9FF6
:10C8F00082FD7C9F83FD7D9F84FD7E9F85FD7F9FC4
:10C90000DDB3809FB3F6819F86FD829F87FD839F65
:10C91000B4F6849FE4C1859FB5F6869FB6F6879FDF
:10C92000B7F6889FB8F6899FB9F68A9FBAF68B9FAB
:10C93000A3C88C9FBBF68D9F88FD8E9F89FD8F9F1E
:10C940008AFD909F8BFD919F8CFD929F8DFD939F03
:10C950008EFD949F8FFD959F90FD969F91FD979FD3
:10C9600092FD989F93FD999FFAC19A9FA8B99B9FAA
:10C97000E8ED9C9F94FD9D9F95FD9E9F96FD9F9F3A
:10C98000EAB9A09FDFD9A19F97FDA29F98FDA39F21
:10C9900099FDA49F9AFDA59F9BFD2CF99CFD79F91B
:10C9A0009DFD95F99EFDE7F99FFDF1F9A0FD0CFABB
:10C9B00040FE0DFA41FE0EFA42FE0FFA43FE11FA56
:10C9C00044FE13FA45FE14FA46FE18FA47FE1FFA13
:10C9D00048FE20FA49FE21FA4AFE23FA4BFE24FAC9
:10C9E0004CFE27FA4DFE28FA4EFE29FA4FFE30FE85
:10C9F00055A931FEF2A633FEF4A634FEF5A635FEA7
:10CA0000E0A636FEE1A637FEF0A638FEF1A639FE16
:10CA1000E2A63AFEE3A63BFEEEA63CFEEFA63DFEF6
:10CA2000E6A63EFEE7A63FFEE4A640FEE5A641FEE2
:10CA3000E8A642FEE9A643FEEAA644FEEBA649FEAE
:10CA400068A94AFE69A94BFE6AA94CFE6BA94DFE76
:10CA50006CA94EFE6DA94FFE6EA950FE6FA951FE46
:10CA600070A952FE71A954FE72A955FE73A956FE13
:10CA700074A957FE75A959FE76A95AFE77A95BFEDF
:10CA800078A95CFE79A95DFE7AA95EFE7BA95FFEAE
:10CA90007CA960FE7DA961FE7EA962FE80A963FE7D
:10CAA00081A964FE82A965FE83A966FE84A968FE49
:10CAB00085A969FE86A96AFE87A96BFE88A901FF80
:10CAC000A1A302FFA2A303FFA3A304FFE7A105FF05
:10CAD000A5A306FFA6A307FFA7A308FFA8A309FF16
:10CAE000A9A30AFFAAA30BFFABA30CFFACA30DFFE6
:10CAF000ADA30EFFAEA30FFFAFA310FFB0A311FFB6
:10CB0000B1A312FFB2A313FFB3A314FFB4A315FF85
:10CB1000B5A316FFB6A317FFB7A318FFB8A319FF55
:10CB2000B9A31AFFBAA31BFFBBA31CFFBCA31DFF25
:10CB3000BDA31EFFBEA31FFFBFA320FFC0A321FFF5
:10CB4000C1A322FFC2A323FFC3A324FFC4A325FFC5
:10CB5000C5A326FFC6A327FFC7A328FFC8A329FF95
:10CB6000C9A32AFFCAA32BFFCBA32CFFCCA32DFF65
:10CB7000CDA32EFFCEA32FFFCFA330FFD0A331FF35
:10CB8000D1A332FFD2A333FFD3A334FFD4A335FF05
:10CB9000D5A336FFD6A337FFD7A338FFD8A339FFD5
:10CBA000D9A33AFFDAA33BFFDBA33CFFDCA33DFFA5
:10CBB000DDA33EFFDEA33FFFDFA340FFE0A341FF75
:10CBC000E1A342FFE2A343FFE3A344FFE4A345FF45
:10CBD000E5A346FFE6A347FFE7A348FFE8A349FF15
:10CBE000E9A34AFFEAA34BFFEBA34CFFECA34DFFE5
:10CBF000EDA34EFFEEA34FFFEFA350FFF0A351FFB5
:10CC0000F1A352FFF2A353FFF3A354FFF4A355FF84
:10CC1000F5A356FFF6A357FFF7A358FFF8A359FF54
:10CC2000F9A35AFFFAA35BFFFBA35CFFFCA35DFF24
:10CC3000FDA35EFFABA1E0FFE9A1E1FFEAA1E2FFF6
:10CC400056A9E3FFFEA3E4FF57A9E5FFA4A3000054
:10CC500000008000AC204081024E4181044E4281A0
:10CC6000054E4381064E44810F4E4581124E46814A
:10CC7000174E47811F4E4881204E4981214E4A81DF
:10CC8000234E4B81264E4C81294E4D812E4E4E8196
:10CC90002F4E4F81314E5081334E5181354E52814E
:10CCA000374E53813C4E5481404E5581414E568102
:10CCB000424E5781444E5881464E59814A4E5A81C0
:10CCC000514E5B81554E5C81574E5D815A4E5E815F
:10CCD0005B4E5F81624E6081634E6181644E628112
:10CCE000654E6381674E6481684E65816A4E6681D8
:10CCF0006B4E67816C4E68816D4E69816E4E6A81A4
:10CD00006F4E6B81724E6C81744E6D81754E6E816B
:10CD1000764E6F81774E7081784E7181794E728137
:10CD20007A4E73817B4E74817C4E75817D4E768107
:10CD30007F4E7781804E7881814E7981824E7A81D3
:10CD4000834E7B81844E7C81854E7D81874E7E81A2
:10CD50008A4E8081904E8181964E8281974E83814A
:10CD6000994E84819C4E85819D4E86819E4E878101
:10CD7000A34E8881AA4E8981AF4E8A81B04E8B81A5
:10CD8000B14E8C81B44E8D81B64E8E81B74E8F815F
:10CD9000B84E9081B94E9181BC4E9281BD4E938127
:10CDA000BE4E9481C84E9581CC4E9681CF4E9781D0
:10CDB000D04E9881D24E9981DA4E9A81DB4E9B817A
:10CDC000DC4E9C81E04E9D81E24E9E81E64E9F812D
:10CDD000E74EA081E94EA181ED4EA281EE4EA381E6
:10CDE000EF4EA481F14EA581F44EA681F84EA781A5
:10CDF000F94EA881FA4EA981FC4EAA81FE4EAB8164
:10CE0000004FAC81024FAD81034FAE81044FAF8123
:10CE1000054FB081064FB181074FB281084FB381F2
:10CE20000B4FB4810C4FB581124FB681134FB781B0
:10CE3000144FB881154FB981164FBA811C4FBB8171
:10CE40001D4FBC81214FBD81234FBE81284FBF8123
:10CE5000294FC0812C4FC1812D4FC2812E4FC381DC
:10CE6000314FC481334FC581354FC681374FC7819C
:10CE7000394FC8813B4FC9813E4FCA813F4FCB815B
:10CE8000404FCC81414FCD81424FCE81444FCF8125
:10CE9000454FD081474FD181484FD281494FD381EF
:10CEA0004A4FD4814B4FD5814C4FD681524FD781B9
:10CEB000544FD881564FD981614FDA81624FDB815F
:10CEC000664FDC81684FDD816A4FDE816B4FDF8109
:10CED0006D4FE0816E4FE181714FE281724FE381CE
:10CEE000754FE481774FE581784FE681794FE7818F
:10CEF0007A4FE8817D4FE981804FEA81814FEB8154
:10CF0000824FEC81854FED81864FEE81874FEF8117
:10CF10008A4FF0818C4FF1818E4FF281904FF381D7
:10CF2000924FF481934FF581954FF681964FF7819B
:10CF3000984FF881994FF9819A4FFA819C4FFB8164
:10CF40009E4FFC819F4FFD81A14FFE81A24F4082E9
:10CF5000A44F4182AB4F4282AD4F4382B04F4482D7
:10CF6000B14F4582B24F4682B34F4782B44F488299
:10CF7000B64F4982B74F4A82B84F4B82B94F4C8265
:10CF8000BA4F4D82BB4F4E82BC4F4F82BD4F508235
:10CF9000BE4F5182C04F5282C14F5382C24F548202
:10CFA000C64F5582C74F5682C84F5782C94F5882C5
:10CFB000CB4F5982CC4F5A82CD4F5B82D24F5C828D
:10CFC000D34F5D82D44F5E82D54F5F82D64F608251
:10CFD000D94F6182DB4F6282E04F6382E24F64820D
:10CFE000E44F6582E54F6682E74F6782EB4F6882C8
:10CFF000EC4F6982F04F6A82F24F6B82F44F6C8281
:10D00000F54F6D82F64F6E82F74F6F82F94F708247
:10D01000FB4F7182FC4F7282FD4F7382FF4F74820F
:10D0200000507582015076820250778203507882D8
:10D030000450798205507A8206507B8207507C82A8
:10D0400008507D8209507E820A5080820B50818276
:10D050000E50828210508382115084821350858238
:10D060001550868216508782175088821B508982FD
:10D070001D508A821E508B8220508C8222508D82BD
:10D0800023508E8224508F82275090822B50918281
:10D090002F50928230509382315094823250958238
:10D0A0003350968234509782355098823650998208
:10D0B00037509A8238509B8239509C823B509D82D7
:10D0C0003D509E823F509F824050A0824150A1829D
:10D0D0004250A2824450A3824550A4824650A58269
:10D0E0004950A6824A50A7824B50A8824D50A9822F
:10D0F0005050AA825150AB825250AC825350AD82F4
:10D100005450AE825650AF825750B0825850B182C0
:10D110005950B2825B50B3825D50B4825E50B5828A
:10D120005F50B6826050B7826150B8826250B98257
:10D130006350BA826450BB826650BC826750BD8225
:10D140006850BE826950BF826A50C0826B50C182F3
:10D150006D50C2826E50C3826F50C4827050C582BF
:10D160007150C6827250C7827350C8827450C9828F
:10D170007550CA827850CB827950CC827A50CD8259
:10D180007C50CE827D50CF828150D0828250D1821D
:10D190008350D2828450D3828650D4828750D582E5
:10D1A0008950D6828A50D7828B50D8828C50D982AF
:10D1B0008E50DA828F50DB829050DC829150DD827B
:10D1C0009250DE829350DF829450E0829550E1824B
:10D1D0009650E2829750E3829850E4829950E5821B
:10D1E0009A50E6829B50E7829C50E8829D50E982EB
:10D1F0009E50EA829F50EB82A050EC82A150ED82BB
:10D20000A250EE82A450EF82A650F082AA50F18282
:10D21000AB50F282AD50F382AE50F482AF50F58243
:10D22000B050F682B150F782B350F882B450F98210
:10D23000B550FA82B650FB82B750FC82B850FD82DE
:10D24000B950FE82BC504083BD504183BE504283E2
:10D25000BF504383C0504483C1504583C25046836E
:10D26000C3504783C4504883C5504983C6504A833E
:10D27000C7504B83C8504C83C9504D83CA504E830E
:10D28000CB504F83CC505083CD505183CE505283DE
:10D29000D0505383D1505483D2505583D3505683AA
:10D2A000D4505783D5505883D7505983D8505A8378
:10D2B000D9505B83DB505C83DC505D83DD505E8343
:10D2C000DE505F83DF506083E0506183E150628312
:10D2D000E2506383E3506483E4506583E5506683E2
:10D2E000E8506783E9506883EA506983EB506A83AA
:10D2F000EF506B83F0506C83F1506D83F2506E836E
:10D30000F4506F83F6507083F7507183F850728336
:10D31000F9507383FA507483FC507583FD50768303
:10D32000FE507783FF5078830051798301517A83CF
:10D3300002517B8303517C8304517D8305517E839D
:10D3400008518083095181830A5182830C51838360
:10D350000D5184830E5185830F518683105187832D
:10D36000115188831351898314518A8315518B83FA
:10D3700016518C8317518D8318518E8319518F83C9
:10D380001A5190831B5191831C5192831D51938399
:10D390001E5194831F519583205196832251978368
:10D3A000235198832451998325519A8326519B8335
:10D3B00027519C8328519D8329519E832A519F8305
:10D3C0002B51A0832C51A1832D51A2832E51A383D5
:10D3D0002F51A4833051A5833151A6833251A783A5
:10D3E0003351A8833451A9833551AA833651AB8375
:10D3F0003751AC833851AD833951AE833A51AF8345
:10D400003B51B0833C51B1833D51B2833E51B38314
:10D410004251B4834751B5834A51B6834C51B783C7
:10D420004E51B8834F51B9835051BA835251BB8387
:10D430005351BC835751BD835851BE835951BF834B
:10D440005B51C0835D51C1835E51C2835F51C38311
:10D450006051C4836151C5836351C6836451C783DE
:10D460006651C8836751C9836951CA836A51CB83A6
:10D470006F51CC837251CD837A51CE837E51CF834D
:10D480007F51D0838351D1838451D2838651D383FA
:10D490008751D4838A51D5838B51D6838E51D783BC
:10D4A0008F51D8839051D9839151DA839351DB8383
:10D4B0009451DC839851DD839A51DE839D51DF8343
:10D4C0009E51E0839F51E183A151E283A351E38305
:10D4D000A651E483A751E583A851E683A951E783C8
:10D4E000AA51E883AD51E983AE51EA83B451EB838D
:10D4F000B851EC83B951ED83BA51EE83BE51EF833D
:10D50000BF51F083C151F183C251F283C351F38300
:10D51000C551F483C851F583CA51F683CD51F783C1
:10D52000CE51F883D051F983D251FA83D351FB8382
:10D53000D451FC83D551FD83D651FE83D75140840D
:10D54000D8514184D9514284DA514384DC51448416
:10D55000DE514584DF514684E2514784E3514884DB
:10D56000E5514984E6514A84E7514B84E8514C84A3
:10D57000E9514D84EA514E84EC514F84EE51508470
:10D58000F1515184F2515284F4515384F75154842F
:10D59000FE515584045256840552578409525884CA
:10D5A0000B5259840C525A840F525B8410525C8483
:10D5B00013525D8414525E8415525F841C52608441
:10D5C0001E5261841F5262842152638422526484F9
:10D5D00023526584255266842652678427526884C4
:10D5E0002A5269842C526A842F526B8431526C8483
:10D5F00032526D8434526E8435526F843C52708442
:10D600003E527184445272844552738446527484EB
:10D610004752758448527684495277844B527884B5
:10D620004E5279844F527A8452527B8453527C8476
:10D6300055527D8457527E84585280845952818439
:10D640005A5282845B5283845D5284845F52858403
:10D6500060528684625287846352888464528984CB
:10D6600066528A8468528B846B528C846C528D848F
:10D670006D528E846E528F84705290847152918458
:10D680007352928474529384755294847652958422
:10D690007752968478529784795298847A529984F2
:10D6A0007B529A847C529B847E529C8480529D84BF
:10D6B00083529E8484529F848552A0848652A18482
:10D6C0008752A2848952A3848A52A4848B52A5844F
:10D6D0008C52A6848D52A7848E52A8848F52A9841E
:10D6E0009152AA849252AB849452AC849552AD84E8
:10D6F0009652AE849752AF849852B0849952B184B6
:10D700009A52B2849C52B384A452B484A552B58474
:10D71000A652B684A752B784AE52B884AF52B98429
:10D72000B052BA84B452BB84B552BC84B652BD84E4
:10D73000B752BE84B852BF84B952C084BA52C184B1
:10D74000BB52C284BC52C384BD52C484C052C5847F
:10D75000C152C684C252C784C452C884C552C98447
:10D76000C652CA84C852CB84CA52CC84CC52CD840F
:10D77000CD52CE84CE52CF84CF52D084D152D184D8
:10D78000D352D284D452D384D552D484D752D584A0
:10D79000D952D684DA52D784DB52D884DC52D98469
:10D7A000DD52DA84DE52DB84E052DC84E152DD8437
:10D7B000E252DE84E352DF84E552E084E652E18403
:10D7C000E752E284E852E384E952E484EA52E584D1
:10D7D000EB52E684EC52E784ED52E884EE52E984A1
:10D7E000EF52EA84F152EB84F252EC84F352ED846E
:10D7F000F452EE84F552EF84F652F084F752F1843D
:10D80000F852F284FB52F384FC52F484FD52F58406
:10D810000153F6840253F7840353F8840453F984C4
:10D820000753FA840953FB840A53FC840B53FD8489
:10D830000C53FE840E53408511534185125342858B
:10D840001353438514534485185345851B5346850C
:10D850001C5347851E5348851F53498522534A85CB
:10D8600024534B8525534C8527534D8528534E858E
:10D8700029534F852B5350852C5351852D53528559
:10D880002F53538530535485315355853253568524
:10D8900033535785345358853553598536535A85F4
:10D8A00037535B8538535C853C535D853D535E85BE
:10D8B00040535F854253608544536185465362857A
:10D8C0004B5363854C5364854D5365855053668532
:10D8D0005453678558536885595369855B536A85E6
:10D8E0005D536B8565536C8568536D856A536E8592
:10D8F0006C536F856D537085725371857653728545
:10D90000795373857B5374857C5375857D537685F8
:10D910007E537785805378858153798583537A85C3
:10D9200087537B8588537C858A537D858E537E857E
:10D930008F5380859053818591538285925383853F
:10D94000935384859453858596538685975387850D
:10D95000995388859B5389859C538A859E538B85D3
:10D96000A0538C85A1538D85A4538E85A7538F8595
:10D97000AA539085AB539185AC539285AD53938553
:10D98000AF539485B0539585B1539685B25397851F
:10D99000B3539885B4539985B5539A85B7539B85EE
:10D9A000B8539C85B9539D85BA539E85BC539F85BA
:10D9B000BD53A085BE53A185C053A285C353A38583
:10D9C000C453A485C553A585C653A685C753A7854B
:10D9D000CE53A885CF53A985D053AA85D253AB8502
:10D9E000D353AC85D553AD85DA53AE85DC53AF85C3
:10D9F000DD53B085DE53B185E153B285E253B38583
:10DA0000E753B485F453B585FA53B685FE53B7850D
:10DA1000FF53B8850054B9850254BA850554BB85B7
:10DA20000754BC850B54BD851454BE851854BF855E
:10DA30001954C0851A54C1851C54C2852254C3850B
:10DA40002454C4852554C5852A54C6853054C785B9
:10DA50003354C8853654C9853754CA853A54CB8562
:10DA60003D54CC853F54CD854154CE854254CF851D
:10DA70004454D0854554D1854754D2854954D385E3
:10DA80004C54D4854D54D5854E54D6854F54D785A6
:10DA90005154D8855A54D9855D54DA855E54DB8556
:10DAA0005F54DC856054DD856154DE856354DF8519
:10DAB0006554E0856754E1856954E2856A54E385DD
:10DAC0006B54E4856C54E5856D54E6856E54E785AA
:10DAD0006F54E8857054E9857454EA857954EB8570
:10DAE0007A54EC857E54ED857F54EE858154EF8524
:10DAF0008354F0858554F1858754F2858854F385E5
:10DB00008954F4858A54F5858D54F6859154F785AA
:10DB10009354F8859754F9859854FA859C54FB855D
:10DB20009E54FC859F54FD85A054FE85A1544086DB
:10DB3000A2544186A5544286AE544386B0544486CE
:10DB4000B2544586B5544686B6544786B75448867F
:10DB5000B9544986BA544A86BC544B86BE544C8646
:10DB6000C3544D86C5544E86CA544F86CB545086F6
:10DB7000D6545186D8545286DB545386E05454868A
:10DB8000E1545586E2545686E3545786E454588649
:10DB9000EB545986EC545A86EF545B86F0545C86FD
:10DBA000F1545D86F4545E86F5545F86F6546086C3
:10DBB000F7546186F8546286F9546386FB54648690
:10DBC000FE5465860055668602556786035568864D
:10DBD0000455698605556A8608556B860A556C8614
:10DBE0000B556D860C556E860D556F860E557086DD
:10DBF000125571861355728615557386165574869F
:10DC00001755758618557686195577861A5578866C
:10DC10001C5579861D557A861E557B861F557C8638
:10DC200021557D8625557E862655808628558186F8
:10DC3000295582862B5583862D55848632558586B7
:10DC40003455868635558786365588863855898673
:10DC500039558A863A558B863B558C863D558D863F
:10DC600040558E8642558F864555908647559186FC
:10DC7000485592864B5593864C5594864D559586BE
:10DC80004E5596864F55978651559886525599868A
:10DC900053559A8654559B8657559C8658559D8654
:10DCA00059559E865A559F865B55A0865D55A1861F
:10DCB0005E55A2865F55A3866055A4866255A586EB
:10DCC0006355A6866855A7866955A8866B55A986AB
:10DCD0006F55AA867055AB867155AC867255AD8668
:10DCE0007355AE867455AF867955B0867A55B18630
:10DCF0007D55B2867F55B3868555B4868655B586E3
:10DD00008C55B6868D55B7868E55B8869055B98692
:10DD10009255BA869355BB869555BC869655BD8659
:10DD20009755BE869A55BF869B55C0869E55C1861F
:10DD3000A055C286A155C386A255C486A355C586E3
:10DD4000A455C686A555C786A655C886A855C986B2
:10DD5000A955CA86AA55CB86AB55CC86AC55CD867F
:10DD6000AD55CE86AE55CF86AF55D086B055D1864F
:10DD7000B255D286B455D386B655D486B855D58615
:10DD8000BA55D686BC55D786BF55D886C055D986D4
:10DD9000C155DA86C255DB86C355DC86C655DD869D
:10DDA000C755DE86C855DF86CA55E086CB55E18665
:10DDB000CE55E286CF55E386D055E486D555E58627
:10DDC000D755E686D855E786D955E886DA55E986E7
:10DDD000DB55EA86DE55EB86E055EC86E255ED86AE
:10DDE000E755EE86E955EF86ED55F086EE55F1865E
:10DDF000F055F286F155F386F455F486F655F5861E
:10DE0000F855F686F955F786FA55F886FB55F986E2
:10DE1000FC55FA86FF55FB860256FC860356FD86A6
:10DE20000456FE86055640870656418707564287A8
:10DE30000A5643870B5644870D564587105646872A
:10DE400011564787125648871356498714564A87F2
:10DE500015564B8716564C8717564D8719564E87C1
:10DE60001A564F871C5650871D5651872056528789
:10DE7000215653872256548725565587265656874E
:10DE800028565787295658872A5659872B565A8716
:10DE90002E565B872F565C8730565D8733565E87DC
:10DEA00035565F8737566087385661873A5662879E
:10DEB0003C5663873D5664873E5665874056668765
:10DEC00041566787425668874356698744566A8732
:10DED00045566B8746566C8747566D8748566E8702
:10DEE00049566F874A5670874B5671874F567287CF
:10DEF0005056738751567487525675875356768796
:10DF000055567787565678875A5679875B567A875B
:10DF10005D567B875E567C875F567D8760567E8721
:10DF200061568087635681876556828766568387E8
:10DF3000675684876D5685876E5686876F568787A6
:10DF4000705688877256898773568A8774568B876E
:10DF500075568C8777568D8778568E8779568F873A
:10DF60007A5690877D5691877E5692877F56938703
:10DF700080569487815695878256968783569787D1
:10DF8000845698878756998788569A8789569B879B
:10DF90008A569C878B569D878C569E878D569F8769
:10DFA0009056A0879156A1879256A2879456A38730
:10DFB0009556A4879656A5879756A6879856A787FD
:10DFC0009956A8879A56A9879B56AA879C56AB87CD
:10DFD0009D56AC879E56AD879F56AE87A056AF879D
:10DFE000A156B087A256B187A456B287A556B3876B
:10DFF000A656B487A756B587A856B687A956B78739
:10E00000AA56B887AB56B987AC56BA87AD56BB8708
:10E01000AE56BC87B056BD87B156BE87B256BF87D5
:10E02000B356C087B456C187B556C287B656C387A4
:10E03000B856C487B956C587BA56C687BB56C78770
:10E04000BD56C887BE56C987BF56CA87C056CB873C
:10E05000C156CC87C256CD87C356CE87C456CF870C
:10E06000C556D087C656D187C756D287C856D387DC
:10E07000C956D487CB56D587CC56D687CD56D787A9
:10E08000CE56D887CF56D987D056DA87D156DB8778
:10E09000D256DC87D356DD87D556DE87D656DF8746
:10E0A000D856E087D956E187DC56E287E356E38706
:10E0B000E556E487E656E587E756E687E856E787BC
:10E0C000E956E887EA56E987EC56EA87EE56EB8789
:10E0D000EF56EC87F256ED87F356EE87F656EF874C
:10E0E000F756F087F856F187FB56F287FC56F38710
:10E0F0000057F4870157F5870257F6870557F787CA
:10E100000757F8870B57F9870C57FA870D57FB8786
:10E110000E57FC870F57FD871057FE871157408811
:10E12000125741881357428814574388155744881B
:10E1300016574588175746881857478819574888EB
:10E140001A5749881B574A881D574B881E574C88B9
:10E1500020574D8821574E8822574F882457508882
:10E160002557518826575288275753882B5754884C
:10E1700031575588325756883457578835575888FD
:10E180003657598837575A8838575B883C575C88C8
:10E190003D575D883F575E8841575F884357608889
:10E1A0004457618845576288465763884857648852
:10E1B000495765884B576688525767885357688810
:10E1C0005457698855576A8856576B8858576C88D2
:10E1D00059576D8862576E8863576F886557708886
:10E1E000675771886C5772886E5773887057748838
:10E1F00071577588725776887457778875577888FD
:10E200007857798879577A887A577B887D577C88C0
:10E210007E577D887F577E88805780888157818888
:10E220008757828888578388895784888A57858842
:10E230008D5786888E5787888F578888905789880A
:10E2400091578A8894578B8895578C8896578D88D4
:10E2500097578E8898578F88995790889A579188A2
:10E260009C5792889D5793889E5794889F5795886E
:10E27000A5579688A8579788AA579888AC57998821
:10E28000AF579A88B0579B88B1579C88B3579D88E1
:10E29000B5579E88B6579F88B757A088B957A188A9
:10E2A000BA57A288BB57A388BC57A488BD57A58876
:10E2B000BE57A688BF57A788C057A888C157A98846
:10E2C000C457AA88C557AB88C657AC88C757AD880E
:10E2D000C857AE88C957AF88CA57B088CC57B188DD
:10E2E000CD57B288D057B388D157B488D357B588A3
:10E2F000D657B688D757B788DB57B888DC57B98860
:10E30000DE57BA88E157BB88E257BC88E357BD881F
:10E31000E557BE88E657BF88E757C088E857C188E9
:10E32000E957C288EA57C388EB57C488EC57C588B9
:10E33000EE57C688F057C788F157C888F257C98882
:10E34000F357CA88F557CB88F657CC88F757CD884E
:10E35000FB57CE88FC57CF88FE57D088FF57D1880F
:10E360000158D2880358D3880458D4880558D588D2
:10E370000858D6880958D7880A58D8880C58D98898
:10E380000E58DA880F58DB881058DC881258DD8860
:10E390001358DE881458DF881658E0881758E1882B
:10E3A0001858E2881A58E3881B58E4881C58E588F6
:10E3B0001D58E6881F58E7882258E8882358E988BE
:10E3C0002558EA882658EB882758EC882858ED8885
:10E3D0002958EE882B58EF882C58F0882D58F18852
:10E3E0002E58F2882F58F3883158F4883258F5881F
:10E3F0003358F6883458F7883658F8883758F988EB
:10E400003858FA883958FB883A58FC883B58FD88B8
:10E410003C58FE883D5840893E5841893F584289C2
:10E420004058438941584489425845894358468950
:10E4300045584789465848894758498948584A891C
:10E4400049584B894A584C894B584D894E584E89EA
:10E450004F584F89505850895258518953585289B2
:10E46000555853895658548957585589595856897B
:10E470005A5857895B5858895C5859895D585A8948
:10E480005F585B8960585C8961585D8962585E8914
:10E4900063585F89645860896658618967586289E2
:10E4A00068586389695864896A5865896D586689AE
:10E4B0006E5867896F5868897058698971586A8978
:10E4C00072586B8973586C8974586D8975586E8948
:10E4D00076586F8977587089785871897958728918
:10E4E0007A5873897B5874897C5875897D587689E8
:10E4F0007F587789825878898458798986587A89AB
:10E5000087587B8988587C898A587D898B587E8971
:10E510008C5880898D5881898E5882898F5883893B
:10E520009058848991588589945886899558878907
:10E53000965888899758898998588A899B588B89D1
:10E540009C588C899D588D89A0588E89A1588F8997
:10E55000A2589089A3589189A4589289A558938963
:10E56000A6589489A7589589AA589689AB5897892F
:10E57000AC589889AD589989AE589A89AF589B89FB
:10E58000B0589C89B1589D89B2589E89B3589F89CB
:10E59000B458A089B558A189B658A289B758A3899B
:10E5A000B858A489B958A589BA58A689BB58A7896B
:10E5B000BD58A889BE58A989BF58AA89C058AB8937
:10E5C000C258AC89C358AD89C458AE89C658AF8902
:10E5D000C758B089C858B189C958B289CA58B389CF
:10E5E000CB58B489CC58B589CD58B689CE58B7899F
:10E5F000CF58B889D058B989D258BA89D358BB896D
:10E60000D458BC89D658BD89D758BE89D858BF8937
:10E61000D958C089DA58C189DB58C289DC58C38906
:10E62000DD58C489DE58C589DF58C689E058C789D6
:10E63000E158C889E258C989E358CA89E558CB89A5
:10E64000E658CC89E758CD89E858CE89E958CF8972
:10E65000EA58D089ED58D189EF58D289F158D38939
:10E66000F258D489F458D589F558D689F758D789FE
:10E67000F858D889FA58D989FB58DA89FC58DB89C7
:10E68000FD58DC89FE58DD89FF58DE890059DF8995
:10E690000159E0890359E1890559E2890659E3895D
:10E6A0000859E4890959E5890A59E6890B59E78926
:10E6B0000C59E8890E59E9891059EA891159EB89F1
:10E6C0001259EC891359ED891759EE891859EF89B8
:10E6D0001B59F0891D59F1891E59F2892059F38976
:10E6E0002159F4892259F5892359F6892659F78940
:10E6F0002859F8892C59F9893059FA893259FB89F6
:10E700003359FC893559FD893659FE893B59408A70
:10E710003D59418A3E59428A3F59438A4059448A69
:10E720004359458A4559468A4659478A4A59488A2B
:10E730004C59498A4D594A8A50594B8A52594C8AE8
:10E7400053594D8A59594E8A5B594F8A5C59508AA0
:10E750005D59518A5E59528A5F59538A6159548A68
:10E760006359558A6459568A6659578A6759588A2F
:10E770006859598A69595A8A6A595B8A6B595C8AFD
:10E780006C595D8A6D595E8A6E595F8A6F59608ACD
:10E790007059618A7159628A7259638A7559648A9B
:10E7A0007759658A7A59668A7B59678A7C59688A5B
:10E7B0007E59698A7F596A8A80596B8A85596C8A21
:10E7C00089596D8A8B596E8A8C596F8A8E59708AD5
:10E7D0008F59718A9059728A9159738A9459748A9F
:10E7E0009559758A9859768A9A59778A9B59788A61
:10E7F0009C59798A9D597A8A9F597B8AA0597C8A2B
:10E80000A1597D8AA2597E8AA659808AA759818AF0
:10E81000AC59828AAD59838AB059848AB159858AA4
:10E82000B359868AB459878AB559888AB659898A6C
:10E83000B7598A8AB8598B8ABA598C8ABC598D8A39
:10E84000BD598E8ABF598F8AC059908AC159918A01
:10E85000C259928AC359938AC459948AC559958AD0
:10E86000C759968AC859978AC959988ACC59998A9A
:10E87000CD599A8ACE599B8ACF599C8AD5599D8A5F
:10E88000D6599E8AD9599F8ADB59A08ADE59A18A16
:10E89000DF59A28AE059A38AE159A48AE259A58ADC
:10E8A000E459A68AE659A78AE759A88AE959A98AA4
:10E8B000EA59AA8AEB59AB8AED59AC8AEE59AD8A6E
:10E8C000EF59AE8AF059AF8AF159B08AF259B18A3C
:10E8D000F359B28AF459B38AF559B48AF659B58A0C
:10E8E000F759B68AF859B78AFA59B88AFC59B98AD9
:10E8F000FD59BA8AFE59BB8A005ABC8A025ABD8A9F
:10E900000A5ABE8A0B5ABF8A0D5AC08A0E5AC18A49
:10E910000F5AC28A105AC38A125AC48A145AC58A14
:10E92000155AC68A165AC78A175AC88A195AC98ADE
:10E930001A5ACA8A1B5ACB8A1D5ACC8A1E5ACD8AA9
:10E94000215ACE8A225ACF8A245AD08A265AD18A6C
:10E95000275AD28A285AD38A2A5AD48A2B5AD58A35
:10E960002C5AD68A2D5AD78A2E5AD88A2F5AD98A03
:10E97000305ADA8A335ADB8A355ADC8A375ADD8ACA
:10E98000385ADE8A395ADF8A3A5AE08A3B5AE18A93
:10E990003D5AE28A3E5AE38A3F5AE48A415AE58A5E
:10E9A000425AE68A435AE78A445AE88A455AE98A2B
:10E9B000475AEA8A485AEB8A4B5AEC8A4C5AED8AF3
:10E9C0004D5AEE8A4E5AEF8A4F5AF08A505AF18ABF
:10E9D000515AF28A525AF38A535AF48A545AF58A8F
:10E9E000565AF68A575AF78A585AF88A595AF98A5B
:10E9F0005B5AFA8A5C5AFB8A5D5AFC8A5E5AFD8A27
:10EA00005F5AFE8A605A408B615A418B635A428B2F
:10EA1000645A438B655A448B665A458B685A468BB9
:10EA2000695A478B6B5A488B6C5A498B6D5A4A8B83
:10EA30006E5A4B8B6F5A4C8B705A4D8B715A4E8B52
:10EA4000725A4F8B735A508B785A518B795A528B1A
:10EA50007B5A538B7C5A548B7D5A558B7E5A568BDE
:10EA6000805A578B815A588B825A598B835A5A8BAA
:10EA7000845A5B8B855A5C8B865A5D8B875A5E8B7A
:10EA8000885A5F8B895A608B8A5A618B8B5A628B4A
:10EA90008C5A638B8D5A648B8E5A658B8F5A668B1A
:10EAA000905A678B915A688B935A698B945A6A8BE8
:10EAB000955A6B8B965A6C8B975A6D8B985A6E8BB6
:10EAC000995A6F8B9C5A708B9D5A718B9E5A728B80
:10EAD0009F5A738BA05A748BA15A758BA25A768B4E
:10EAE000A35A778BA45A788BA55A798BA65A7A8B1E
:10EAF000A75A7B8BA85A7C8BA95A7D8BAB5A7E8BED
:10EB0000AC5A808BAD5A818BAE5A828BAF5A838BB5
:10EB1000B05A848BB15A858BB45A868BB65A878B80
:10EB2000B75A888BB95A898BBA5A8A8BBB5A8B8B46
:10EB3000BC5A8C8BBD5A8D8BBF5A8E8BC05A8F8B13
:10EB4000C35A908BC45A918BC55A928BC65A938BD9
:10EB5000C75A948BC85A958BCA5A968BCB5A978BA7
:10EB6000CD5A988BCE5A998BCF5A9A8BD05A9B8B71
:10EB7000D15A9C8BD35A9D8BD55A9E8BD75A9F8B3B
:10EB8000D95AA08BDA5AA18BDB5AA28BDD5AA38B00
:10EB9000DE5AA48BDF5AA58BE25AA68BE45AA78BC8
:10EBA000E55AA88BE75AA98BE85AAA8BEA5AAB8B8D
:10EBB000EC5AAC8BED5AAD8BEE5AAE8BEF5AAF8B55
:10EBC000F05AB08BF25AB18BF35AB28BF45AB38B22
:10EBD000F55AB48BF65AB58BF75AB68BF85AB78BF1
:10EBE000F95AB88BFA5AB98BFB5ABA8BFC5ABB8BC1
:10EBF000FD5ABC8BFE5ABD8BFF5ABE8B005BBF8B90
:10EC0000015BC08B025BC18B035BC28B045BC38B5C
:10EC1000055BC48B065BC58B075BC68B085BC78B2C
:10EC20000A5BC88B0B5BC98B0C5BCA8B0D5BCB8BF8
:10EC30000E5BCC8B0F5BCD8B105BCE8B115BCF8BC8
:10EC4000125BD08B135BD18B145BD28B155BD38B98
:10EC5000185BD48B195BD58B1A5BD68B1B5BD78B60
:10EC60001C5BD88B1D5BD98B1E5BDA8B1F5BDB8B30
:10EC7000205BDC8B215BDD8B225BDE8B235BDF8B00
:10EC8000245BE08B255BE18B265BE28B275BE38BD0
:10EC9000285BE48B295BE58B2A5BE68B2B5BE78BA0
:10ECA0002C5BE88B2D5BE98B2E5BEA8B2F5BEB8B70
:10ECB000305BEC8B315BED8B335BEE8B355BEF8B3D
:10ECC000365BF08B385BF18B395BF28B3A5BF38B05
:10ECD0003B5BF48B3C5BF58B3D5BF68B3E5BF78BD4
:10ECE0003F5BF88B415BF98B425BFA8B435BFB8BA1
:10ECF000445BFC8B455BFD8B465BFE8B475B408C2E
:10ED0000485B418C495B428C4A5B438C4B5B448C37
:10ED10004C5B458C4D5B468C4E5B478C4F5B488C07
:10ED2000525B498C565B4A8C5E5B4B8C605B4C8CB7
:10ED3000615B4D8C675B4E8C685B4F8C6B5B508C62
:10ED40006D5B518C6E5B528C6F5B538C725B548C21
:10ED5000745B558C765B568C775B578C785B588CE4
:10ED6000795B598C7B5B5A8C7C5B5B8C7E5B5C8CAF
:10ED70007F5B5D8C825B5E8C865B5F8C8A5B608C6C
:10ED80008D5B618C8E5B628C905B638C915B648C21
:10ED9000925B658C945B668C965B678C9F5B688CE2
:10EDA000A75B698CA85B6A8CA95B6B8CAC5B6C8C79
:10EDB000AD5B6D8CAE5B6E8CAF5B6F8CB15B708C42
:10EDC000B25B718CB75B728CBA5B738CBB5B748CFF
:10EDD000BC5B758CC05B768CC15B778CC35B788CBD
:10EDE000C85B798CC95B7A8CCA5B7B8CCB5B7C8C77
:10EDF000CD5B7D8CCE5B7E8CCF5B808CD15B818C40
:10EE0000D45B828CD55B838CD65B848CD75B858C02
:10EE1000D85B868CD95B878CDA5B888CDB5B898CD2
:10EE2000DC5B8A8CE05B8B8CE25B8C8CE35B8D8C97
:10EE3000E65B8E8CE75B8F8CE95B908CEA5B918C58
:10EE4000EB5B928CEC5B938CED5B948CEF5B958C25
:10EE5000F15B968CF25B978CF35B988CF45B998CEE
:10EE6000F55B9A8CF65B9B8CF75B9C8CFD5B9D8CB9
:10EE7000FE5B9E8C005C9F8C025CA08C035CA18C72
:10EE8000055CA28C075CA38C085CA48C0B5CA58C35
:10EE90000C5CA68C0D5CA78C0E5CA88C105CA98CFD
:10EEA000125CAA8C135CAB8C175CAC8C195CAD8CBF
:10EEB0001B5CAE8C1E5CAF8C1F5CB08C205CB18C7C
:10EEC000215CB28C235CB38C265CB48C285CB58C42
:10EED000295CB68C2A5CB78C2B5CB88C2D5CB98C09
:10EEE0002E5CBA8C2F5CBB8C305CBC8C325CBD8CD5
:10EEF000335CBE8C355CBF8C365CC08C375CC18C9F
:10EF0000435CC28C445CC38C465CC48C475CC58C3F
:10EF10004C5CC68C4D5CC78C525CC88C535CC98CF5
:10EF2000545CCA8C565CCB8C575CCC8C585CCD8CBA
:10EF30005A5CCE8C5B5CCF8C5C5CD08C5D5CD18C85
:10EF40005F5CD28C625CD38C645CD48C675CD58C47
:10EF5000685CD68C695CD78C6A5CD88C6B5CD98C0D
:10EF60006C5CDA8C6D5CDB8C705CDC8C725CDD8CD8
:10EF7000735CDE8C745CDF8C755CE08C765CE18CA1
:10EF8000775CE28C785CE38C7B5CE48C7C5CE58C6D
:10EF90007D5CE68C7E5CE78C805CE88C835CE98C35
:10EFA000845CEA8C855CEB8C865CEC8C875CED8CFD
:10EFB000895CEE8C8A5CEF8C8B5CF08C8E5CF18CC7
:10EFC0008F5CF28C925CF38C935CF48C955CF58C8A
:10EFD0009D5CF68C9E5CF78C9F5CF88CA05CF98C39
:10EFE000A15CFA8CA45CFB8CA55CFC8CA65CFD8C03
:10EFF000A75CFE8CA85C408DAA5C418DAE5C428D06
:10F00000AF5C438DB05C448DB25C458DB45C468D85
:10F01000B65C478DB95C488DBA5C498DBB5C4A8D46
:10F02000BC5C4B8DBE5C4C8DC05C4D8DC25C4E8D0E
:10F03000C35C4F8DC55C508DC65C518DC75C528DD5
:10F04000C85C538DC95C548DCA5C558DCC5C568DA3
:10F05000CD5C578DCE5C588DCF5C598DD05C5A8D70
:10F06000D15C5B8DD35C5C8DD45C5D8DD55C5E8D3D
:10F07000D65C5F8DD75C608DD85C618DDA5C628D0B
:10F08000DB5C638DDC5C648DDD5C658DDE5C668DD8
:10F09000DF5C678DE05C688DE25C698DE35C6A8DA6
:10F0A000E75C6B8DE95C6C8DEB5C6D8DEC5C6E8D63
:10F0B000EE5C6F8DEF5C708DF15C718DF25C728D2A
:10F0C000F35C738DF45C748DF55C758DF65C768DF8
:10F0D000F75C778DF85C788DF95C798DFA5C7A8DC8
:10F0E000FC5C7B8DFD5C7C8DFE5C7D8DFF5C7E8D94
:10F0F000005D808D015D818D045D828D055D838D58
:10F10000085D848D095D858D0A5D868D0B5D878D1B
:10F110000C5D888D0D5D898D0F5D8A8D105D8B8DE9
:10F12000115D8C8D125D8D8D135D8E8D155D8F8DB6
:10F13000175D908D185D918D195D928D1A5D938D7F
:10F140001C5D948D1D5D958D1F5D968D205D978D49
:10F15000215D988D225D998D235D9A8D255D9B8D16
:10F16000285D9C8D2A5D9D8D2B5D9E8D2C5D9F8DD8
:10F170002F5DA08D305DA18D315DA28D325DA38D9F
:10F18000335DA48D355DA58D365DA68D375DA78D6C
:10F19000385DA88D395DA98D3A5DAA8D3B5DAB8D3B
:10F1A0003C5DAC8D3F5DAD8D405DAE8D415DAF8D05
:10F1B000425DB08D435DB18D445DB28D455DB38DD3
:10F1C000465DB48D485DB58D495DB68D4D5DB78D9D
:10F1D0004E5DB88D4F5DB98D505DBA8D515DBB8D63
:10F1E000525DBC8D535DBD8D545DBE8D555DBF8D33
:10F1F000565DC08D575DC18D595DC28D5A5DC38D01
:10F200005C5DC48D5E5DC58D5F5DC68D605DC78DC7
:10F21000615DC88D625DC98D635DCA8D645DCB8D96
:10F22000655DCC8D665DCD8D675DCE8D685DCF8D66
:10F230006A5DD08D6D5DD18D6E5DD28D705DD38D2B
:10F24000715DD48D725DD58D735DD68D755DD78DF5
:10F25000765DD88D775DD98D785DDA8D795DDB8DC2
:10F260007A5DDC8D7B5DDD8D7C5DDE8D7D5DDF8D92
:10F270007E5DE08D7F5DE18D805DE28D815DE38D62
:10F28000835DE48D845DE58D855DE68D865DE78D2E
:10F29000875DE88D885DE98D895DEA8D8A5DEB8DFE
:10F2A0008B5DEC8D8C5DED8D8D5DEE8D8E5DEF8DCE
:10F2B0008F5DF08D905DF18D915DF28D925DF38D9E
:10F2C000935DF48D945DF58D955DF68D965DF78D6E
:10F2D000975DF88D985DF98D9A5DFA8D9B5DFB8D3C
:10F2E0009C5DFC8D9E5DFD8D9F5DFE8DA05D408EC5
:10F2F000A15D418EA25D428EA35D438EA45D448ECE
:10F30000A55D458EA65D468EA75D478EA85D488E9D
:10F31000A95D498EAA5D4A8EAB5D4B8EAC5D4C8E6D
:10F32000AD5D4D8EAE5D4E8EAF5D4F8EB05D508E3D
:10F33000B15D518EB25D528EB35D538EB45D548E0D
:10F34000B55D558EB65D568EB85D578EB95D588EDB
:10F35000BA5D598EBB5D5A8EBC5D5B8EBD5D5C8EA9
:10F36000BE5D5D8EBF5D5E8EC05D5F8EC15D608E79
:10F37000C25D618EC35D628EC45D638EC65D648E48
:10F38000C75D658EC85D668EC95D678ECA5D688E15
:10F39000CB5D698ECC5D6A8ECE5D6B8ECF5D6C8EE3
:10F3A000D05D6D8ED15D6E8ED25D6F8ED35D708EB1
:10F3B000D45D718ED55D728ED65D738ED75D748E81
:10F3C000D85D758ED95D768EDA5D778EDC5D788E50
:10F3D000DF5D798EE05D7A8EE35D7B8EE45D7C8E11
:10F3E000EA5D7D8EEC5D7E8EED5D808EF05D818EC2
:10F3F000F55D828EF65D838EF85D848EF95D858E77
:10F40000FA5D868EFB5D878EFC5D888EFF5D898E42
:10F41000005E8A8E045E8B8E075E8C8E095E8D8EFA
:10F420000A5E8E8E0B5E8F8E0D5E908E0E5E918EBE
:10F43000125E928E135E938E175E948E1E5E958E74
:10F440001F5E968E205E978E215E988E225E998E2C
:10F45000235E9A8E245E9B8E255E9C8E285E9D8EFA
:10F46000295E9E8E2A5E9F8E2B5EA08E2C5EA18EC4
:10F470002F5EA28E305EA38E325EA48E335EA58E8A
:10F48000345EA68E355EA78E365EA88E395EA98E56
:10F490003A5EAA8E3E5EAB8E3F5EAC8E405EAD8E17
:10F4A000415EAE8E435EAF8E465EB08E475EB18EDD
:10F4B000485EB28E495EB38E4A5EB48E4B5EB58EA8
:10F4C0004D5EB68E4E5EB78E4F5EB88E505EB98E74
:10F4D000515EBA8E525EBB8E535EBC8E565EBD8E42
:10F4E000575EBE8E585EBF8E595EC08E5A5EC18E0C
:10F4F0005C5EC28E5D5EC38E5F5EC48E605EC58ED6
:10F50000635EC68E645EC78E655EC88E665EC98E9B
:10F51000675ECA8E685ECB8E695ECC8E6A5ECD8E6B
:10F520006B5ECE8E6C5ECF8E6D5ED08E6E5ED18E3B
:10F530006F5ED28E705ED38E715ED48E755ED58E08
:10F54000775ED68E795ED78E7E5ED88E815ED98EBE
:10F55000825EDA8E835EDB8E855EDC8E885EDD8E7B
:10F56000895EDE8E8C5EDF8E8D5EE08E8E5EE18E3D
:10F57000925EE28E985EE38E9B5EE48E9D5EE58EEB
:10F58000A15EE68EA25EE78EA35EE88EA45EE98EA3
:10F59000A85EEA8EA95EEB8EAA5EEC8EAB5EED8E67
:10F5A000AC5EEE8EAE5EEF8EAF5EF08EB05EF18E34
:10F5B000B15EF28EB25EF38EB45EF48EBA5EF58EFC
:10F5C000BB5EF68EBC5EF78EBD5EF88EBF5EF98EBA
:10F5D000C05EFA8EC15EFB8EC25EFC8EC35EFD8E87
:10F5E000C45EFE8EC55E408FC65E418FC75E428F91
:10F5F000C85E438FCB5E448FCC5E458FCD5E468F19
:10F60000CE5E478FCF5E488FD05E498FD45E4A8FE3
:10F61000D55E4B8FD75E4C8FD85E4D8FD95E4E8FA7
:10F62000DA5E4F8FDC5E508FDD5E518FDE5E528F73
:10F63000DF5E538FE05E548FE15E558FE25E568F42
:10F64000E35E578FE45E588FE55E598FE65E5A8F12
:10F65000E75E5B8FE95E5C8FEB5E5D8FEC5E5E8FDD
:10F66000ED5E5F8FEE5E608FEF5E618FF05E628FAA
:10F67000F15E638FF25E648FF35E658FF55E668F79
:10F68000F85E678FF95E688FFB5E698FFC5E6A8F3C
:10F69000FD5E6B8F055F6C8F065F6D8F075F6E8FF2
:10F6A000095F6F8F0C5F708F0D5F718F0E5F728FB0
:10F6B000105F738F125F748F145F758F165F768F74
:10F6C000195F778F1A5F788F1C5F798F1D5F7A8F34
:10F6D0001E5F7B8F215F7C8F225F7D8F235F7E8FFC
:10F6E000245F808F285F818F2B5F828F2C5F838FB9
:10F6F0002E5F848F305F858F325F868F335F878F79
:10F70000345F888F355F898F365F8A8F375F8B8F45
:10F71000385F8C8F3B5F8D8F3D5F8E8F3E5F8F8F0D
:10F720003F5F908F415F918F425F928F435F938FD6
:10F73000445F948F455F958F465F968F475F978FA5
:10F74000485F988F495F998F4A5F9A8F4B5F9B8F75
:10F750004C5F9C8F4D5F9D8F4E5F9E8F4F5F9F8F45
:10F76000515FA08F545FA18F595FA28F5A5FA38F03
:10F770005B5FA48F5C5FA58F5E5FA68F5F5FA78FC7
:10F78000605FA88F635FA98F655FAA8F675FAB8F8C
:10F79000685FAC8F6B5FAD8F6E5FAE8F6F5FAF8F4B
:10F7A000725FB08F745FB18F755FB28F765FB38F0A
:10F7B000785FB48F7A5FB58F7D5FB68F7E5FB78FCE
:10F7C0007F5FB88F835FB98F865FBA8F8D5FBB8F86
:10F7D0008E5FBC8F8F5FBD8F915FBE8F935FBF8F3A
:10F7E000945FC08F965FC18F9A5FC28F9B5FC38FFC
:10F7F0009D5FC48F9E5FC58F9F5FC68FA05FC78FC1
:10F80000A25FC88FA35FC98FA45FCA8FA55FCB8F8C
:10F81000A65FCC8FA75FCD8FA95FCE8FAB5FCF8F59
:10F82000AC5FD08FAF5FD18FB05FD28FB15FD38F1E
:10F83000B25FD48FB35FD58FB45FD68FB65FD78FEB
:10F84000B85FD88FB95FD98FBA5FDA8FBB5FDB8FB4
:10F85000BE5FDC8FBF5FDD8FC05FDE8FC15FDF8F7C
:10F86000C25FE08FC75FE18FC85FE28FCA5FE38F3F
:10F87000CB5FE48FCE5FE58FD35FE68FD45FE78FFA
:10F88000D55FE88FDA5FE98FDB5FEA8FDC5FEB8FB4
:10F89000DE5FEC8FDF5FED8FE25FEE8FE35FEF8F78
:10F8A000E55FF08FE65FF18FE85FF28FE95FF38F3E
:10F8B000EC5FF48FEF5FF58FF05FF68FF25FF78FFD
:10F8C000F35FF88FF45FF98FF65FFA8FF75FFB8FC6
:10F8D000F95FFC8FFA5FFD8FFC5FFE8F0760409041
:10F8E00008604190096042900B6043900C60449026
:10F8F00010604590116046901360479017604890E3
:10F90000186049901A604A901E604B901F604C909E
:10F9100022604D9023604E9024604F902C60509058
:10F920002D6051902E605290306053903160549011
:10F9300032605590336056903460579036605890DE
:10F940003760599038605A9039605B903A605C90AB
:10F950003D605D903E605E9040605F90446060906E
:10F960004560619046606290476063904860649033
:10F97000496065904A6066904C6067904E60689000
:10F980004F60699051606A9053606B9054606C90C6
:10F9900056606D9057606E9058606F905B6070908D
:10F9A0005C6071905E6072905F6073906060749054
:10F9B0006160759065607690666077906E60789013
:10F9C0007160799072607A9074607B9075607C90C1
:10F9D00077607D907E607E90806080908160819075
:10F9E0008260829085608390866084908760859035
:10F9F000886086908A6087908B6088908E608990FE
:10FA00008F608A9090608B9091608C9093608D90C5
:10FA100095608E9097608F9098609090996091908B
:10FA20009C6092909E609390A1609490A26095904B
:10FA3000A4609690A5609790A7609890A96099900F
:10FA4000AA609A90AE609B90B0609C90B3609D90CD
:10FA5000B5609E90B6609F90B760A090B960A1908D
:10FA6000BA60A290BD60A390BE60A490BF60A59054
:10FA7000C060A690C160A790C260A890C360A99022
:10FA8000C460AA90C760AB90C860AC90C960AD90EC
:10FA9000CC60AE90CD60AF90CE60B090CF60B190B2
:10FAA000D060B290D260B390D360B490D460B5907F
:10FAB000D660B690D760B790D960B890DB60B99047
:10FAC000DE60BA90E160BB90E260BC90E360BD9004
:10FAD000E460BE90E560BF90EA60C090F160C190C4
:10FAE000F260C290F560C390F760C490F860C59072
:10FAF000FB60C690FC60C790FD60C890FE60C99036
:10FB0000FF60CA900261CB900361CC900461CD90FC
:10FB10000561CE900761CF900A61D0900B61D190C2
:10FB20000C61D2901061D3901161D4901261D59084
:10FB30001361D6901461D7901661D8901761D9904F
:10FB40001861DA901961DB901B61DC901C61DD901B
:10FB50001D61DE901E61DF902161E0902261E190E5
:10FB60002561E2902861E3902961E4902A61E590A3
:10FB70002C61E6902D61E7902E61E8902F61E9906D
:10FB80003061EA903161EB903261EC903361ED903D
:10FB90003461EE903561EF903661F0903761F1900D
:10FBA0003861F2903961F3903A61F4903B61F590DD
:10FBB0003C61F6903D61F7903E61F8904061F990AC
:10FBC0004161FA904261FB904361FC904461FD9079
:10FBD0004561FE9046614091476141914961429182
:10FBE0004B6143914D6144914F6145915061469104
:10FBF00052614791536148915461499156614A91CC
:10FC000057614B9158614C9159614D915A614E9198
:10FC10005B614F915C6150915E6151915F61529166
:10FC20006061539161615491636155916461569132
:10FC30006561579166615891696159916A615A91FC
:10FC40006B615B916C615C916D615D916E615E91C8
:10FC50006F615F9171616091726161917361629195
:10FC6000746163917661649178616591796166915F
:10FC70007A6167917B6168917C6169917D616A912C
:10FC80007E616B917F616C9180616D9181616E91FC
:10FC900082616F91836170918461719185617291CC
:10FCA000866173918761749188617591896176919C
:10FCB0008A6177918C6178918D6179918F617A9168
:10FCC00090617B9191617C9192617D9193617E9134
:10FCD00095618091966181919761829198618391FC
:10FCE000996184919A6185919B6186919C618791CC
:10FCF0009E6188919F618991A0618A91A1618B9198
:10FD0000A2618C91A3618D91A4618E91A5618F9167
:10FD1000A6619091AA619191AB619291AD6193912D
:10FD2000AE619491AF619591B0619691B1619791F7
:10FD3000B2619891B3619991B4619A91B5619B91C7
:10FD4000B6619C91B8619D91B9619E91BA619F9194
:10FD5000BB61A091BC61A191BD61A291BF61A39162
:10FD6000C061A491C161A591C361A691C461A7912D
:10FD7000C561A891C661A991C761AA91C961AB91FA
:10FD8000CC61AC91CD61AD91CE61AE91CF61AF91BF
:10FD9000D061B091D361B191D561B291D661B39187
:10FDA000D761B491D861B591D961B691DA61B79153
:10FDB000DB61B891DC61B991DD61BA91DE61BB9123
:10FDC000DF61BC91E061BD91E161BE91E261BF91F3
:10FDD000E361C091E461C191E561C291E761C391C2
:10FDE000E861C491E961C591EA61C691EB61C7918F
:10FDF000EC61C891ED61C991EE61CA91EF61CB915F
:10FE0000F061CC91F161CD91F261CE91F361CF912E
:10FE1000F461D091F661D191F761D291F861D391FB
:10FE2000F961D491FA61D591FB61D691FC61D791CA
:10FE3000FD61D891FE61D9910062DA910162DB9196
:10FE40000262DC910362DD910462DE910562DF9162
:10FE50000762E0910962E1911362E2911462E39119
:10FE60001962E4911C62E5911D62E6911E62E791C0
:10FE70002062E8912362E9912662EA912762EB9180
:10FE80002862EC912962ED912B62EE912D62EF9147
:10FE90002F62F0913062F1913162F2913262F3910E
:10FEA0003562F4913662F5913862F6913962F791D4
:10FEB0003A62F8913B62F9913C62FA914262FB919D
:10FEC0004462FC914562FD914662FE914A62409215
:10FED0004F624192506242925562439256624492FE
:10FEE00057624592596246925A6247925C624892C2
:10FEF0005D6249925E624A925F624B9260624C928E
:10FF000061624D9262624E9264624F92656250925B
:10FF10006862519271625292726253927462549208
:10FF20007562559277625692786257927A625892C9
:10FF30007B6259927D625A9281625B9282625C928C
:10FF400083625D9285625E9286625F928762609252
:10FF5000886261928B6262928C6263928D6264921B
:10FF60008E6265928F6266929062679294626892E6
:10FF7000996269929C626A929D626B929E626C9297
:10FF8000A3626D92A6626E92A7626F92A96270924E
:10FF9000AA627192AD627292AE627392AF62749213
:10FFA000B0627592B2627692B3627792B4627892DE
:10FFB000B6627992B7627A92B8627B92BA627C92A8
:10FFC000BE627D92C0627E92C1628092C362819263
:10FFD000CB628292CF628392D1628492D562859203
:10FFE000DD628692DE628792E0628892E1628992A7
:10FFF000E4628A92EA628B92EB628C92F0628D925A
:020000040802F0
:10000000F2628E92F5628F92F8629092F96291920A
:10001000FA629292FB6293920063949203639592C8
:100020000463969205639792066398920A63999285
:100030000B639A920C639B920D639C920F639D924B
:1000400010639E9212639F921363A0921463A19215
:100050001563A2921763A3921863A4921963A592E1
:100060001C63A6922663A7922763A8922963A9928C
:100070002C63AA922D63AB922E63AC923063AD9247
:100080003163AE923363AF923463B0923563B19211
:100090003663B2923763B3923863B4923B63B592DE
:1000A0003C63B6923E63B7923F63B8924063B992A5
:1000B0004163BA924463BB924763BC924863BD926A
:1000C0004A63BE925163BF925263C0925363C1921E
:1000D0005463C2925663C3925763C4925863C592E5
:1000E0005963C6925A63C7925B63C8925C63C992B4
:1000F0005D63CA926063CB926463CC926563CD9278
:100100006663CE926863CF926A63D0926B63D1923A
:100110006C63D2926F63D3927063D4927263D59200
:100120007363D6927463D7927563D8927863D992C9
:100130007963DA927C63DB927D63DC927E63DD928D
:100140007F63DE928163DF928363E0928463E19256
:100150008563E2928663E3928B63E4928D63E5921A
:100160009163E6929363E7929463E8929563E992D0
:100170009763EA929963EB929A63EC929B63ED9298
:100180009C63EE929D63EF929E63F0929F63F19267
:10019000A163F292A463F392A663F492AB63F59227
:1001A000AF63F692B163F792B263F892B563F992D6
:1001B000B663FA92B963FB92BB63FC92BD63FD9296
:1001C000BF63FE92C0634093C1634193C263429395
:1001D000C3634393C5634493C7634593C86346931E
:1001E000CA634793CB634893CC634993D1634A93E3
:1001F000D3634B93D4634C93D5634D93D7634E93A2
:10020000D8634F93D9635093DA635193DB6352936E
:10021000DC635393DD635493DF635593E26356933A
:10022000E4635793E5635893E6635993E7635A93FE
:10023000E8635B93EB635C93EC635D93EE635E93C7
:10024000EF635F93F0636093F1636193F363629391
:10025000F5636393F7636493F9636593FA63669355
:10026000FB636793FC636893FE63699303646A931B
:1002700004646B9306646C9307646D9308646E93D7
:1002800009646F930A6470930D6471930E647293A2
:100290001164739312647493156475931664769362
:1002A0001764779318647893196479931A647A932E
:1002B0001D647B931F647C9322647D9323647E93EF
:1002C00024648093256481932764829328648393B4
:1002D000296484932B6485932E6486932F6487937B
:1002E000306488933164899332648A9333648B9346
:1002F00035648C9336648D9337648E9338648F9312
:10030000396490933B6491933C6492933E649393DD
:10031000406494934264959343649693496497939D
:100320004B6498934C6499934D649A934E649B9359
:100330004F649C9350649D9351649E9353649F9328
:100340005564A0935664A1935764A2935964A393F0
:100350005A64A4935B64A5935C64A6935D64A793BD
:100360005F64A8936064A9936164AA936264AB9389
:100370006364AC936464AD936564AE936664AF9359
:100380006864B0936A64B1936B64B2936C64B39322
:100390006E64B4936F64B5937064B6937164B793ED
:1003A0007264B8937364B9937464BA937564BB93BD
:1003B0007664BC937764BD937B64BE937C64BF9387
:1003C0007D64C0937E64C1937F64C2938064C39351
:1003D0008164C4938364C5938664C6938864C79319
:1003E0008964C8938A64C9938B64CA938C64CB93E1
:1003F0008D64CC938E64CD938F64CE939064CF93B1
:100400009364D0939464D1939764D2939864D39374
:100410009A64D4939B64D5939C64D6939D64D7933C
:100420009F64D893A064D993A164DA93A264DB9308
:10043000A364DC93A564DD93A664DE93A764DF93D5
:10044000A864E093AA64E193AB64E293AF64E3939E
:10045000B164E493B264E593B364E693B464E79360
:10046000B664E893B964E993BB64EA93BD64EB9323
:10047000BE64EC93BF64ED93C164EE93C364EF93E9
:10048000C464F093C664F193C764F293C864F393B1
:10049000C964F493CA64F593CB64F693CC64F79380
:1004A000CF64F893D164F993D364FA93D464FB9343
:1004B000D564FC93D664FD93D964FE93DA644094CA
:1004C000DB644194DC644294DD644394DF644494CF
:1004D000E0644594E1644694E3644794E564489499
:1004E000E7644994E8644A94E9644B94EA644C9460
:1004F000EB644D94EC644E94ED644F94EE64509430
:10050000EF645194F0645294F1645394F2645494FF
:10051000F3645594F4645694F5645794F6645894CF
:10052000F7645994F8645A94F9645B94FA645C949F
:10053000FB645D94FC645E94FD645F94FE6460946F
:10054000FF64619401656294026563940365649439
:100550000465659405656694066567940765689407
:10056000086569940A656A940B656B940C656C94D4
:100570000D656D940E656E940F656F9410657094A3
:100580001165719413657294146573941565749470
:100590001665759417657694196577941A6578943D
:1005A0001B6579941C657A941D657B941E657C940B
:1005B0001F657D9420657E942165809422658194D9
:1005C00023658294246583942665849427658594A5
:1005D00028658694296587942A6588942C65899472
:1005E0002D658A9430658B9431658C9432658D9439
:1005F00033658E9437658F943A6590943C659194F9
:100600003D659294406593944165949442659594B8
:100610004365969444659794466598944765999484
:100620004A659A944B659B944D659C944E659D9448
:1006300050659E9452659F945365A0945465A1940F
:100640005765A2945865A3945A65A4945C65A594D3
:100650005F65A6946065A7946165A8946465A99494
:100660006565AA946765AB946865AC946965AD945B
:100670006A65AE946D65AF946E65B0946F65B19424
:100680007165B2947365B3947565B4947665B594E9
:100690007865B6947965B7947A65B8947B65B994B2
:1006A0007C65BA947D65BB947E65BC947F65BD9482
:1006B0008065BE948165BF948265C0948365C19452
:1006C0008465C2948565C3948665C4948865C59421
:1006D0008965C6948A65C7948D65C8948E65C994EA
:1006E0008F65CA949265CB949465CC949565CD94AE
:1006F0009665CE949865CF949A65D0949D65D19473
:100700009E65D294A065D394A265D494A365D59434
:10071000A665D694A865D794AA65D894AC65D994F3
:10072000AE65DA94B165DB94B265DC94B365DD94B3
:10073000B465DE94B565DF94B665E094B765E19481
:10074000B865E294BA65E394BB65E494BE65E5944C
:10075000BF65E694C065E794C265E894C765E9940F
:10076000C865EA94C965EB94CA65EC94CD65ED94CF
:10077000D065EE94D165EF94D365F094D465F1948F
:10078000D565F294D865F394D965F494DA65F59457
:10079000DB65F694DC65F794DD65F894DE65F99425
:1007A000DF65FA94E165FB94E365FC94E465FD94F0
:1007B000EA65FE94EB654095F2654195F3654295D7
:1007C000F4654395F5654495F8654595F965469555
:1007D000FB654795FC654895FD654995FE654A951D
:1007E000FF654B9501664C9504664D9505664E95E3
:1007F00007664F9508665095096651950B665295A8
:100800000D6653951066549511665595126656956A
:100810001666579517665895186659951A665A952B
:100820001B665B951C665C951E665D9521665E95F4
:1008300022665F95236660952466619526666295BB
:10084000296663952A6664952B6665952C66669580
:100850002E666795306668953266699533666A9547
:1008600037666B9538666C9539666D953A666E9508
:100870003B666F953D6670953F66719540667295D3
:100880004266739544667495456675954666769599
:100890004766779548667895496679954A667A9568
:1008A0004D667B954E667C9550667D9551667E952E
:1008B00058668095596681955B6682955C668395DE
:1008C0005D6684955E6685956066869562668795A9
:1008D000636688956566899567668A9569668B956E
:1008E0006A668C956B668D956C668E956D668F9538
:1008F00071669095726691957366929575669395FB
:1009000078669495796695957B6696957C669795BD
:100910007D6698957F66999580669A9581669B9588
:1009200083669C9585669D9586669E9588669F954F
:100930008966A0958A66A1958B66A2958D66A3951A
:100940008E66A4958F66A5959066A6959266A795E6
:100950009366A8959466A9959566AA959866AB95B1
:100960009966AC959A66AD959B66AE959C66AF957B
:100970009E66B0959F66B195A066B295A166B39547
:10098000A266B495A366B595A466B695A566B79517
:10099000A666B895A966B995AA66BA95AB66BB95E1
:1009A000AC66BC95AD66BD95AF66BE95B066BF95AD
:1009B000B166C095B266C195B366C295B566C3957A
:1009C000B666C495B766C595B866C695BA66C79546
:1009D000BB66C895BC66C995BD66CA95BF66CB9512
:1009E000C066CC95C166CD95C266CE95C366CF95DF
:1009F000C466D095C566D195C666D295C766D395AF
:100A0000C866D495C966D595CA66D695CB66D7957E
:100A1000CC66D895CD66D995CE66DA95CF66DB954E
:100A2000D066DC95D166DD95D266DE95D366DF951E
:100A3000D466E095D566E195D666E295D766E395EE
:100A4000D866E495DA66E595DE66E695DF66E795B5
:100A5000E066E895E166E995E266EA95E366EB957E
:100A6000E466EC95E566ED95E766EE95E866EF954C
:100A7000EA66F095EB66F195EC66F295ED66F39516
:100A8000EE66F495EF66F595F166F695F566F795E1
:100A9000F666F895F866F995FA66FA95FB66FB95A1
:100AA000FD66FC950167FD950267FE95036740961C
:100AB0000467419605674296066743960767449622
:100AC0000C6745960E6746960F67479611674896DE
:100AD0001267499613674A9616674B9618674C96A5
:100AE00019674D961A674E961C674F961E6750966B
:100AF0002067519621675296226753962367549632
:100B000024675596256756962767579629675896FE
:100B10002E67599630675A9632675B9633675C96B4
:100B200036675D9637675E9638675F963967609679
:100B30003B6761963C6762963E6763963F67649643
:100B40004167659644676696456767964767689606
:100B50004A6769964B676A964D676B9652676C96C3
:100B600054676D9655676E9657676F96586770967F
:100B7000596771965A6772965B6773965D6774964C
:100B80006267759663677696646777966667789608
:100B9000676779966B677A966C677B966E677C96CB
:100BA00071677D9674677E96766780967867819682
:100BB000796782967A6783967B6784967D67859648
:100BC0008067869682678796836788968567899609
:100BD00086678A9688678B968A678C968C678D96CF
:100BE0008D678E968E678F968F6790969167919698
:100BF0009267929693679396946794969667959664
:100C0000996796969B6797969F679896A06799961F
:100C1000A1679A96A4679B96A6679C96A9679D96DE
:100C2000AC679E96AE679F96B167A096B267A19695
:100C3000B467A296B967A396BA67A496BB67A59650
:100C4000BC67A696BD67A796BE67A896BF67A9961C
:100C5000C067AA96C267AB96C567AC96C667AD96E5
:100C6000C767AE96C867AF96C967B096CA67B196B0
:100C7000CB67B296CC67B396CD67B496CE67B59680
:100C8000D567B696D667B796D767B896DB67B99635
:100C9000DF67BA96E167BB96E367BC96E467BD96EB
:100CA000E667BE96E767BF96E867C096EA67C196B3
:100CB000EB67C296ED67C396EE67C496F267C5967A
:100CC000F567C696F667C796F767C896F867C99638
:100CD000F967CA96FA67CB96FB67CC96FC67CD9608
:100CE000FE67CE960168CF960268D0960368D196CB
:100CF0000468D2960668D3960D68D4961068D59687
:100D00001268D6961468D7961568D8961868D9963A
:100D10001968DA961A68DB961B68DC961C68DD9603
:100D20001E68DE961F68DF962068E0962268E196CE
:100D30002368E2962468E3962568E4962668E5969B
:100D40002768E6962868E7962B68E8962C68E99667
:100D50002D68EA962E68EB962F68EC963068ED9633
:100D60003168EE963468EF963568F0963668F196FD
:100D70003A68F2963B68F3963F68F4964768F596B2
:100D80004B68F6964D68F7964F68F8965268F99654
:100D90005668FA965768FB965868FC965968FD960F
:100DA0005A68FE965B6840975C6841975D68429719
:100DB0005E6843975F6844976A6845976C68469792
:100DC0006D6847976E6848976F68499770684A974B
:100DD00071684B9772684C9773684D9775684E971A
:100DE00078684F97796850977A6851977B685297DF
:100DF0007C6853977D6854977E6855977F685697AF
:100E000080685797826858978468599787685A9777
:100E100088685B9789685C978A685D978B685E973E
:100E20008C685F978D6860978E686197906862970D
:100E300091686397926864979468659795686697D8
:100E40009668679798686897996869979A686A97A3
:100E50009B686B979C686C979D686D979E686E9772
:100E60009F686F97A0687097A1687197A368729741
:100E7000A4687397A5687497A9687597AA68769708
:100E8000AB687797AC687897AE687997B1687A97CE
:100E9000B2687B97B4687C97B6687D97B7687E9791
:100EA000B8688097B9688197BA688297BB6883975A
:100EB000BC688497BD688597BE688697BF6887972A
:100EC000C1688897C3688997C4688A97C5688B97F3
:100ED000C6688C97C7688D97C8688E97CA688F97C1
:100EE000CC689097CE689197CF689297D068939787
:100EF000D1689497D3689597D4689697D668979752
:100F0000D7689897D9689997DB689A97DC689B9718
:100F1000DD689C97DE689D97DF689E97E1689F97E4
:100F2000E268A097E468A197E568A297E668A397AE
:100F3000E768A497E868A597E968A697EA68A7977D
:100F4000EB68A897EC68A997ED68AA97EF68AB974C
:100F5000F268AC97F368AD97F468AE97F668AF9710
:100F6000F768B097F868B197FB68B297FD68B397D8
:100F7000FE68B497FF68B5970069B6970269B7979E
:100F80000369B8970469B9970669BA970769BB9767
:100F90000869BC970969BD970A69BE970C69BF9734
:100FA0000F69C0971169C1971369C2971469C397F4
:100FB0001569C4971669C5971769C6971869C797C1
:100FC0001969C8971A69C9971B69CA971C69CB9791
:100FD0001D69CC971E69CD972169CE972269CF975D
:100FE0002369D0972569D1972669D2972769D39726
:100FF0002869D4972969D5972A69D6972B69D797F5
:101000002C69D8972E69D9972F69DA973169DB97C0
:101010003269DC973369DD973569DE973669DF978A
:101020003769E0973869E1973A69E2973B69E39756
:101030003C69E4973E69E5974069E6974169E7971F
:101040004369E8974469E9974569EA974669EB97E8
:101050004769EC974869ED974969EE974A69EF97B8
:101060004B69F0974C69F1974D69F2974E69F39788
:101070004F69F4975069F5975169F6975269F79758
:101080005369F8975569F9975669FA975869FB9724
:101090005969FC975B69FD975C69FE975F694098A9
:1010A00061694198626942986469439865694498A6
:1010B0006769459868694698696947986A69489870
:1010C0006C6949986D694A986F694B9870694C983A
:1010D00072694D9873694E9874694F987569509804
:1010E000766951987A6952987B6953987D695498CA
:1010F0007E6955987F695698816957988369589891
:10110000856959988A695A988B695B988C695C984B
:101110008E695D988F695E9890695F989169609813
:1011200092696198936962989669639897696498DF
:10113000996965989A6966989D6967989E696898A3
:101140009F696998A0696A98A1696B98A2696C986F
:10115000A3696D98A4696E98A5696F98A66970983F
:10116000A9697198AA697298AC697398AE69749804
:10117000AF697598B0697698B2697798B3697898CD
:10118000B5697998B6697A98B8697B98B9697C9895
:10119000BA697D98BC697E98BD698098BE6981985E
:1011A000BF698298C0698398C2698498C369859829
:1011B000C4698698C5698798C6698898C7698998F7
:1011C000C8698A98C9698B98CB698C98CD698D98C4
:1011D000CF698E98D1698F98D2699098D369919888
:1011E000D5699298D6699398D7699498D869959853
:1011F000D9699698DA699798DC699898DD69999821
:10120000DE699A98E1699B98E2699C98E3699D98E8
:10121000E4699E98E5699F98E669A098E769A198B6
:10122000E869A298E969A398EA69A498EB69A59886
:10123000EC69A698EE69A798EF69A898F069A99853
:10124000F169AA98F369AB98F469AC98F569AD981F
:10125000F669AE98F769AF98F869B098F969B198EE
:10126000FA69B298FB69B398FC69B498FE69B598BD
:10127000006AB698016AB798026AB898036AB99882
:10128000046ABA98056ABB98066ABC98076ABD9852
:10129000086ABE98096ABF980B6AC0980C6AC19820
:1012A0000D6AC2980E6AC3980F6AC498106AC598EE
:1012B000116AC698126AC798136AC898146AC998BE
:1012C000156ACA98166ACB98196ACC981A6ACD988A
:1012D0001B6ACE981C6ACF981D6AD0981E6AD19856
:1012E000206AD298226AD398236AD498246AD5981F
:1012F000256AD698266AD798276AD898296AD998ED
:101300002B6ADA982C6ADB982D6ADC982E6ADD98B5
:10131000306ADE98326ADF98336AE098346AE1987E
:10132000366AE298376AE398386AE498396AE59849
:101330003A6AE6983B6AE7983C6AE8983F6AE99817
:10134000406AEA98416AEB98426AEC98436AED98E1
:10135000456AEE98466AEF98486AF098496AF198AB
:101360004A6AF2984B6AF3984C6AF4984D6AF59879
:101370004E6AF6984F6AF798516AF898526AF99847
:10138000536AFA98546AFB98556AFC98566AFD9815
:10139000576AFE985A6A40995C6A41995D6A429917
:1013A0005E6A43995F6A4499606A4599626A4699A0
:1013B000636A4799646A4899666A4999676A4A996B
:1013C000686A4B99696A4C996A6A4D996B6A4E9939
:1013D0006C6A4F996D6A50996E6A51996F6A529909
:1013E000706A5399726A5499736A5599746A5699D6
:1013F000756A5799766A5899776A5999786A5A99A5
:101400007A6A5B997B6A5C997D6A5D997E6A5E996E
:101410007F6A5F99816A6099826A6199836A629939
:10142000856A6399866A6499876A6599886A669904
:10143000896A67998A6A68998B6A69998C6A6A99D4
:101440008D6A6B998F6A6C99926A6D99936A6E999D
:10145000946A6F99956A7099966A7199986A729967
:10146000996A73999A6A74999B6A75999C6A769934
:101470009D6A77999E6A78999F6A7999A16A7A9903
:10148000A26A7B99A36A7C99A46A7D99A56A7E99D0
:10149000A66A8099A76A8199A86A8299AA6A83999B
:1014A000AD6A8499AE6A8599AF6A8699B06A879960
:1014B000B16A8899B26A8999B36A8A99B46A8B9930
:1014C000B56A8C99B66A8D99B76A8E99B86A8F9900
:1014D000B96A9099BA6A9199BB6A9299BC6A9399D0
:1014E000BD6A9499BE6A9599BF6A9699C06A9799A0
:1014F000C16A9899C26A9999C36A9A99C46A9B9970
:10150000C56A9C99C66A9D99C76A9E99C86A9F993F
:10151000C96AA099CA6AA199CB6AA299CC6AA3990F
:10152000CD6AA499CE6AA599CF6AA699D06AA799DF
:10153000D16AA899D26AA999D36AAA99D46AAB99AF
:10154000D56AAC99D66AAD99D76AAE99D86AAF997F
:10155000D96AB099DA6AB199DB6AB299DC6AB3994F
:10156000DD6AB499DE6AB599DF6AB699E06AB7991F
:10157000E16AB899E26AB999E36ABA99E46ABB99EF
:10158000E56ABC99E66ABD99E76ABE99E86ABF99BF
:10159000E96AC099EA6AC199EB6AC299EC6AC3998F
:1015A000ED6AC499EE6AC599EF6AC699F06AC7995F
:1015B000F16AC899F26AC999F36ACA99F46ACB992F
:1015C000F56ACC99F66ACD99F76ACE99F86ACF99FF
:1015D000F96AD099FA6AD199FB6AD299FC6AD399CF
:1015E000FD6AD499FE6AD599FF6AD699006BD7999E
:1015F000016BD899026BD999036BDA99046BDB996B
:10160000056BDC99066BDD99076BDE99086BDF993A
:10161000096BE0990A6BE1990B6BE2990C6BE3990A
:101620000D6BE4990E6BE5990F6BE699106BE799DA
:10163000116BE899126BE999136BEA99146BEB99AA
:10164000156BEC99166BED99176BEE99186BEF997A
:10165000196BF0991A6BF1991B6BF2991C6BF3994A
:101660001D6BF4991E6BF5991F6BF699256BF79915
:10167000266BF899286BF999296BFA992A6BFB99D3
:101680002B6BFC992C6BFD992D6BFE992E6B409A60
:101690002F6B419A306B429A316B439A336B449A69
:1016A000346B459A356B469A366B479A386B489A35
:1016B0003B6B499A3C6B4A9A3D6B4B9A3F6B4C9AF9
:1016C000406B4D9A416B4E9A426B4F9A446B509AC5
:1016D000456B519A486B529A4A6B539A4B6B549A8A
:1016E0004D6B559A4E6B569A4F6B579A506B589A52
:1016F000516B599A526B5A9A536B5B9A546B5C9A22
:10170000556B5D9A566B5E9A576B5F9A586B609AF1
:101710005A6B619A5B6B629A5C6B639A5D6B649ABD
:101720005E6B659A5F6B669A606B679A616B689A8D
:10173000686B699A696B6A9A6B6B6B9A6C6B6C9A43
:101740006D6B6D9A6E6B6E9A6F6B6F9A706B709A11
:10175000716B719A726B729A736B739A746B749AE1
:10176000756B759A766B769A776B779A786B789AB1
:101770007A6B799A7D6B7A9A7E6B7B9A7F6B7C9A77
:10178000806B7D9A856B7E9A886B809A8C6B819A30
:101790008E6B829A8F6B839A906B849A916B859AE9
:1017A000946B869A956B879A976B889A986B899AAF
:1017B000996B8A9A9C6B8B9A9D6B8C9A9E6B8D9A77
:1017C0009F6B8E9AA06B8F9AA26B909AA36B919A43
:1017D000A46B929AA56B939AA66B949AA76B959A11
:1017E000A86B969AA96B979AAB6B989AAC6B999ADF
:1017F000AD6B9A9AAE6B9B9AAF6B9C9AB06B9D9AAD
:10180000B16B9E9AB26B9F9AB66BA09AB86BA19A75
:10181000B96BA29ABA6BA39ABB6BA49ABC6BA59A3C
:10182000BD6BA69ABE6BA79AC06BA89AC36BA99A08
:10183000C46BAA9AC66BAB9AC76BAC9AC86BAD9ACD
:10184000C96BAE9ACA6BAF9ACC6BB09ACE6BB19A99
:10185000D06BB29AD16BB39AD86BB49ADA6BB59A53
:10186000DC6BB69ADD6BB79ADE6BB89ADF6BB99A10
:10187000E06BBA9AE26BBB9AE36BBC9AE46BBD9ADD
:10188000E56BBE9AE66BBF9AE76BC09AE86BC19AAC
:10189000E96BC29AEC6BC39AED6BC49AEE6BC59A76
:1018A000F06BC69AF16BC79AF26BC89AF46BC99A3F
:1018B000F66BCA9AF76BCB9AF86BCC9AFA6BCD9A07
:1018C000FB6BCE9AFC6BCF9AFE6BD09AFF6BD19AD2
:1018D000006CD29A016CD39A026CD49A036CD59A9C
:1018E000046CD69A086CD79A096CD89A0A6CD99A63
:1018F0000B6CDA9A0C6CDB9A0E6CDC9A126CDD9A2B
:10190000176CDE9A1C6CDF9A1D6CE09A1E6CE19AD3
:10191000206CE29A236CE39A256CE49A2B6CE59A8E
:101920002C6CE69A2D6CE79A316CE89A336CE99A44
:10193000366CEA9A376CEB9A396CEC9A3A6CED9A01
:101940003B6CEE9A3C6CEF9A3E6CF09A3F6CF19ACD
:10195000436CF29A446CF39A456CF49A486CF59A8D
:101960004B6CF69A4C6CF79A4D6CF89A4E6CF99A4F
:101970004F6CFA9A516CFB9A526CFC9A536CFD9A1C
:10198000566CFE9A586C409B596C419B5A6C429B1A
:10199000626C439B636C449B656C459B666C469B89
:1019A000676C479B6B6C489B6C6C499B6D6C4A9B4E
:1019B0006E6C4B9B6F6C4C9B716C4D9B736C4E9B18
:1019C000756C4F9B776C509B786C519B7A6C529BDB
:1019D0007B6C539B7C6C549B7F6C559B806C569BA3
:1019E000846C579B876C589B8A6C599B8B6C5A9B59
:1019F0008D6C5B9B8E6C5C9B916C5D9B926C5E9B1B
:101A0000956C5F9B966C609B976C619B986C629BDE
:101A10009A6C639B9C6C649B9D6C659B9E6C669BA7
:101A2000A06C679BA26C689BA86C699BAC6C6A9B62
:101A3000AF6C6B9BB06C6C9BB46C6D9BB56C6E9B10
:101A4000B66C6F9BB76C709BBA6C719BC06C729BD1
:101A5000C16C739BC26C749BC36C759BC66C769B8C
:101A6000C76C779BC86C789BCB6C799BCD6C7A9B51
:101A7000CE6C7B9BCF6C7C9BD16C7D9BD26C7E9B18
:101A8000D86C809BD96C819BDA6C829BDC6C839BCD
:101A9000DD6C849BDF6C859BE46C869BE66C879B8E
:101AA000E76C889BE96C899BEC6C8A9BED6C8B9B4B
:101AB000F26C8C9BF46C8D9BF96C8E9BFF6C8F9BF6
:101AC000006D909B026D919B036D929B056D939BA6
:101AD000066D949B086D959B096D969B0A6D979B6F
:101AE0000D6D989B0F6D999B106D9A9B116D9B9B33
:101AF000136D9C9B146D9D9B156D9E9B166D9F9BFE
:101B0000186DA09B1C6DA19B1D6DA29B1F6DA39BBF
:101B1000206DA49B216DA59B226DA69B236DA79B89
:101B2000246DA89B266DA99B286DAA9B296DAB9B54
:101B30002C6DAC9B2D6DAD9B2F6DAE9B306DAF9B17
:101B4000346DB09B366DB19B376DB29B386DB39BD6
:101B50003A6DB49B3F6DB59B406DB69B426DB79B94
:101B6000446DB89B496DB99B4C6DBA9B506DBB9B46
:101B7000556DBC9B566DBD9B576DBE9B586DBF9BF5
:101B80005B6DC09B5D6DC19B5F6DC29B616DC39BB7
:101B9000626DC49B646DC59B656DC69B676DC79B7D
:101BA000686DC89B6B6DC99B6C6DCA9B6D6DCB9B43
:101BB000706DCC9B716DCD9B726DCE9B736DCF9B09
:101BC000756DD09B766DD19B796DD29B7A6DD39BD1
:101BD0007B6DD49B7D6DD59B7E6DD69B7F6DD79B9A
:101BE000806DD89B816DD99B836DDA9B846DDB9B67
:101BF000866DDC9B876DDD9B8A6DDE9B8B6DDF9B2D
:101C00008D6DE09B8F6DE19B906DE29B926DE39BF0
:101C1000966DE49B976DE59B986DE69B996DE79BB0
:101C20009A6DE89B9C6DE99BA26DEA9BA56DEB9B71
:101C3000AC6DEC9BAD6DED9BB06DEE9BB16DEF9B14
:101C4000B36DF09BB46DF19BB66DF29BB76DF39BDA
:101C5000B96DF49BBA6DF59BBB6DF69BBC6DF79BA4
:101C6000BD6DF89BBE6DF99BC16DFA9BC26DFB9B70
:101C7000C36DFC9BC86DFD9BC96DFE9BCA6D409CEE
:101C8000CD6D419CCE6D429CCF6D439CD06D449CEC
:101C9000D26D459CD36D469CD46D479CD56D489CB8
:101CA000D76D499CDA6D4A9CDB6D4B9CDC6D4C9C7E
:101CB000DF6D4D9CE26D4E9CE36D4F9CE56D509C3D
:101CC000E76D519CE86D529CE96D539CEA6D549C04
:101CD000ED6D559CEF6D569CF06D579CF26D589CC8
:101CE000F46D599CF56D5A9CF66D5B9CF86D5C9C8F
:101CF000FA6D5D9CFD6D5E9CFE6D5F9CFF6D609C52
:101D0000006E619C016E629C026E639C036E649C1B
:101D1000046E659C066E669C076E679C086E689CE8
:101D2000096E699C0B6E6A9C0F6E6B9C126E6C9CAC
:101D3000136E6D9C156E6E9C186E6F9C196E709C68
:101D40001B6E719C1C6E729C1E6E739C1F6E749C2D
:101D5000226E759C266E769C276E779C286E789CEA
:101D60002A6E799C2C6E7A9C2E6E7B9C306E7C9CAD
:101D7000316E7D9C336E7E9C356E809C366E819C70
:101D8000376E829C396E839C3B6E849C3C6E859C36
:101D90003D6E869C3E6E879C3F6E889C406E899C03
:101DA000416E8A9C426E8B9C456E8C9C466E8D9CCF
:101DB000476E8E9C486E8F9C496E909C4A6E919C9B
:101DC0004B6E929C4C6E939C4F6E949C506E959C67
:101DD000516E969C526E979C556E989C576E999C2E
:101DE000596E9A9C5A6E9B9C5C6E9C9C5D6E9D9CF1
:101DF0005E6E9E9C606E9F9C616EA09C626EA19CBC
:101E0000636EA29C646EA39C656EA49C666EA59C8A
:101E1000676EA69C686EA79C696EA89C6A6EA99C5A
:101E20006C6EAA9C6D6EAB9C6F6EAC9C706EAD9C24
:101E3000716EAE9C726EAF9C736EB09C746EB19CF2
:101E4000756EB29C766EB39C776EB49C786EB59CC2
:101E5000796EB69C7A6EB79C7B6EB89C7C6EB99C92
:101E60007D6EBA9C806EBB9C816EBC9C826EBD9C5C
:101E7000846EBE9C876EBF9C886EC09C8A6EC19C1F
:101E80008B6EC29C8C6EC39C8D6EC49C8E6EC59CEA
:101E9000916EC69C926EC79C936EC89C946EC99CB2
:101EA000956ECA9C966ECB9C976ECC9C996ECD9C81
:101EB0009A6ECE9C9B6ECF9C9D6ED09C9E6ED19C4C
:101EC000A06ED29CA16ED39CA36ED49CA46ED59C14
:101ED000A66ED69CA86ED79CA96ED89CAB6ED99CDA
:101EE000AC6EDA9CAD6EDB9CAE6EDC9CB06EDD9CA5
:101EF000B36EDE9CB56EDF9CB86EE09CB96EE19C63
:101F0000BC6EE29CBE6EE39CBF6EE49CC06EE59C22
:101F1000C36EE69CC46EE79CC56EE89CC66EE99CE9
:101F2000C86EEA9CC96EEB9CCA6EEC9CCC6EED9CB4
:101F3000CD6EEE9CCE6EEF9CD06EF09CD26EF19C7E
:101F4000D66EF29CD86EF39CD96EF49CDB6EF59C39
:101F5000DC6EF69CDD6EF79CE36EF89CE76EF99CF8
:101F6000EA6EFA9CEB6EFB9CEC6EFC9CED6EFD9CAD
:101F7000EE6EFE9CEF6E409DF06E419DF16E429DB7
:101F8000F26E439DF36E449DF56E459DF66E469D43
:101F9000F76E479DF86E489DFA6E499DFB6E4A9D0F
:101FA000FC6E4B9DFD6E4C9DFE6E4D9DFF6E4E9DDD
:101FB000006F4F9D016F509D036F519D046F529DA7
:101FC000056F539D076F549D086F559D0A6F569D71
:101FD0000B6F579D0C6F589D0D6F599D0E6F5A9D3D
:101FE000106F5B9D116F5C9D126F5D9D166F5E9D06
:101FF000176F5F9D186F609D196F619D1A6F629DCD
:102000001B6F639D1C6F649D1D6F659D1E6F669D9C
:102010001F6F679D216F689D226F699D236F6A9D69
:10202000256F6B9D266F6C9D276F6D9D286F6E9D34
:102030002C6F6F9D2E6F709D306F719D326F729DF2
:10204000346F739D356F749D376F759D386F769DB6
:10205000396F779D3A6F789D3B6F799D3C6F7A9D84
:102060003D6F7B9D3F6F7C9D406F7D9D416F7E9D51
:10207000426F809D436F819D446F829D456F839D1C
:10208000486F849D496F859D4A6F869D4C6F879DE3
:102090004E6F889D4F6F899D506F8A9D516F8B9DAC
:1020A000526F8C9D536F8D9D546F8E9D556F8F9D7C
:1020B000566F909D576F919D596F929D5A6F939D4A
:1020C0005B6F949D5D6F959D5F6F969D606F979D13
:1020D000616F989D636F999D646F9A9D656F9B9DDD
:1020E000676F9C9D686F9D9D696F9E9D6A6F9F9DA8
:1020F0006B6FA09D6C6FA19D6F6FA29D706FA39D74
:10210000716FA49D736FA59D756FA69D766FA79D3A
:10211000776FA89D796FA99D7B6FAA9D7D6FAB9D01
:102120007E6FAC9D7F6FAD9D806FAE9D816FAF9DCB
:10213000826FB09D836FB19D856FB29D866FB39D99
:10214000876FB49D8A6FB59D8B6FB69D8F6FB79D5E
:10215000906FB89D916FB99D926FBA9D936FBB9D23
:10216000946FBC9D956FBD9D966FBE9D976FBF9DF3
:10217000986FC09D996FC19D9A6FC29D9B6FC39DC3
:102180009D6FC49D9E6FC59D9F6FC69DA06FC79D8F
:10219000A26FC89DA36FC99DA46FCA9DA56FCB9D5B
:1021A000A66FCC9DA86FCD9DA96FCE9DAA6FCF9D28
:1021B000AB6FD09DAC6FD19DAD6FD29DAE6FD39DF7
:1021C000AF6FD49DB06FD59DB16FD69DB26FD79DC7
:1021D000B46FD89DB56FD99DB76FDA9DB86FDB9D91
:1021E000BA6FDC9DBB6FDD9DBC6FDE9DBD6FDF9D5B
:1021F000BE6FE09DBF6FE19DC16FE29DC36FE39D28
:10220000C46FE49DC56FE59DC66FE69DC76FE79DF2
:10221000C86FE89DCA6FE99DCB6FEA9DCC6FEB9DBF
:10222000CD6FEC9DCE6FED9DCF6FEE9DD06FEF9D8E
:10223000D36FF09DD46FF19DD56FF29DD66FF39D56
:10224000D76FF49DD86FF59DD96FF69DDA6FF79D26
:10225000DB6FF89DDC6FF99DDD6FFA9DDF6FFB9DF5
:10226000E26FFC9DE36FFD9DE46FFE9DE56F409E78
:10227000E66F419EE76F429EE86F439EE96F449E82
:10228000EA6F459EEB6F469EEC6F479EED6F489E52
:10229000F06F499EF16F4A9EF26F4B9EF36F4C9E1A
:1022A000F46F4D9EF56F4E9EF66F4F9EF76F509EEA
:1022B000F86F519EF96F529EFA6F539EFB6F549EBA
:1022C000FC6F559EFD6F569EFE6F579EFF6F589E8A
:1022D0000070599E01705A9E02705B9E03705C9E56
:1022E00004705D9E05705E9E06705F9E0770609E26
:1022F0000870619E0970629E0A70639E0B70649EF6
:102300000C70659E0D70669E0E70679E0F70689EC5
:102310001070699E12706A9E13706B9E14706C9E92
:1023200015706D9E16706E9E17706F9E1870709E61
:102330001970719E1C70729E1D70739E1E70749E2B
:102340001F70759E2070769E2170779E2270789EF9
:102350002470799E25707A9E26707B9E27707C9EC5
:1023600028707D9E29707E9E2A70809E2B70819E93
:102370002C70829E2D70839E2E70849E2F70859E61
:102380003070869E3170879E3270889E3370899E31
:1023900034708A9E36708B9E37708C9E38708D9EFE
:1023A0003A708E9E3B708F9E3C70909E3D70919EC9
:1023B0003E70929E3F70939E4070949E4170959E99
:1023C0004270969E4370979E4470989E4570999E69
:1023D00046709A9E47709B9E48709C9E49709D9E39
:1023E0004A709E9E4B709F9E4D70A09E4E70A19E07
:1023F0005070A29E5170A39E5270A49E5370A59ED1
:102400005470A69E5570A79E5670A89E5770A99EA0
:102410005870AA9E5970AB9E5A70AC9E5B70AD9E70
:102420005C70AE9E5D70AF9E5F70B09E6070B19E3E
:102430006170B29E6270B39E6370B49E6470B59E0C
:102440006570B69E6670B79E6770B89E6870B99EDC
:102450006970BA9E6A70BB9E6E70BC9E7170BD9EA4
:102460007270BE9E7370BF9E7470C09E7770C19E66
:102470007970C29E7A70C39E7B70C49E7D70C59E2B
:102480008170C69E8270C79E8370C89E8470C99EEC
:102490008670CA9E8770CB9E8870CC9E8B70CD9EB6
:1024A0008C70CE9E8D70CF9E8F70D09E9070D19E7E
:1024B0009170D29E9370D39E9770D49E9870D59E43
:1024C0009A70D69E9B70D79E9E70D89E9F70D99E04
:1024D000A070DA9EA170DB9EA270DC9EA370DD9ED0
:1024E000A470DE9EA570DF9EA670E09EA770E19EA0
:1024F000A870E29EA970E39EAA70E49EB070E59E6B
:10250000B270E69EB470E79EB570E89EB670E99E24
:10251000BA70EA9EBE70EB9EBF70EC9EC470ED9EDA
:10252000C570EE9EC670EF9EC770F09EC970F19E9A
:10253000CB70F29ECC70F39ECD70F49ECE70F59E63
:10254000CF70F69ED070F79ED170F89ED270F99E33
:10255000D370FA9ED470FB9ED570FC9ED670FD9E03
:10256000D770FE9EDA70409FDC70419FDD70429F05
:10257000DE70439FE070449FE170459FE270469F8C
:10258000E370479FE570489FEA70499FEE704A9F4D
:10259000F0704B9FF1704C9FF2704D9FF3704E9F07
:1025A000F4704F9FF570509FF670519FF870529FD6
:1025B000FA70539FFB70549FFC70559FFE70569F9E
:1025C000FF70579F0071589F0171599F02715A9F68
:1025D00003715B9F04715C9F05715D9F06715E9F37
:1025E00007715F9F0871609F0B71619F0C71629F03
:1025F0000D71639F0E71649F0F71659F1171669FCE
:102600001271679F1471689F1771699F1B716A9F90
:102610001C716B9F1D716C9F1E716D9F1F716E9F52
:1026200020716F9F2171709F2271719F2371729F22
:102630002471739F2571749F2771759F2871769FF0
:102640002971779F2A71789F2B71799F2C717A9FBE
:102650002D717B9F2E717C9F32717D9F33717E9F88
:102660003471809F3571819F3771829F3871839F4C
:102670003971849F3A71859F3B71869F3C71879F1A
:102680003D71889F3E71899F3F718A9F40718B9FEA
:1026900041718C9F42718D9F43718E9F44718F9FBA
:1026A0004671909F4771919F4871929F4971939F86
:1026B0004B71949F4D71959F4F71969F5071979F4D
:1026C0005171989F5271999F53719A9F54719B9F1A
:1026D00055719C9F56719D9F57719E9F58719F9FEA
:1026E0005971A09F5A71A19F5B71A29F5D71A39FB9
:1026F0005F71A49F6071A59F6171A69F6271A79F82
:102700006371A89F6571A99F6971AA9F6A71AB9F48
:102710006B71AC9F6C71AD9F6D71AE9F6F71AF9F10
:102720007071B09F7171B19F7471B29F7571B39FD9
:102730007671B49F7771B59F7971B69F7B71B79FA2
:102740007C71B89F7E71B99F7F71BA9F8071BB9F6A
:102750008171BC9F8271BD9F8371BE9F8571BF9F38
:102760008671C09F8771C19F8871C29F8971C39F05
:102770008B71C49F8C71C59F8D71C69F8E71C79FD1
:102780009071C89F9171C99F9271CA9F9371CB9F9D
:102790009571CC9F9671CD9F9771CE9F9A71CF9F67
:1027A0009B71D09F9C71D19F9D71D29F9E71D39F31
:1027B000A171D49FA271D59FA371D69FA471D79FF9
:1027C000A571D89FA671D99FA771DA9FA971DB9FC8
:1027D000AA71DC9FAB71DD9FAD71DE9FAE71DF9F93
:1027E000AF71E09FB071E19FB171E29FB271E39F61
:1027F000B471E49FB671E59FB771E69FB871E79F2A
:10280000BA71E89FBB71E99FBC71EA9FBD71EB9FF4
:10281000BE71EC9FBF71ED9FC071EE9FC171EF9FC4
:10282000C271F09FC471F19FC571F29FC671F39F91
:10283000C771F49FC871F59FC971F69FCA71F79F60
:10284000CB71F89FCC71F99FCD71FA9FCF71FB9F2F
:10285000D071FC9FD171FD9FD271FE9FD37140A0BA
:10286000D67141A0D77142A0D87143A0D97144A0BC
:10287000DA7145A0DB7146A0DC7147A0DD7148A08C
:10288000DE7149A0DF714AA0E1714BA0E2714CA05A
:10289000E3714DA0E4714EA0E6714FA0E87150A025
:1028A000E97151A0EA7152A0EB7153A0EC7154A0F0
:1028B000ED7155A0EF7156A0F07157A0F17158A0BD
:1028C000F27159A0F3715AA0F4715BA0F5715CA08C
:1028D000F6715DA0F7715EA0F8715FA0FA7160A05B
:1028E000FB7161A0FC7162A0FD7163A0FE7164A028
:1028F000FF7165A0007266A0017267A0027268A0F5
:10290000037269A004726AA005726BA007726CA0C2
:1029100008726DA009726EA00A726FA00B7270A08F
:102920000C7271A00D7272A00E7273A00F7274A05F
:10293000107275A0117276A0127277A0137278A02F
:10294000147279A015727AA016727BA017727CA0FF
:1029500018727DA019727EA01A7280A01B7281A0CD
:102960001C7282A01E7283A01F7284A0207285A098
:10297000217286A0227287A0237288A0247289A067
:1029800025728AA026728BA027728CA029728DA036
:102990002B728EA02D728FA02E7290A02F7291A0FC
:1029A000327292A0337293A0347294A03A7295A0BE
:1029B0003C7296A03E7297A0407298A0417299A076
:1029C00042729AA043729BA044729CA045729DA043
:1029D00046729EA049729FA04A72A0A04B72A1A00D
:1029E0004E72A2A04F72A3A05072A4A05172A5A0D3
:1029F0005372A6A05472A7A05572A8A05772A9A09E
:102A00005872AAA05A72ABA05C72ACA05E72ADA064
:102A10006072AEA06372AFA06472B0A06572B1A024
:102A20006872B2A06A72B3A06B72B4A06C72B5A0E7
:102A30006D72B6A07072B7A07172B8A07372B9A0AF
:102A40007472BAA07672BBA07772BCA07872BDA077
:102A50007B72BEA07C72BFA07D72C0A08272C1A03A
:102A60008372C2A08572C3A08672C4A08772C5A0FB
:102A70008872C6A08972C7A08C72C8A08E72C9A0C5
:102A80009072CAA09172CBA09372CCA09472CDA088
:102A90009572CEA09672CFA09772D0A09872D1A056
:102AA0009972D2A09A72D3A09B72D4A09C72D5A026
:102AB0009D72D6A09E72D7A0A072D8A0A172D9A0F4
:102AC000A272DAA0A372DBA0A472DCA0A572DDA0C2
:102AD000A672DEA0A772DFA0A872E0A0A972E1A092
:102AE000AA72E2A0AB72E3A0AE72E4A0B172E5A05C
:102AF000B272E6A0B372E7A0B572E8A0BA72E9A01C
:102B0000BB72EAA0BC72EBA0BD72ECA0BE72EDA0DD
:102B1000BF72EEA0C072EFA0C572F0A0C672F1A0A5
:102B2000C772F2A0C972F3A0CA72F4A0CB72F5A06A
:102B3000CC72F6A0CF72F7A0D172F8A0D372F9A030
:102B4000D472FAA0D572FBA0D672FCA0D872FDA0F8
:102B5000DA72FEA0DB72A1A10030A2A10130A3A114
:102B60000230A4A1B700A5A1C902A6A1C702A7A1CE
:102B7000A800A8A10330A9A10530AAA11420ABA1E7
:102B80005EFFACA11620ADA12620AEA11820AFA1FA
:102B90001920B0A11C20B1A11D20B2A11430B3A1F5
:102BA0001530B4A10830B5A10930B6A10A30B7A1DB
:102BB0000B30B8A10C30B9A10D30BAA10E30BBA1B9
:102BC0000F30BCA11630BDA11730BEA11030BFA17F
:102BD0001130C0A1B100C1A1D700C2A1F700C3A1AB
:102BE0003622C4A12722C5A12822C6A11122C7A12D
:102BF0000F22C8A12A22C9A12922CAA10822CBA139
:102C00003722CCA11A22CDA1A522CEA12522CFA167
:102C10002022D0A11223D1A19922D2A12B22D3A16B
:102C20002E22D4A16122D5A14C22D6A14822D7A11F
:102C30003D22D8A11D22D9A16022DAA16E22DBA1FA
:102C40006F22DCA16422DDA16522DEA11E22DFA1AC
:102C50003522E0A13422E1A14226E2A14026E3A1EF
:102C6000B000E4A13220E5A13320E6A10321E7A1D1
:102C700004FFE8A1A400E9A1E0FFEAA1E1FFEBA1C4
:102C80003020ECA1A700EDA11621EEA10626EFA1B0
:102C90000526F0A1CB25F1A1CF25F2A1CE25F3A1E8
:102CA000C725F4A1C625F5A1A125F6A1A025F7A168
:102CB000B325F8A1B225F9A13B20FAA19221FBA1ED
:102CC0009021FCA19121FDA19321FEA11330A1A28D
:102CD0007021A2A27121A3A27221A4A27321A5A294
:102CE0007421A6A27521A7A27621A8A27721A9A264
:102CF0007821AAA27921B1A28824B2A28924B3A200
:102D00008A24B4A28B24B5A28C24B6A28D24B7A2A7
:102D10008E24B8A28F24B9A29024BAA29124BBA277
:102D20009224BCA29324BDA29424BEA29524BFA247
:102D30009624C0A29724C1A29824C2A29924C3A217
:102D40009A24C4A29B24C5A27424C6A27524C7A237
:102D50007624C8A27724C9A27824CAA27924CBA257
:102D60007A24CCA27B24CDA27C24CEA27D24CFA227
:102D70007E24D0A27F24D1A28024D2A28124D3A2F7
:102D80008224D4A28324D5A28424D6A28524D7A2C7
:102D90008624D8A28724D9A26024DAA26124DBA2E7
:102DA0006224DCA26324DDA26424DEA26524DFA207
:102DB0006624E0A26724E1A26824E2A26924E5A2D5
:102DC0002032E6A22132E7A22232E8A22332E9A28F
:102DD0002432EAA22532EBA22632ECA22732EDA25F
:102DE0002832EEA22932F1A26021F2A26121F3A2DF
:102DF0006221F4A26321F5A26421F6A26521F7A263
:102E00006621F8A26721F9A26821FAA26921FBA232
:102E10006A21FCA26B21A1A301FFA2A302FFA3A32D
:102E200003FFA4A3E5FFA5A305FFA6A306FFA7A391
:102E300007FFA8A308FFA9A309FFAAA30AFFABA342
:102E40000BFFACA30CFFADA30DFFAEA30EFFAFA312
:102E50000FFFB0A310FFB1A311FFB2A312FFB3A3E2
:102E600013FFB4A314FFB5A315FFB6A316FFB7A3B2
:102E700017FFB8A318FFB9A319FFBAA31AFFBBA382
:102E80001BFFBCA31CFFBDA31DFFBEA31EFFBFA352
:102E90001FFFC0A320FFC1A321FFC2A322FFC3A322
:102EA00023FFC4A324FFC5A325FFC6A326FFC7A3F2
:102EB00027FFC8A328FFC9A329FFCAA32AFFCBA3C2
:102EC0002BFFCCA32CFFCDA32DFFCEA32EFFCFA392
:102ED0002FFFD0A330FFD1A331FFD2A332FFD3A362
:102EE00033FFD4A334FFD5A335FFD6A336FFD7A332
:102EF00037FFD8A338FFD9A339FFDAA33AFFDBA302
:102F00003BFFDCA33CFFDDA33DFFDEA33EFFDFA3D1
:102F10003FFFE0A340FFE1A341FFE2A342FFE3A3A1
:102F200043FFE4A344FFE5A345FFE6A346FFE7A371
:102F300047FFE8A348FFE9A349FFEAA34AFFEBA341
:102F40004BFFECA34CFFEDA34DFFEEA34EFFEFA311
:102F50004FFFF0A350FFF1A351FFF2A352FFF3A3E1
:102F600053FFF4A354FFF5A355FFF6A356FFF7A3B1
:102F700057FFF8A358FFF9A359FFFAA35AFFFBA381
:102F80005BFFFCA35CFFFDA35DFFFEA3E3FFA1A429
:102F90004130A2A44230A3A44330A4A44430A5A449
:102FA0004530A6A44630A7A44730A8A44830A9A419
:102FB0004930AAA44A30ABA44B30ACA44C30ADA4E9
:102FC0004D30AEA44E30AFA44F30B0A45030B1A4B9
:102FD0005130B2A45230B3A45330B4A45430B5A489
:102FE0005530B6A45630B7A45730B8A45830B9A459
:102FF0005930BAA45A30BBA45B30BCA45C30BDA429
:103000005D30BEA45E30BFA45F30C0A46030C1A4F8
:103010006130C2A46230C3A46330C4A46430C5A4C8
:103020006530C6A46630C7A46730C8A46830C9A498
:103030006930CAA46A30CBA46B30CCA46C30CDA468
:103040006D30CEA46E30CFA46F30D0A47030D1A438
:103050007130D2A47230D3A47330D4A47430D5A408
:103060007530D6A47630D7A47730D8A47830D9A4D8
:103070007930DAA47A30DBA47B30DCA47C30DDA4A8
:103080007D30DEA47E30DFA47F30E0A48030E1A478
:103090008130E2A48230E3A48330E4A48430E5A448
:1030A0008530E6A48630E7A48730E8A48830E9A418
:1030B0008930EAA48A30EBA48B30ECA48C30EDA4E8
:1030C0008D30EEA48E30EFA48F30F0A49030F1A4B8
:1030D0009130F2A49230F3A49330A1A5A130A2A51F
:1030E000A230A3A5A330A4A5A430A5A5A530A6A56C
:1030F000A630A7A5A730A8A5A830A9A5A930AAA53C
:10310000AA30ABA5AB30ACA5AC30ADA5AD30AEA50B
:10311000AE30AFA5AF30B0A5B030B1A5B130B2A5DB
:10312000B230B3A5B330B4A5B430B5A5B530B6A5AB
:10313000B630B7A5B730B8A5B830B9A5B930BAA57B
:10314000BA30BBA5BB30BCA5BC30BDA5BD30BEA54B
:10315000BE30BFA5BF30C0A5C030C1A5C130C2A51B
:10316000C230C3A5C330C4A5C430C5A5C530C6A5EB
:10317000C630C7A5C730C8A5C830C9A5C930CAA5BB
:10318000CA30CBA5CB30CCA5CC30CDA5CD30CEA58B
:10319000CE30CFA5CF30D0A5D030D1A5D130D2A55B
:1031A000D230D3A5D330D4A5D430D5A5D530D6A52B
:1031B000D630D7A5D730D8A5D830D9A5D930DAA5FB
:1031C000DA30DBA5DB30DCA5DC30DDA5DD30DEA5CB
:1031D000DE30DFA5DF30E0A5E030E1A5E130E2A59B
:1031E000E230E3A5E330E4A5E430E5A5E530E6A56B
:1031F000E630E7A5E730E8A5E830E9A5E930EAA53B
:10320000EA30EBA5EB30ECA5EC30EDA5ED30EEA50A
:10321000EE30EFA5EF30F0A5F030F1A5F130F2A5DA
:10322000F230F3A5F330F4A5F430F5A5F530F6A5AA
:10323000F630A1A69103A2A69203A3A69303A4A687
:103240009403A5A69503A6A69603A7A69703A8A6EA
:103250009803A9A69903AAA69A03ABA69B03ACA6BA
:103260009C03ADA69D03AEA69E03AFA69F03B0A68A
:10327000A003B1A6A103B2A6A303B3A6A403B4A658
:10328000A503B5A6A603B6A6A703B7A6A803B8A626
:10329000A903C1A6B103C2A6B203C3A6B303C4A6C1
:1032A000B403C5A6B503C6A6B603C7A6B703C8A68A
:1032B000B803C9A6B903CAA6BA03CBA6BB03CCA65A
:1032C000BC03CDA6BD03CEA6BE03CFA6BF03D0A62A
:1032D000C003D1A6C103D2A6C303D3A6C403D4A6F8
:1032E000C503D5A6C603D6A6C703D7A6C803D8A6C6
:1032F000C903E0A635FEE1A636FEE2A639FEE3A646
:103300003AFEE4A63FFEE5A640FEE6A63DFEE7A6A1
:103310003EFEE8A641FEE9A642FEEAA643FEEBA673
:1033200044FEEEA63BFEEFA63CFEF0A637FEF1A65D
:1033300038FEF2A631FEF4A633FEF5A634FEA1A7B0
:103340001004A2A71104A3A71204A4A71304A5A7FD
:103350001404A6A71504A7A70104A8A71604A9A7E3
:103360001704AAA71804ABA71904ACA71A04ADA7A1
:103370001B04AEA71C04AFA71D04B0A71E04B1A771
:103380001F04B2A72004B3A72104B4A72204B5A741
:103390002304B6A72404B7A72504B8A72604B9A711
:1033A0002704BAA72804BBA72904BCA72A04BDA7E1
:1033B0002B04BEA72C04BFA72D04C0A72E04C1A7B1
:1033C0002F04D1A73004D2A73104D3A73204D4A745
:1033D0003304D5A73404D6A73504D7A75104D8A7FA
:1033E0003604D9A73704DAA73804DBA73904DCA7E9
:1033F0003A04DDA73B04DEA73C04DFA73D04E0A7B9
:103400003E04E1A73F04E2A74004E3A74104E4A788
:103410004204E5A74304E6A74404E7A74504E8A758
:103420004604E9A74704EAA74804EBA74904ECA728
:103430004A04EDA74B04EEA74C04EFA74D04F0A7F8
:103440004E04F1A74F0440A8CA0241A8CB0242A8EB
:10345000D90243A8132044A8152045A8252046A832
:10346000352047A8052148A8092149A896214AA83E
:1034700097214BA898214CA899214DA815224EA818
:103480001F224FA8232250A8522251A8662252A8D8
:10349000672253A8BF2254A8502555A8512556A8E5
:1034A000522557A8532558A8542559A855255AA838
:1034B00056255BA857255CA858255DA859255EA808
:1034C0005A255FA85B2560A85C2561A85D2562A8D8
:1034D0005E2563A85F2564A8602565A8612566A8A8
:1034E000622567A8632568A8642569A865256AA878
:1034F00066256BA867256CA868256DA869256EA848
:103500006A256FA86B2570A86C2571A86D2572A817
:103510006E2573A86F2574A8702575A8712576A8E7
:10352000722577A8732578A8812579A882257AA89D
:1035300083257BA884257CA885257DA886257EA853
:10354000872580A8882581A8892582A88A2583A81F
:103550008B2584A88C2585A88D2586A88E2587A8EF
:103560008F2588A8932589A894258AA895258BA8B6
:10357000BC258CA8BD258DA8E2258EA8E3258FA8A3
:10358000E42590A8E52591A8092692A8952293A85C
:10359000123094A81D3095A81E30A1A80101A2A840
:1035A000E100A3A8CE01A4A8E000A5A81301A6A845
:1035B000E900A7A81B01A8A8E800A9A82B01AAA8B0
:1035C000ED00ABA8D001ACA8EC00ADA84D01AEA8B1
:1035D000F300AFA8D201B0A8F200B1A86B01B2A865
:1035E000FA00B3A8D401B4A8F900B5A8D601B6A8CA
:1035F000D801B7A8DA01B8A8DC01B9A8FC00BAA8BC
:10360000EA00BBA85102BDA84401BEA84801C0A859
:103610006102C5A80531C6A80631C7A80731C8A8E8
:103620000831C9A80931CAA80A31CBA80B31CCA8E6
:103630000C31CDA80D31CEA80E31CFA80F31D0A8B6
:103640001031D1A81131D2A81231D3A81331D4A886
:103650001431D5A81531D6A81631D7A81731D8A856
:103660001831D9A81931DAA81A31DBA81B31DCA826
:103670001C31DDA81D31DEA81E31DFA81F31E0A8F6
:103680002031E1A82131E2A82231E3A82331E4A8C6
:103690002431E5A82531E6A82631E7A82731E8A896
:1036A0002831E9A8293140A9213041A9223042A975
:1036B000233043A9243044A9253045A9263046A902
:1036C000273047A9283048A9293049A9A3324AA957
:1036D0008E334BA98F334CA99C334DA99D334EA9F2
:1036E0009E334FA9A13350A9C43351A9CE3352A957
:1036F000D13353A9D23354A9D53355A930FE56A995
:10370000E2FF57A9E4FF59A921215AA931325CA946
:10371000102060A9FC3061A99B3062A99C3063A98C
:10372000FD3064A9FE3065A9063066A99D3067A901
:103730009E3068A949FE69A94AFE6AA94BFE6BA999
:103740004CFE6CA94DFE6DA94EFE6EA94FFE6FA9F1
:1037500050FE70A951FE71A952FE72A954FE73A9C0
:1037600055FE74A956FE75A957FE76A959FE77A98C
:103770005AFE78A95BFE79A95CFE7AA95DFE7BA959
:103780005EFE7CA95FFE7DA960FE7EA961FE80A928
:1037900062FE81A963FE82A964FE83A965FE84A9F5
:1037A00066FE85A968FE86A969FE87A96AFE88A9C2
:1037B0006BFE96A90730A4A90025A5A90125A6A9F5
:1037C0000225A7A90325A8A90425A9A90525AAA911
:1037D0000625ABA90725ACA90825ADA90925AEA9E1
:1037E0000A25AFA90B25B0A90C25B1A90D25B2A9B1
:1037F0000E25B3A90F25B4A91025B5A91125B6A981
:103800001225B7A91325B8A91425B9A91525BAA950
:103810001625BBA91725BCA91825BDA91925BEA920
:103820001A25BFA91B25C0A91C25C1A91D25C2A9F0
:103830001E25C3A91F25C4A92025C5A92125C6A9C0
:103840002225C7A92325C8A92425C9A92525CAA990
:103850002625CBA92725CCA92825CDA92925CEA960
:103860002A25CFA92B25D0A92C25D1A92D25D2A930
:103870002E25D3A92F25D4A93025D5A93125D6A900
:103880003225D7A93325D8A93425D9A93525DAA9D0
:103890003625DBA93725DCA93825DDA93925DEA9A0
:1038A0003A25DFA93B25E0A93C25E1A93D25E2A970
:1038B0003E25E3A93F25E4A94025E5A94125E6A940
:1038C0004225E7A94325E8A94425E9A94525EAA910
:1038D0004625EBA94725ECA94825EDA94925EEA9E0
:1038E0004A25EFA94B2540AADC7241AADD7242AA03
:1038F000DF7243AAE27244AAE37245AAE47246AABE
:10390000E57247AAE67248AAE77249AAEA724AAA89
:10391000EB724BAAF5724CAAF6724DAAF9724EAA36
:10392000FD724FAAFE7250AAFF7251AA007352AAEA
:10393000027353AA047354AA057355AA067356AAB0
:10394000077357AA087358AA097359AA0B735AAA7E
:103950000C735BAA0D735CAA0F735DAA10735EAA49
:1039600011735FAA127360AA147361AA187362AA12
:10397000197363AA1A7364AA1F7365AA207366AACF
:10398000237367AA247368AA267369AA27736AAA8D
:1039900028736BAA2D736CAA2F736DAA30736EAA4D
:1039A00032736FAA337370AA357371AA367372AA11
:1039B0003A7373AA3B7374AA3C7375AA3D7376AAD3
:1039C000407377AA417378AA427379AA43737AAA9B
:1039D00044737BAA45737CAA46737DAA47737EAA6B
:1039E000487380AA497381AA4A7382AA4B7383AA37
:1039F0004C7384AA4E7385AA4F7386AA517387AA03
:103A0000537388AA547389AA55738AAA56738BAACA
:103A100058738CAA59738DAA5A738EAA5B738FAA96
:103A20005C7390AA5D7391AA5E7392AA5F7393AA66
:103A3000617394AA627395AA637396AA647397AA32
:103A4000657398AA667399AA67739AAA68739BAA02
:103A500069739CAA6A739DAA6B739EAA6E739FAAD0
:103A60007073A0AA717340AB727341AB737342ABB6
:103A7000747343AB757344AB767345AB777346ABE6
:103A8000787347AB797348AB7A7349AB7B734AABB6
:103A90007C734BAB7D734CAB7F734DAB80734EAB84
:103AA00081734FAB827350AB837351AB857352AB51
:103AB000867353AB887354AB8A7355AB8C7356AB18
:103AC0008D7357AB8F7358AB907359AB92735AABDE
:103AD00093735BAB94735CAB95735DAB97735EABA9
:103AE00098735FAB997360AB9A7361AB9C7362AB75
:103AF0009D7363AB9E7364ABA07365ABA17366AB40
:103B0000A37367ABA47368ABA57369ABA6736AAB09
:103B1000A7736BABA8736CABAA736DABAC736EABD6
:103B2000AD736FABB17370ABB47371ABB57372AB94
:103B3000B67373ABB87374ABB97375ABBC7376AB58
:103B4000BD7377ABBE7378ABBF7379ABC1737AAB20
:103B5000C3737BABC4737CABC5737DABC6737EABE9
:103B6000C77380ABCB7381ABCC7382ABCE7383ABAB
:103B7000D27384ABD37385ABD47386ABD57387AB69
:103B8000D67388ABD77389ABD8738AABDA738BAB38
:103B9000DB738CABDC738DABDD738EABDF738FAB04
:103BA000E17390ABE27391ABE37392ABE47393ABCD
:103BB000E67394ABE87395ABEA7396ABEB7397AB94
:103BC000EC7398ABEE7399ABEF739AABF0739BAB5E
:103BD000F1739CABF3739DABF4739EABF5739FAB2A
:103BE000F673A0ABF77340ACF87341ACF97342AC19
:103BF000FA7343ACFB7344ACFC7345ACFD7346AC49
:103C0000FE7347ACFF7348AC007449AC01744AAC16
:103C100002744BAC04744CAC07744DAC08744EACDD
:103C20000B744FAC0C7450AC0D7451AC0E7452ACA0
:103C3000117453AC127454AC137455AC147456AC68
:103C4000157457AC167458AC177459AC18745AAC38
:103C500019745BAC1C745CAC1D745DAC1E745EAC02
:103C60001F745FAC207460AC217461AC237462ACCF
:103C7000247463AC277464AC297465AC2B7466AC93
:103C80002D7467AC2F7468AC317469AC32746AAC53
:103C900037746BAC38746CAC39746DAC3A746EAC10
:103CA0003B746FAC3D7470AC3E7471AC3F7472ACDD
:103CB000407473AC427474AC437475AC447476ACA9
:103CC000457477AC467478AC477479AC48747AAC78
:103CD00049747BAC4A747CAC4B747DAC4C747EAC48
:103CE0004D7480AC4E7481AC4F7482AC507483AC14
:103CF000517484AC527485AC537486AC547487ACE4
:103D0000567488AC587489AC5D748AAC60748BACA2
:103D100061748CAC62748DAC63748EAC64748FAC63
:103D2000657490AC667491AC677492AC687493AC33
:103D3000697494AC6A7495AC6B7496AC6C7497AC03
:103D40006E7498AC6F7499AC71749AAC72749BACCD
:103D500073749CAC74749DAC75749EAC78749FAC99
:103D60007974A0AC7A7440AD7B7441AD7C7442AD83
:103D70007D7443AD7F7444AD827445AD847446ADAB
:103D8000857447AD867448AD887449AD89744AAD71
:103D90008A744BAD8C744CAD8D744DAD8F744EAD3B
:103DA00091744FAD927450AD937451AD947452AD03
:103DB000957453AD967454AD977455AD987456ADD3
:103DC000997457AD9A7458AD9B7459AD9D745AADA2
:103DD0009F745BADA0745CADA1745DADA2745EAD6B
:103DE000A3745FADA47460ADA57461ADA67462AD3B
:103DF000AA7463ADAB7464ADAC7465ADAD7466ADFF
:103E0000AE7467ADAF7468ADB07469ADB1746AADCE
:103E1000B2746BADB3746CADB4746DADB5746EAD9E
:103E2000B6746FADB77470ADB87471ADB97472AD6E
:103E3000BB7473ADBC7474ADBD7475ADBE7476AD3A
:103E4000BF7477ADC07478ADC17479ADC2747AAD0A
:103E5000C3747BADC4747CADC5747DADC6747EADDA
:103E6000C77480ADC87481ADC97482ADCA7483ADA6
:103E7000CB7484ADCC7485ADCD7486ADCE7487AD76
:103E8000CF7488ADD07489ADD1748AADD3748BAD45
:103E9000D4748CADD5748DADD6748EADD7748FAD12
:103EA000D87490ADD97491ADDA7492ADDB7493ADE2
:103EB000DD7494ADDF7495ADE17496ADE57497ADA6
:103EC000E77498ADE87499ADE9749AADEA749BAD66
:103ED000EB749CADEC749DADED749EADF0749FAD34
:103EE000F174A0ADF27440AEF37441AEF57442AE1D
:103EF000F87443AEF97444AEFA7445AEFB7446AE42
:103F0000FC7447AEFD7448AEFE7449AE00754AAE0F
:103F100001754BAE02754CAE03754DAE05754EAED8
:103F200006754FAE077550AE087551AE097552AEA5
:103F30000A7553AE0B7554AE0C7555AE0E7556AE74
:103F4000107557AE127558AE147559AE15755AAE38
:103F500016755BAE17755CAE1B755DAE1D755EAEFE
:103F60001E755FAE207560AE217561AE227562AEC2
:103F7000237563AE247564AE267565AE277566AE8F
:103F80002A7567AE2E7568AE347569AE36756AAE41
:103F900039756BAE3C756CAE3D756DAE3F756EAEF2
:103FA00041756FAE427570AE437571AE447572AEB9
:103FB000467573AE477574AE497575AE4A7576AE83
:103FC0004D7577AE507578AE517579AE52757AAE43
:103FD00053757BAE55757CAE56757DAE57757EAE0E
:103FE000587580AE5D7581AE5E7582AE5F7583AECD
:103FF000607584AE617585AE627586AE637587AE99
:10400000647588AE677589AE68758AAE69758BAE62
:104010006B758CAE6C758DAE6D758EAE6E758FAE2C
:104020006F7590AE707591AE717592AE737593AEFB
:10403000757594AE767595AE777596AE7A7597AEC2
:104040007B7598AE7C7599AE7D759AAE7E759BAE8C
:1040500080759CAE81759DAE82759EAE84759FAE57
:104060008575A0AE877540AF887541AF897542AF41
:104070008A7543AF8C7544AF8D7545AF8E7546AF6D
:10408000907547AF937548AF957549AF98754AAF2E
:104090009B754BAF9C754CAF9E754DAFA2754EAFE7
:1040A000A6754FAFA77550AFA87551AFA97552AFA0
:1040B000AA7553AFAD7554AFB67555AFB77556AF5A
:1040C000BA7557AFBB7558AFBF7559AFC0755AAF0A
:1040D000C1755BAFC6755CAFCB755DAFCC755EAFC0
:1040E000CE755FAFCF7560AFD07561AFD17562AF80
:1040F000D37563AFD77564AFD97565AFDA7566AF41
:10410000DC7567AFDD7568AFDF7569AFE0756AAF05
:10411000E1756BAFE5756CAFE9756DAFEC756EAFC2
:10412000ED756FAFEE7570AFEF7571AFF27572AF81
:10413000F37573AFF57574AFF67575AFF77576AF48
:10414000F87577AFFA7578AFFB7579AFFD757AAF13
:10415000FE757BAF02767CAF04767DAF06767EAFD0
:10416000077680AF087681AF097682AF0B7683AF92
:104170000D7684AF0E7685AF0F7686AF117687AF5A
:10418000127688AF137689AF14768AAF16768BAF26
:104190001A768CAF1C768DAF1D768EAF1E768FAFE4
:1041A000217690AF237691AF277692AF287693AFA2
:1041B0002C7694AF2E7695AF2F7696AF317697AF5B
:1041C000327698AF367699AF37769AAF39769BAF1D
:1041D0003A769CAF3B769DAF3D769EAF41769FAFE2
:1041E0004276A0AF447640B0457641B0467642B0C4
:1041F000477643B0487644B0497645B04A7646B0F3
:104200004B7647B04E7648B04F7649B050764AB0BC
:1042100051764BB052764CB053764DB055764EB089
:1042200057764FB0587650B0597651B05A7652B052
:104230005B7653B05D7654B05F7655B0607656B01D
:10424000617657B0627658B0647659B065765AB0E8
:1042500066765BB067765CB068765DB069765EB0B6
:104260006A765FB06C7660B06D7661B06E7662B083
:10427000707663B0717664B0727665B0737666B04E
:10428000747667B0757668B0767669B077766AB01E
:1042900079766BB07A766CB07C766DB07F766EB0E6
:1042A00080766FB0817670B0837671B0857672B0AB
:1042B000897673B08A7674B08C7675B08D7676B068
:1042C0008F7677B0907678B0927679B094767AB02F
:1042D00095767BB097767CB098767DB09A767EB0F6
:1042E0009B7680B09C7681B09D7682B09E7683B0BE
:1042F0009F7684B0A07685B0A17686B0A27687B08E
:10430000A37688B0A57689B0A6768AB0A7768BB05A
:10431000A8768CB0A9768DB0AA768EB0AB768FB029
:10432000AC7690B0AD7691B0AF7692B0B07693B0F7
:10433000B37694B0B57695B0B67696B0B77697B0BA
:10434000B87698B0B97699B0BA769AB0BB769BB089
:10435000BC769CB0BD769DB0BE769EB0C0769FB058
:10436000C176A0B0C376A1B04A55A2B03F96A3B023
:10437000C357A4B02863A5B0CE54A6B00955A7B0C2
:10438000C054A8B09176A9B04C76AAB03C85ABB029
:10439000EE77ACB07E82ADB08D78AEB03172AFB09A
:1043A0009896B0B08D97B1B0286CB2B0895BB3B0BD
:1043B000FA4FB4B00963B5B09766B6B0B85CB7B0A1
:1043C000FA80B8B04868B9B0AE80BAB00266BBB087
:1043D000CE76BCB0F951BDB05665BEB0AC71BFB0C1
:1043E000F17FC0B08488C1B0B250C2B06559C3B0CB
:1043F000CA61C4B0B36FC5B0AD82C6B04C63C7B0BC
:104400005262C8B0ED53C9B02754CAB0067BCBB0D6
:104410006B51CCB0A475CDB0F45DCEB0D462CFB04A
:10442000CB8DD0B07697D1B08A62D2B01980D3B09C
:104430005D57D4B03897D5B0627FD6B03872D7B058
:104440007D76D8B0CF67D9B07E76DAB04664DBB07F
:10445000704FDCB0258DDDB0DC62DEB0177ADFB0E6
:104460009165E0B0ED73E1B02C64E2B07362E3B04B
:104470002C82E4B08198E5B07F67E6B04872E7B07F
:104480006E62E8B0CC62E9B0344FEAB0E374EBB0EE
:104490004A53ECB09E52EDB0CA7EEEB0A690EFB09B
:1044A0002E5EF0B08668F1B09C69F2B08081F3B006
:1044B000D17EF4B0D268F5B0C578F6B08C86F7B08E
:1044C0005195F8B08D50F9B0248CFAB0DE82FBB073
:1044D000DE80FCB00553FDB01289FEB0655240B1DC
:1044E000C47641B1C77642B1C97643B1CB7644B107
:1044F000CC7645B1D37646B1D57647B1D97648B1B9
:10450000DA7649B1DC764AB1DD764BB1DE764CB174
:10451000E0764DB1E1764EB1E2764FB1E37650B13F
:10452000E47651B1E67652B1E77653B1E87654B10C
:10453000E97655B1EA7656B1EB7657B1EC7658B1DB
:10454000ED7659B1F0765AB1F3765BB1F5765CB1A0
:10455000F6765DB1F7765EB1FA765FB1FB7660B163
:10456000FD7661B1FF7662B1007763B1027764B125
:10457000037765B1057766B1067767B10A7768B1E9
:104580000C7769B10E776AB10F776BB110776CB1A8
:1045900011776DB112776EB113776FB1147770B177
:1045A000157771B1167772B1177773B1187774B147
:1045B0001B7775B11C7776B11D7777B11E7778B10F
:1045C000217779B123777AB124777BB125777CB1D4
:1045D00027777DB12A777EB12B7780B12C7781B197
:1045E0002E7782B1307783B1317784B1327785B15C
:1045F000337786B1347787B1397788B13B7789B122
:104600003D778AB13E778BB13F778CB142778DB1E0
:1046100044778EB145778FB1467790B1487791B1A5
:10462000497792B14A7793B14B7794B14C7795B172
:104630004D7796B14E7797B14F7798B1527799B140
:1046400053779AB154779BB155779CB156779DB10A
:1046500057779EB158779FB15977A0B15C77A1B1D8
:104660008485A2B1F996A3B1DD4FA4B12158A5B1BB
:104670007199A6B19D5BA7B1B162A8B1A562A9B1BC
:10468000B466AAB1798CABB18D9CACB10672ADB1F8
:104690006F67AEB19178AFB1B260B0B15153B1B103
:1046A0001753B2B1888FB3B1CC80B4B11D8DB5B101
:1046B000A194B6B10D50B7B1C872B8B10759B9B12C
:1046C000EB60BAB11971BBB1AB88BCB15459BDB183
:1046D000EF82BEB12C67BFB1287BC0B1295DC1B1EB
:1046E000F77EC2B12D75C3B1F56CC4B1668EC5B18C
:1046F000F88FC6B13C90C7B13B9FC8B1D46BC9B16C
:104700001991CAB1147BCBB17C5FCCB1A778CDB184
:10471000D684CEB13D85CFB1D56BD0B1D96BD1B1F7
:10472000D66BD2B1015ED3B1875ED4B1F975D5B184
:10473000ED95D6B15D65D7B10A5FD8B1C55FD9B186
:104740009F8FDAB1C158DBB1C281DCB17F90DDB19E
:104750005B96DEB1AD97DFB1B98FE0B1167FE1B105
:104760002C8DE2B14162E3B1BF4FE4B1D853E5B162
:104770005E53E6B1A88FE7B1A98FE8B1AB8FE9B17D
:104780004D90EAB10768EBB16A5FECB19881EDB189
:104790006888EEB1D69CEFB18B61F0B12B52F1B1CC
:1047A0002A76F2B16C5FF3B18C65F4B1D26FF5B1DA
:1047B000E86EF6B1BE5BF7B14864F8B17551F9B176
:1047C000B051FAB1C467FBB1194EFCB1C979FDB162
:1047D0007C99FEB1B37040B25D7741B25E7742B270
:1047E0005F7743B2607744B2647745B2677746B289
:1047F000697747B26A7748B26D7749B26E774AB245
:104800006F774BB270774CB271774DB272774EB210
:1048100073774FB2747750B2757751B2767752B2E0
:10482000777753B2787754B27A7755B27B7756B2AE
:104830007C7757B2817758B2827759B283775AB270
:1048400086775BB287775CB288775DB289775EB234
:104850008A775FB28B7760B28F7761B2907762B2FE
:10486000937763B2947764B2957765B2967766B2C0
:10487000977767B2987768B2997769B29A776AB290
:104880009B776BB29C776CB29D776DB29E776EB260
:10489000A1776FB2A37770B2A47771B2A67772B224
:1048A000A87773B2AB7774B2AD7775B2AE7776B2E4
:1048B000AF7777B2B17778B2B27779B2B4777AB2AC
:1048C000B6777BB2B7777CB2B8777DB2B9777EB274
:1048D000BA7780B2BC7781B2BE7782B2C07783B23A
:1048E000C17784B2C27785B2C37786B2C47787B204
:1048F000C57788B2C67789B2C7778AB2C8778BB2D4
:10490000C9778CB2CA778DB2CB778EB2CC778FB2A3
:10491000CE7790B2CF7791B2D07792B2D17793B26F
:10492000D27794B2D37795B2D47796B2D57797B23F
:10493000D67798B2D87799B2D9779AB2DA779BB20C
:10494000DD779CB2DE779DB2DF779EB2E0779FB2D3
:10495000E177A0B2E477A1B2C575A2B2765EA3B248
:10496000BB73A4B2E083A5B2AD64A6B2E862A7B2FD
:10497000B594A8B2E26CA9B25A53AAB2C352ABB270
:104980000F64ACB2C294ADB2947BAEB22F4FAFB253
:104990001B5EB0B23682B1B21681B2B28A81B3B2B6
:1049A000246EB4B2CA6CB5B2739AB6B25563B7B2DC
:1049B0005C53B8B2FA54B9B26588BAB2E057BBB228
:1049C0000D4EBCB2035EBDB2656BBEB23F7CBFB2E2
:1049D000E890C0B21660C1B2E664C2B21C73C3B242
:1049E000C188C4B25067C5B24D62C6B2228DC7B28B
:1049F0006C77C8B2298EC9B2C791CAB2695FCBB20F
:104A0000DC83CCB22185CDB21099CEB2C253CFB2E5
:104A10009586D0B28B6BD1B2ED60D2B2E860D3B2E2
:104A20007F70D4B2CD82D5B23182D6B2D34ED7B256
:104A3000A76CD8B2CF85D9B2CD64DAB2D97CDBB25B
:104A4000FD69DCB2F966DDB24983DEB29553DFB2AF
:104A5000567BE0B2A74FE1B28C51E2B24B6DE3B2AC
:104A6000425CE4B26D8EE5B2D263E6B2C953E7B2FE
:104A70002C83E8B23683E9B2E567EAB2B478EBB2E8
:104A80003D64ECB2DF5BEDB2945CEEB2EE5DEFB292
:104A9000E78BF0B2C662F1B2F467F2B27A8CF3B28D
:104AA0000064F4B2BA63F5B24987F6B28B99F7B2F3
:104AB000178CF8B2207FF9B2F294FAB2A74EFBB28B
:104AC0001096FCB2A498FDB20C66FEB2167340B309
:104AD000E67741B3E87742B3EA7743B3EF7744B37D
:104AE000F07745B3F17746B3F27747B3F47748B33D
:104AF000F57749B3F7774AB3F9774BB3FA774CB305
:104B0000FB774DB3FC774EB303784FB3047850B3C3
:104B1000057851B3067852B3077853B3087854B385
:104B20000A7855B30B7856B30E7857B30F7858B34D
:104B3000107859B313785AB315785BB319785CB30E
:104B40001B785DB31E785EB320785FB3217860B3C5
:104B5000227861B3247862B3287863B32A7864B387
:104B60002B7865B32E7866B32F7867B3317868B346
:104B7000327869B333786AB335786BB336786CB30F
:104B80003D786DB33F786EB341786FB3427870B3C0
:104B9000437871B3447872B3467873B3487874B38A
:104BA000497875B34A7876B34B7877B34D7878B354
:104BB0004F7879B351787AB353787BB354787CB318
:104BC00058787DB359787EB35A7880B35B7881B3D7
:104BD0005C7882B35E7883B35F7884B3607885B3A2
:104BE000617886B3627887B3637888B3647889B371
:104BF00065788AB366788BB367788CB368788DB341
:104C000069788EB36F788FB3707890B3717891B301
:104C1000727892B3737893B3747894B3757895B3CC
:104C2000767896B3787897B3797898B37A7899B399
:104C30007B789AB37D789BB37E789CB37F789DB365
:104C400080789EB381789FB38278A0B38378A1B334
:104C50003A57A2B31D5CA3B3385EA4B37F95A5B346
:104C60007F50A6B3A080A7B38253A8B35E65A9B353
:104C70004575AAB33155ABB32150ACB3858DADB3F7
:104C80008462AEB39E94AFB31D67B0B33256B1B376
:104C90006E6FB2B3E25DB3B33554B4B39270B5B3D3
:104CA000668FB6B36F62B7B3A464B8B3A363B9B386
:104CB0007B5FBAB3886FBBB3F490BCB3E381BDB381
:104CC000B08FBEB3185CBFB36866C0B3F15FC1B349
:104CD000896CC2B34896C3B3818DC4B36C88C5B325
:104CE0009164C6B3F079C7B3CE57C8B3596AC9B394
:104CF0001062CAB34854CBB3584ECCB30B7ACDB381
:104D0000E960CEB3846FCFB3DA8BD0B37F62D1B317
:104D10001E90D2B38B9AD3B3E479D4B30354D5B3F2
:104D2000F475D6B30163D7B31953D8B3606CD9B354
:104D3000DF8FDAB31B5FDBB3709ADCB33B80DDB38C
:104D40007F9FDEB3884FDFB33A5CE0B3648DE1B39D
:104D5000C57FE2B3A565E3B3BD70E4B34551E5B3E8
:104D6000B251E6B36B86E7B3075DE8B3A05BE9B386
:104D7000BD62EAB36C91EBB37475ECB30C8EEDB31A
:104D8000207AEEB30161EFB3797BF0B3C74EF1B394
:104D9000F87EF2B38577F3B3114EF4B3ED81F5B33A
:104DA0001D52F6B3FA51F7B3716AF8B3A853F9B3C9
:104DB000878EFAB30495FBB3CF96FCB3C16EFDB3F7
:104DC0006496FEB35A6940B4847841B4857842B49D
:104DD000867843B4887844B48A7845B48B7846B4EE
:104DE0008F7847B4907848B4927849B494784AB4AC
:104DF00095784BB496784CB499784DB49D784EB470
:104E00009E784FB4A07850B4A27851B4A47852B42C
:104E1000A67853B4A87854B4A97855B4AA7856B4EF
:104E2000AB7857B4AC7858B4AD7859B4AE785AB4BE
:104E3000AF785BB4B5785CB4B6785DB4B7785EB47F
:104E4000B8785FB4BA7860B4BB7861B4BC7862B447
:104E5000BD7863B4BF7864B4C07865B4C27866B412
:104E6000C37867B4C47868B4C67869B4C7786AB4DC
:104E7000C8786BB4CC786CB4CD786DB4CE786EB4A1
:104E8000CF786FB4D17870B4D27871B4D37872B46B
:104E9000D67873B4D77874B4D87875B4DA7876B431
:104EA000DB7877B4DC7878B4DD7879B4DE787AB4FE
:104EB000DF787BB4E0787CB4E1787DB4E2787EB4CE
:104EC000E37880B4E47881B4E57882B4E67883B49A
:104ED000E77884B4E97885B4EA7886B4EB7887B467
:104EE000ED7888B4EE7889B4EF788AB4F0788BB432
:104EF000F1788CB4F3788DB4F5788EB4F6788FB4FD
:104F0000F87890B4F97891B4FB7892B4FC7893B4C3
:104F1000FD7894B4FE7895B4FF7896B4007997B490
:104F2000027998B4037999B404799AB406799BB458
:104F300007799CB408799DB409799EB40A799FB425
:104F40000B79A0B40C79A1B44078A2B4A850A3B452
:104F5000D777A4B41064A5B4E689A6B40459A7B45D
:104F6000E363A8B4DD5DA9B47F7AAAB43D69ABB4AC
:104F7000204FACB43982ADB49855AEB4324EAFB414
:104F8000AE75B0B4977AB1B4625EB2B48A5EB3B4AF
:104F9000EF95B4B41B52B5B43954B6B48A70B7B4F3
:104FA0007663B8B42495B9B48257BAB42566BBB455
:104FB0003F69BCB48791BDB40755BEB4F36DBFB4AF
:104FC000AF7EC0B42288C1B43362C2B4F07EC3B431
:104FD000B575C4B42883C5B4C178C6B4CC96C7B47B
:104FE0009E8FC8B44861C9B4F774CAB4CD8BCBB432
:104FF000646BCCB43A52CDB4508DCEB4216BCFB4E7
:105000006A80D0B47184D1B4F156D2B40653D3B40B
:10501000CE4ED4B41B4ED5B4D151D6B4977CD7B4B0
:105020008B91D8B4077CD9B4C34FDAB47F8EDBB48C
:10503000E17BDCB49C7ADDB46764DEB4145DDFB47C
:10504000AC50E0B40681E1B40176E2B4B97CE3B4DB
:10505000EC6DE4B4E07FE5B45167E6B4585BE7B4C7
:10506000F85BE8B4CB78E9B4AE64EAB41364EBB4AB
:10507000AA63ECB42B63EDB41995EEB42D64EFB4D0
:10508000BE8FF0B4547BF1B42976F2B45362F3B41A
:105090002759F4B44654F5B4796BF6B4A350F7B479
:1050A0003462F8B4265EF9B4866BFAB4E34EFBB40E
:1050B000378DFCB48B88FDB4855FFEB42E9040B56F
:1050C0000D7941B50E7942B50F7943B5107944B5E4
:1050D000117945B5127946B5147947B5157948B5B2
:1050E000167949B517794AB518794BB519794CB580
:1050F0001A794DB51B794EB51C794FB51D7950B550
:105100001F7951B5207952B5217953B5227954B51B
:10511000237955B5257956B5267957B5277958B5E8
:10512000287959B529795AB52A795BB52B795CB5B7
:105130002C795DB52D795EB52E795FB52F7960B587
:10514000307961B5317962B5327963B5337964B557
:10515000357965B5367966B5377967B5387968B523
:10516000397969B53D796AB53F796BB542796CB5E6
:1051700043796DB544796EB545796FB5477970B5AA
:105180004A7971B54B7972B54C7973B54D7974B56F
:105190004E7975B54F7976B5507977B5517978B53F
:1051A000527979B554797AB555797BB558797CB50A
:1051B00059797DB561797EB5637980B5647981B5BA
:1051C000667982B5697983B56A7984B56B7985B575
:1051D0006C7986B56E7987B5707988B5717989B53E
:1051E00072798AB573798BB574798CB575798DB50B
:1051F00076798EB579798FB57B7990B57C7991B5D3
:105200007D7992B57E7993B57F7994B5827995B59C
:10521000837996B5867997B5877998B5887999B560
:1052200089799AB58B799BB58C799CB58D799DB52B
:105230008E799EB590799FB59179A0B59279A1B5F7
:105240002060A2B53D80A3B5C562A4B5394EA5B511
:105250005553A6B5F890A7B5B863A8B5C680A9B54B
:10526000E665AAB52E6CABB5464FACB5EE60ADB5F4
:10527000E16DAEB5DE8BAFB5395FB0B5CB86B1B5FC
:10528000535FB2B52163B3B55A51B4B56183B5B5B7
:105290006368B6B50052B7B56363B8B5488EB9B5A3
:1052A0001250BAB59B5CBBB57779BCB5FC5BBDB59C
:1052B0003052BEB53B7ABFB5BC60C0B55390C1B5E6
:1052C000D776C2B5B75FC3B5975FC4B58476C5B5A9
:1052D0006C8EC6B56F70C7B57B76C8B5497BC9B54E
:1052E000AA77CAB5F351CBB59390CCB52458CDB5B8
:1052F0004E4FCEB5F46ECFB5EA8FD0B54C65D1B573
:105300001B7BD2B5C472D3B5A46DD4B5DF7FD5B540
:10531000E15AD6B5B562D7B5955ED8B53057D9B58F
:105320008284DAB52C7BDBB51D5EDCB51F5FDDB595
:105330001290DEB5147FDFB5A098E0B58263E1B5C9
:10534000C76EE2B59878E3B5B970E4B57851E5B5C4
:105350005B97E6B5AB57E7B53575E8B5434FE9B5AB
:105360003875EAB5975EEBB5E660ECB56059EDB51A
:10537000C06DEEB5BF6BEFB58978F0B5FC53F1B5F4
:10538000D596F2B5CB51F3B50152F4B58963F5B5B5
:105390000A54F6B59394F7B5038CF8B5CC8DF9B5EE
:1053A0003972FAB59F78FBB57687FCB5ED8FFDB500
:1053B0000D8CFEB5E05340B6937941B6947942B670
:1053C000957943B6967944B6977945B6987946B6B5
:1053D000997947B69B7948B69C7949B69D794AB682
:1053E0009E794BB69F794CB6A0794DB6A1794EB651
:1053F000A2794FB6A37950B6A47951B6A57952B621
:10540000A67953B6A87954B6A97955B6AA7956B6ED
:10541000AB7957B6AC7958B6AD7959B6AE795AB6BC
:10542000AF795BB6B0795CB6B1795DB6B2795EB68C
:10543000B4795FB6B57960B6B67961B6B77962B658
:10544000B87963B6BC7964B6BF7965B6C27966B619
:10545000C47967B6C57968B6C77969B6C8796AB6D6
:10546000CA796BB6CC796CB6CE796DB6CF796EB69B
:10547000D0796FB6D37970B6D47971B6D67972B661
:10548000D77973B6D97974B6DA7975B6DB7976B629
:10549000DC7977B6DD7978B6DE7979B6E0797AB6F7
:1054A000E1797BB6E2797CB6E5797DB6E8797EB6BE
:1054B000EA7980B6EC7981B6EE7982B6F17983B675
:1054C000F27984B6F37985B6F47986B6F57987B63C
:1054D000F67988B6F77989B6F9798AB6FA798BB60A
:1054E000FC798CB6FE798DB6FF798EB6017A8FB6CF
:1054F000047A90B6057A91B6077A92B6087A93B68E
:10550000097A94B60A7A95B60C7A96B60F7A97B657
:10551000107A98B6117A99B6127A9AB6137A9BB61F
:10552000157A9CB6167A9DB6187A9EB6197A9FB6E9
:105530001B7AA0B61C7AA1B6014EA2B6EF76A3B62E
:10554000EE53A4B68994A5B67698A6B60E9FA7B6D4
:105550002D95A8B69A5BA9B6A28BAAB6224EABB679
:105560001C4EACB6AC51ADB66384AEB6C261AFB63C
:10557000A852B0B60B68B1B6974FB2B66B60B3B66F
:10558000BB51B4B61E6DB5B65C51B6B69662B7B631
:105590009765B8B66196B9B6468CBAB61790BBB6E1
:1055A000D875BCB6FD90BDB66377BEB6D26BBFB63C
:1055B0008A72C0B6EC72C1B6FB8BC2B63558C3B6A0
:1055C0007977C4B64C8DC5B65C67C6B64095C7B68C
:1055D0009A80C8B6A65EC9B6216ECAB69259CBB635
:1055E000EF7ACCB6ED77CDB63B95CEB6B56BCFB6F0
:1055F000AD65D0B60E7FD1B60658D2B65151D3B6EE
:105600001F96D4B6F95BD5B6A958D6B62854D7B6E6
:10561000728ED8B66665D9B67F98DAB6E456DBB630
:105620009D94DCB6FE76DDB64190DEB68763DFB6CC
:10563000C654E0B61A59E1B63A59E2B69B57E3B6FA
:10564000B28EE4B63567E5B6FA8DE6B63582E7B6D2
:105650004152E8B6F060E9B61558EAB6FE86EBB6F8
:10566000E85CECB6459EEDB6C44FEEB69D98EFB63D
:10567000B98BF0B6255AF1B67660F2B68453F3B61C
:105680007C62F4B64F90F5B60291F6B67F99F7B604
:105690006960F8B60C80F9B63F51FAB63380FBB6B4
:1056A000145CFCB67599FDB6316DFEB68C4E40B7F4
:1056B0001D7A41B71F7A42B7217A43B7227A44B79D
:1056C000247A45B7257A46B7267A47B7277A48B766
:1056D000287A49B7297A4AB72A7A4BB72B7A4CB736
:1056E0002C7A4DB72D7A4EB72E7A4FB72F7A50B706
:1056F000307A51B7317A52B7327A53B7347A54B7D5
:10570000357A55B7367A56B7387A57B73A7A58B79E
:105710003E7A59B7407A5AB7417A5BB7427A5CB75A
:10572000437A5DB7447A5EB7457A5FB7477A60B728
:10573000487A61B7497A62B74A7A63B74B7A64B7F5
:105740004C7A65B74D7A66B74E7A67B74F7A68B7C5
:10575000507A69B7527A6AB7537A6BB7547A6CB792
:10576000557A6DB7567A6EB7587A6FB7597A70B75F
:105770005A7A71B75B7A72B75C7A73B75D7A74B72D
:105780005E7A75B75F7A76B7607A77B7617A78B7FD
:10579000627A79B7637A7AB7647A7BB7657A7CB7CD
:1057A000667A7DB7677A7EB7687A80B7697A81B79B
:1057B0006A7A82B76B7A83B76C7A84B76D7A85B769
:1057C0006E7A86B76F7A87B7717A88B7727A89B737
:1057D000737A8AB7757A8BB77B7A8CB77C7A8DB7F8
:1057E0007D7A8EB77E7A8FB7827A90B7857A91B7B5
:1057F000877A92B7897A93B78A7A94B78B7A95B772
:105800008C7A96B78E7A97B78F7A98B7907A99B73D
:10581000937A9AB7947A9BB7997A9CB79A7A9DB7FC
:105820009B7A9EB79E7A9FB7A17AA0B7A27AA1B7BA
:10583000308DA2B7D153A3B75A7FA4B74F7BA5B77A
:10584000104FA6B74F4EA7B70096A8B7D56CA9B70B
:10585000D073AAB7E985ABB7065EACB76A75ADB7CA
:10586000FB7FAEB70A6AAFB7FE77B0B79294B1B715
:10587000417EB2B7E151B3B7E670B4B7CD53B5B717
:10588000D48FB6B70383B7B7298DB8B7AF72B9B79E
:105890006D99BAB7DB6CBBB74A57BCB7B382BDB71B
:1058A000B965BEB7AA80BFB73F62C0B73296C1B76D
:1058B000A859C2B7FF4EC3B7BF8BC4B7BA7EC5B72E
:1058C0003E65C6B7F283C7B75E97C8B76155C9B71B
:1058D000DE98CAB7A580CBB72A53CCB7FD8BCDB71E
:1058E0002054CEB7BA80CFB79F5ED0B7B86CD1B7CF
:1058F000398DD2B7AC82D3B75A91D4B72954D5B722
:105900001B6CD6B70652D7B7B77ED8B75F57D9B793
:105910001A71DAB77E6CDBB7897CDCB74B59DDB71F
:10592000FD4EDEB7FF5FDFB72461E0B7AA7CE1B7C9
:10593000304EE2B7015CE3B7AB67E4B70287E5B787
:10594000F05CE6B70B95E7B7CE98E8B7AF75E9B767
:10595000FD70EAB72290EBB7AF51ECB71D7FEDB702
:10596000BD8BEEB74959EFB7E451F0B75B4FF1B7D4
:105970002654F2B72B59F3B77765F4B7A480F5B77F
:10598000755BF6B77662F7B7C262F8B7908FF9B772
:10599000455EFAB71F6CFBB7267BFCB70F4FFDB710
:1059A000D84FFEB70D6740B8A37A41B8A47A42B881
:1059B000A77A43B8A97A44B8AA7A45B8AB7A46B868
:1059C000AE7A47B8AF7A48B8B07A49B8B17A4AB82F
:1059D000B27A4BB8B47A4CB8B57A4DB8B67A4EB8FC
:1059E000B77A4FB8B87A50B8B97A51B8BA7A52B8CB
:1059F000BB7A53B8BC7A54B8BD7A55B8BE7A56B89B
:105A0000C07A57B8C17A58B8C27A59B8C37A5AB866
:105A1000C47A5BB8C57A5CB8C67A5DB8C77A5EB836
:105A2000C87A5FB8C97A60B8CA7A61B8CC7A62B805
:105A3000CD7A63B8CE7A64B8CF7A65B8D07A66B8D2
:105A4000D17A67B8D27A68B8D37A69B8D47A6AB8A2
:105A5000D57A6BB8D77A6CB8D87A6DB8DA7A6EB86E
:105A6000DB7A6FB8DC7A70B8DD7A71B8E17A72B837
:105A7000E27A73B8E47A74B8E77A75B8E87A76B8F7
:105A8000E97A77B8EA7A78B8EB7A79B8EC7A7AB8C2
:105A9000EE7A7BB8F07A7CB8F17A7DB8F27A7EB88B
:105AA000F37A80B8F47A81B8F57A82B8F67A83B856
:105AB000F77A84B8F87A85B8FB7A86B8FC7A87B822
:105AC000FE7A88B8007B89B8017B8AB8027B8BB8E4
:105AD000057B8CB8077B8DB8097B8EB80C7B8FB8A3
:105AE0000D7B90B80E7B91B8107B92B8127B93B867
:105AF000137B94B8167B95B8177B96B8187B97B82C
:105B00001A7B98B81C7B99B81D7B9AB81F7B9BB8F1
:105B1000217B9CB8227B9DB8237B9EB8277B9FB8B6
:105B2000297BA0B82D7BA1B86E6DA2B8AA6DA3B8D1
:105B30008F79A4B8B188A5B8175FA6B82B75A7B898
:105B40009A62A8B8858FA9B8EF4FAAB8DC91ABB814
:105B5000A765ACB82F81ADB85181AEB89C5EAFB827
:105B60005081B0B8748DB1B86F52B2B88689B3B8ED
:105B70004B8DB4B80D59B5B88550B6B8D84EB7B836
:105B80001C96B8B83672B9B87981BAB81F8DBBB84F
:105B9000CC5BBCB8A38BBDB84496BEB88759BFB820
:105BA0001A7FC0B89054C1B87656C2B80E56C3B862
:105BB000E58BC4B83965C5B88269C6B89994C7B8C9
:105BC000D676C8B8896EC9B8725ECAB81875CBB82F
:105BD0004667CCB8D167CDB8FF7ACEB89D80CFB834
:105BE000768DD0B81F61D1B8C679D2B86265D3B806
:105BF000638DD4B88851D5B81A52D6B8A294D7B804
:105C0000387FD8B89B80D9B8B27EDAB8975CDBB859
:105C10002F6EDCB86067DDB8D97BDEB88B76DFB875
:105C2000D89AE0B88F81E1B8947FE2B8D57CE3B828
:105C30001E64E4B85095E5B83F7AE6B84A54E7B830
:105C4000E554E8B84C6BE9B80164EAB80862EBB80F
:105C50003D9EECB8F380EDB89975EEB87252EFB88E
:105C60006997F0B85B84F1B83C68F2B8E486F3B8A1
:105C70000196F4B89496F5B8EC94F6B82A4EF7B8B5
:105C80000454F8B8D97EF9B83968FAB8DF8DFBB892
:105C90001580FCB8F466FDB89A5EFEB8B97F40B9CD
:105CA0002F7B41B9307B42B9327B43B9347B44B955
:105CB000357B45B9367B46B9377B47B9397B48B91F
:105CC0003B7B49B93D7B4AB93F7B4BB9407B4CB9E3
:105CD000417B4DB9427B4EB9437B4FB9447B50B9B0
:105CE000467B51B9487B52B94A7B53B94D7B54B975
:105CF0004E7B55B9537B56B9557B57B9577B58B92D
:105D0000597B59B95C7B5AB95E7B5BB95F7B5CB9E7
:105D1000617B5DB9637B5EB9647B5FB9657B60B9AC
:105D2000667B61B9677B62B9687B63B9697B64B97B
:105D30006A7B65B96B7B66B96C7B67B96D7B68B94B
:105D40006F7B69B9707B6AB9737B6BB9747B6CB913
:105D5000767B6DB9787B6EB97A7B6FB97C7B70B9D5
:105D60007D7B71B97F7B72B9817B73B9827B74B99A
:105D7000837B75B9847B76B9867B77B9877B78B965
:105D8000887B79B9897B7AB98A7B7BB98B7B7CB933
:105D90008C7B7DB98E7B7EB98F7B80B9917B81B9FD
:105DA000927B82B9937B83B9967B84B9987B85B9C2
:105DB000997B86B99A7B87B99B7B88B99E7B89B989
:105DC0009F7B8AB9A07B8BB9A37B8CB9A47B8DB94F
:105DD000A57B8EB9AE7B8FB9AF7B90B9B07B91B903
:105DE000B27B92B9B37B93B9B57B94B9B67B95B9C5
:105DF000B77B96B9B97B97B9BA7B98B9BB7B99B990
:105E0000BC7B9AB9BD7B9BB9BE7B9CB9BF7B9DB95E
:105E1000C07B9EB9C27B9FB9C37BA0B9C47BA1B92B
:105E2000C257A2B93F80A3B99768A4B9E55DA5B9E7
:105E30003B65A6B99F52A7B96D60A8B99A9FA9B949
:105E40009B4FAAB9AC8EABB96C51ACB9AB5BADB9D9
:105E5000135FAEB9E95DAFB95E6CB0B9F162B1B9CB
:105E6000218DB2B97151B3B9A994B4B9FE52B5B983
:105E70009F6CB6B9DF82B7B9D772B8B9A257B9B9B2
:105E80008467BAB92D8DBBB91F59BCB99C8FBDB9F8
:105E9000C783BEB99554BFB98D7BC0B9304FC1B966
:105EA000BD6CC2B9645BC3B9D159C4B9139FC5B93C
:105EB000E453C6B9CA86C7B9A89AC8B9378CC9B954
:105EC000A180CAB94565CBB97E98CCB9FA56CDB98F
:105ED000C796CEB92E52CFB9DC74D0B95052D1B9D1
:105EE000E15BD2B90263D3B90289D4B9564ED5B9B0
:105EF000D062D6B92A60D7B9FA68D8B97351D9B97E
:105F0000985BDAB9A051DBB9C289DCB9A17BDDB9F4
:105F10008699DEB9507FDFB9EF60E0B94C70E1B926
:105F20002F8DE2B94951E3B97F5EE4B91B90E5B921
:105F30007074E6B9C489E7B92D57E8B94578E9B96D
:105F4000525FEAB99F9FEBB9FA95ECB9688FEDB94A
:105F50003C9BEEB9E18BEFB97876F0B94268F1B9C4
:105F6000DC67F2B9EA8DF3B9358DF4B93D52F5B974
:105F70008A8FF6B9DA6EF7B9CD68F8B90595F9B92F
:105F8000ED90FAB9FD56FBB99C67FCB9F988FDB9EB
:105F9000C78FFEB9C85440BAC57B41BAC87B42BA64
:105FA000C97B43BACA7B44BACB7B45BACD7B46BAE0
:105FB000CE7B47BACF7B48BAD07B49BAD27B4ABAAC
:105FC000D47B4BBAD57B4CBAD67B4DBAD77B4EBA75
:105FD000D87B4FBADB7B50BADC7B51BADE7B52BA3E
:105FE000DF7B53BAE07B54BAE27B55BAE37B56BA07
:105FF000E47B57BAE77B58BAE87B59BAE97B5ABACF
:10600000EB7B5BBAEC7B5CBAED7B5DBAEF7B5EBA97
:10601000F07B5FBAF27B60BAF37B61BAF47B62BA61
:10602000F57B63BAF67B64BAF87B65BAF97B66BA2E
:10603000FA7B67BAFB7B68BAFD7B69BAFF7B6ABAF9
:10604000007C6BBA017C6CBA027C6DBA037C6EBAC0
:10605000047C6FBA057C70BA067C71BA087C72BA8F
:10606000097C73BA0A7C74BA0D7C75BA0E7C76BA58
:10607000107C77BA117C78BA127C79BA137C7ABA20
:10608000147C7BBA157C7CBA177C7DBA187C7EBAEE
:10609000197C80BA1A7C81BA1B7C82BA1C7C83BAB8
:1060A0001D7C84BA1E7C85BA207C86BA217C87BA86
:1060B000227C88BA237C89BA247C8ABA257C8BBA54
:1060C000287C8CBA297C8DBA2B7C8EBA2C7C8FBA1A
:1060D0002D7C90BA2E7C91BA2F7C92BA307C93BAE8
:1060E000317C94BA327C95BA337C96BA347C97BAB8
:1060F000357C98BA367C99BA377C9ABA397C9BBA87
:106100003A7C9CBA3B7C9DBA3C7C9EBA3D7C9FBA53
:106110003E7CA0BA427CA1BAB89AA2BA695BA3BA83
:10612000776DA4BA266CA5BAA54EA6BAB35BA7BA7A
:10613000879AA8BA6391A9BAA861AABAAF90ABBA74
:10614000E997ACBA2B54ADBAB56DAEBAD25BAFBA63
:10615000FD51B0BA8A55B1BA557FB2BAF07FB3BA21
:10616000BC64B4BA4D63B5BAF165B6BABE61B7BA2C
:106170008D60B8BA0A71B9BA576CBABA496CBBBA71
:106180002F59BCBA6D67BDBA2A82BEBAD558BFBAFC
:106190008E56C0BA6A8CC1BAEB6BC2BADD90C3BA74
:1061A0007D59C4BA1780C5BAF753C6BA696DC7BA64
:1061B0007554C8BA9D55C9BA7783CABACF83CBBACA
:1061C0003868CCBABE79CDBA8C54CEBA554FCFBA56
:1061D0000854D0BAD276D1BA898CD2BA0296D3BA40
:1061E000B36CD4BAB86DD5BA6B8DD6BA1089D7BA9C
:1061F000649ED8BA3A8DD9BA3F56DABAD19EDBBA84
:10620000D575DCBA885FDDBAE072DEBA6860DFBAE5
:10621000FC54E0BAA84EE1BA2A6AE2BA6188E3BA4D
:106220005260E4BA708FE5BAC454E6BAD870E7BADF
:106230007986E8BA3F9EE9BA2A6DEABA8F5BEBBA73
:10624000185FECBAA27EEDBA8955EEBAAF4FEFBA3D
:106250003473F0BA3C54F1BA9A53F2BA1950F3BA03
:106260000E54F4BA7C54F5BA4E4EF6BAFD5FF7BA46
:106270005A74F8BAF658F9BA6B84FABAE180FBBAE4
:106280007487FCBAD072FDBACA7CFEBA566E40BBA7
:10629000437C41BB447C42BB457C43BB467C44BB06
:1062A000477C45BB487C46BB497C47BB4A7C48BBD6
:1062B0004B7C49BB4C7C4ABB4E7C4BBB4F7C4CBBA4
:1062C000507C4DBB517C4EBB527C4FBB537C50BB72
:1062D000547C51BB557C52BB567C53BB577C54BB42
:1062E000587C55BB597C56BB5A7C57BB5B7C58BB12
:1062F0005C7C59BB5D7C5ABB5E7C5BBB5F7C5CBBE2
:10630000607C5DBB617C5EBB627C5FBB637C60BBB1
:10631000647C61BB657C62BB667C63BB677C64BB81
:10632000687C65BB697C66BB6A7C67BB6B7C68BB51
:106330006C7C69BB6D7C6ABB6E7C6BBB6F7C6CBB21
:10634000707C6DBB717C6EBB727C6FBB757C70BBEF
:10635000767C71BB777C72BB787C73BB797C74BBB9
:106360007A7C75BB7E7C76BB7F7C77BB807C78BB80
:10637000817C79BB827C7ABB837C7BBB847C7CBB4D
:10638000857C7DBB867C7EBB877C80BB887C81BB1B
:106390008A7C82BB8B7C83BB8C7C84BB8D7C85BBE5
:1063A0008E7C86BB8F7C87BB907C88BB937C89BBB3
:1063B000947C8ABB967C8BBB997C8CBB9A7C8DBB76
:1063C0009B7C8EBBA07C8FBBA17C90BBA37C91BB34
:1063D000A67C92BBA77C93BBA87C94BBA97C95BBF5
:1063E000AB7C96BBAC7C97BBAD7C98BBAF7C99BBC0
:1063F000B07C9ABBB47C9BBBB57C9CBBB67C9DBB84
:10640000B77C9EBBB87C9FBBBA7CA0BBBB7CA1BB4E
:10641000275FA2BB4E86A3BB2C55A4BBA462A5BB21
:10642000924EA6BBAA6CA7BB3762A8BBB182A9BB20
:10643000D754AABB4E53ABBB3E73ACBBD16EADBB06
:106440003B75AEBB1252AFBB1653B0BBDD8BB1BBBD
:10645000D069B2BB8A5FB3BB0060B4BBEE6DB5BBA5
:106460004F57B6BB226BB7BBAF73B8BB5368B9BB52
:10647000D88FBABB137FBBBB6263BCBBA360BDBB81
:106480002455BEBBEA75BFBB628CC0BB1571C1BBD6
:10649000A36DC2BBA65BC3BB7B5EC4BB5283C5BB43
:1064A0004C61C6BBC49EC7BBFA78C8BB5787C9BB83
:1064B000277CCABB8776CBBBF051CCBBF660CDBB8B
:1064C0004C71CEBB4366CFBB4C5ED0BB4D60D1BBE5
:1064D0000E8CD2BB7070D3BB2563D4BB898FD5BB68
:1064E000BD5FD6BB6260D7BBD486D8BBDE56D9BBF6
:1064F000C16BDABB9460DBBB6761DCBB4953DDBBBE
:10650000E060DEBB6666DFBB3F8DE0BBFD79E1BBD3
:106510001A4FE2BBE970E3BB476CE4BBB38BE5BB4E
:10652000F28BE6BBD87EE7BB6483E8BB0F66E9BBB2
:106530005A5AEABB429BEBBB516DECBBF76DEDBB0E
:10654000418CEEBB3B6DEFBB194FF0BB6B70F1BBE9
:10655000B783F2BB1662F3BBD160F4BB0D97F5BBFA
:10656000278DF6BB7879F7BBFB51F8BB3E57F9BBDB
:10657000FA57FABB3A67FBBB7875FCBB3D7AFDBBAB
:10658000EF79FEBB957B40BCBF7C41BCC07C42BC6C
:10659000C27C43BCC37C44BCC47C45BCC67C46BCFA
:1065A000C97C47BCCB7C48BCCE7C49BCCF7C4ABCB8
:1065B000D07C4BBCD17C4CBCD27C4DBCD37C4EBC83
:1065C000D47C4FBCD87C50BCDA7C51BCDB7C52BC48
:1065D000DD7C53BCDE7C54BCE17C55BCE27C56BC0B
:1065E000E37C57BCE47C58BCE57C59BCE67C5ABCD7
:1065F000E77C5BBCE97C5CBCEA7C5DBCEB7C5EBCA4
:10660000EC7C5FBCED7C60BCEE7C61BCF07C62BC71
:10661000F17C63BCF27C64BCF37C65BCF47C66BC3E
:10662000F57C67BCF67C68BCF77C69BCF97C6ABC0D
:10663000FA7C6BBCFC7C6CBCFD7C6DBCFE7C6EBCD7
:10664000FF7C6FBC007D70BC017D71BC027D72BCA3
:10665000037D73BC047D74BC057D75BC067D76BC72
:10666000077D77BC087D78BC097D79BC0B7D7ABC41
:106670000C7D7BBC0D7D7CBC0E7D7DBC0F7D7EBC0E
:10668000107D80BC117D81BC127D82BC137D83BCDA
:10669000147D84BC157D85BC167D86BC177D87BCAA
:1066A000187D88BC197D89BC1A7D8ABC1B7D8BBC7A
:1066B0001C7D8CBC1D7D8DBC1E7D8EBC1F7D8FBC4A
:1066C000217D90BC237D91BC247D92BC257D93BC13
:1066D000267D94BC287D95BC297D96BC2A7D97BCDF
:1066E0002C7D98BC2D7D99BC2E7D9ABC307D9BBCA9
:1066F000317D9CBC327D9DBC337D9EBC347D9FBC76
:10670000357DA0BC367DA1BC8C80A2BC6599A3BCA4
:10671000F98FA4BCC06FA5BCA58BA6BC219EA7BC4D
:10672000EC59A8BCE97EA9BC097FAABC0954ABBC42
:106730008167ACBCD868ADBC918FAEBC4D7CAFBCA2
:10674000C696B0BCCA53B1BC2560B2BCBE75B3BC62
:10675000726CB4BC7353B5BCC95AB6BCA77EB7BC87
:106760002463B8BCE051B9BC0A81BABCF15DBBBCC2
:10677000DF84BCBC8062BDBC8051BEBC635BBFBC5F
:106780000E4FC0BC6D79C1BC4252C2BCB860C3BC24
:106790004E6DC4BCC45BC5BCC25BC6BCA18BC7BCD0
:1067A000B08BC8BCE265C9BCCC5FCABC4596CBBC4B
:1067B0009359CCBCE77ECDBCAA7ECEBC0956CFBCDB
:1067C000B767D0BC3959D1BC734FD2BCB65BD3BC10
:1067D000A052D4BC5A83D5BC8A98D6BC3E8DD7BCB7
:1067E0003275D8BCBE94D9BC4750DABC3C7ADBBC0D
:1067F000F74EDCBCB667DDBC7E9ADEBCC15ADFBC9E
:106800007C6BE0BCD176E1BC5A57E2BC165CE3BCC1
:106810003A7BE4BCF495E5BC4E71E6BC7C51E7BC28
:10682000A980E8BC7082E9BC7859EABC047FEBBC63
:106830002783ECBCC068EDBCEC67EEBCB178EFBC64
:106840007778F0BCE362F1BC6163F2BC807BF3BC9F
:10685000ED4FF4BC6A52F5BCCF51F6BC5083F7BC87
:10686000DB69F8BC7492F9BCF58DFABC318DFBBCC8
:10687000C189FCBC2E95FDBCAD7BFEBCF64E40BD77
:10688000377D41BD387D42BD397D43BD3A7D44BD34
:106890003B7D45BD3C7D46BD3D7D47BD3E7D48BD04
:1068A0003F7D49BD407D4ABD417D4BBD427D4CBDD4
:1068B000437D4DBD447D4EBD457D4FBD467D50BDA4
:1068C000477D51BD487D52BD497D53BD4A7D54BD74
:1068D0004B7D55BD4C7D56BD4D7D57BD4E7D58BD44
:1068E0004F7D59BD507D5ABD517D5BBD527D5CBD14
:1068F000537D5DBD547D5EBD557D5FBD567D60BDE4
:10690000577D61BD587D62BD597D63BD5A7D64BDB3
:106910005B7D65BD5C7D66BD5D7D67BD5E7D68BD83
:106920005F7D69BD607D6ABD617D6BBD627D6CBD53
:10693000637D6DBD647D6EBD657D6FBD667D70BD23
:10694000677D71BD687D72BD697D73BD6A7D74BDF3
:106950006B7D75BD6C7D76BD6D7D77BD6F7D78BDC2
:10696000707D79BD717D7ABD727D7BBD737D7CBD8F
:10697000747D7DBD757D7EBD767D80BD787D81BD5C
:10698000797D82BD7A7D83BD7B7D84BD7C7D85BD27
:106990007D7D86BD7E7D87BD7F7D88BD807D89BDF7
:1069A000817D8ABD827D8BBD837D8CBD847D8DBDC7
:1069B000857D8EBD867D8FBD877D90BD887D91BD97
:1069C000897D92BD8A7D93BD8B7D94BD8C7D95BD67
:1069D0008D7D96BD8E7D97BD8F7D98BD907D99BD37
:1069E000917D9ABD927D9BBD937D9CBD947D9DBD07
:1069F000957D9EBD967D9FBD977DA0BD987DA1BDD7
:106A00006550A2BD3082A3BD5152A4BD6F99A5BDF2
:106A1000106EA6BD856EA7BDA76DA8BDFA5EA9BD07
:106A2000F550AABDDC59ABBD065CACBD466DADBD35
:106A30005F6CAEBD8675AFBD8B84B0BD6868B1BDFF
:106A40005659B2BDB28BB3BD2053B4BD7191B5BD23
:106A50004D96B6BD4985B7BD1269B8BD0179B9BDBE
:106A60002671BABDF680BBBDA44EBCBDCA90BDBDEB
:106A7000476DBEBD849ABFBD075AC0BDBC56C1BDDF
:106A80000564C2BDF094C3BDEB77C4BDA54FC5BDC1
:106A90001A81C6BDE172C7BDD289C8BD7A99C9BD88
:106AA000347FCABDDE7ECBBD7F52CCBD5965CDBD26
:106AB0007591CEBD7F8FCFBD838FD0BDEB53D1BD40
:106AC000967AD2BDED63D3BDA563D4BD8676D5BD20
:106AD000F879D6BD5788D7BD3696D8BD2A62D9BDBC
:106AE000AB52DABD8282DBBD5468DCBD7067DDBDB0
:106AF0007763DEBD6B77DFBDED7AE0BD016DE1BD93
:106B0000D37EE2BDE389E3BDD059E4BD1262E5BDA9
:106B1000C985E6BDA582E7BD4C75E8BD1F50E9BD3E
:106B2000CB4EEABDA575EBBDEB8BECBD4A5CEDBD74
:106B3000FE5DEEBD4B7BEFBDA465F0BDD191F1BD17
:106B4000CA4EF2BD256DF3BD5F89F4BD277DF5BD4D
:106B50002695F6BDC54EF7BD288CF8BDDB8FF9BD77
:106B60007397FABD4B66FBBD8179FCBDD18FFDBD2E
:106B7000EC70FEBD786D40BE997D41BE9A7D42BEEF
:106B80009B7D43BE9C7D44BE9D7D45BE9E7D46BE95
:106B90009F7D47BEA07D48BEA17D49BEA27D4ABE65
:106BA000A37D4BBEA47D4CBEA57D4DBEA77D4EBE34
:106BB000A87D4FBEA97D50BEAA7D51BEAB7D52BE01
:106BC000AC7D53BEAD7D54BEAF7D55BEB07D56BECF
:106BD000B17D57BEB27D58BEB37D59BEB47D5ABE9D
:106BE000B57D5BBEB67D5CBEB77D5DBEB87D5EBE6D
:106BF000B97D5FBEBA7D60BEBB7D61BEBC7D62BE3D
:106C0000BD7D63BEBE7D64BEBF7D65BEC07D66BE0C
:106C1000C17D67BEC27D68BEC37D69BEC47D6ABEDC
:106C2000C57D6BBEC67D6CBEC77D6DBEC87D6EBEAC
:106C3000C97D6FBECA7D70BECB7D71BECC7D72BE7C
:106C4000CD7D73BECE7D74BECF7D75BED07D76BE4C
:106C5000D17D77BED27D78BED37D79BED47D7ABE1C
:106C6000D57D7BBED67D7CBED77D7DBED87D7EBEEC
:106C7000D97D80BEDA7D81BEDB7D82BEDC7D83BEB8
:106C8000DD7D84BEDE7D85BEDF7D86BEE07D87BE88
:106C9000E17D88BEE27D89BEE37D8ABEE47D8BBE58
:106CA000E57D8CBEE67D8DBEE77D8EBEE87D8FBE28
:106CB000E97D90BEEA7D91BEEB7D92BEEC7D93BEF8
:106CC000ED7D94BEEE7D95BEEF7D96BEF07D97BEC8
:106CD000F17D98BEF27D99BEF37D9ABEF47D9BBE98
:106CE000F57D9CBEF67D9DBEF77D9EBEF87D9FBE68
:106CF000F97DA0BEFA7DA1BE3D5CA2BEB252A3BE8C
:106D00004683A4BE6251A5BE0E83A6BE5B77A7BE16
:106D10007666A8BEB89CA9BEAC4EAABECA60ABBE81
:106D2000BE7CACBEB37CADBECF7EAEBE954EAFBE1C
:106D3000668BB0BE6F66B1BE8898B2BE5997B3BEBF
:106D40008358B4BE6C65B5BE5C95B6BE845FB7BEF5
:106D5000C975B8BE5697B9BEDF7ABABEDE7ABBBE79
:106D6000C051BCBEAF70BDBE987ABEBEEA63BFBEA6
:106D7000767AC0BEA07EC1BE9673C2BEED97C3BE7A
:106D8000454EC4BE7870C5BE5D4EC6BE5291C7BEEC
:106D9000A953C8BE5165C9BEE765CABEFC81CBBE5A
:106DA0000582CCBE8E54CDBE315CCEBE9A75CFBEB0
:106DB000A097D0BED862D1BED972D2BEBD75D3BEA7
:106DC000455CD4BE799AD5BECA83D6BE405CD7BED8
:106DD0008054D8BEE977D9BE3E4EDABEAE6CDBBE7B
:106DE0005A80DCBED262DDBE6E63DEBEE85DDFBE11
:106DF0007751E0BEDD8DE1BE1E8EE2BE2F95E3BE73
:106E0000F14FE4BEE553E5BEE760E6BEAC70E7BE19
:106E10006752E8BE5063E9BE439EEABE1F5AEBBE0E
:106E20002650ECBE3777EDBE7753EEBEE27EEFBE66
:106E30008564F0BE2B65F1BE8962F2BE9863F3BE35
:106E40001450F4BE3572F5BEC989F6BEB351F7BE13
:106E5000C08BF8BEDD7EF9BE4757FABECC83FBBEC1
:106E6000A794FCBE9B51FDBE1B54FEBEFB5C40BF05
:106E7000FB7D41BFFC7D42BFFD7D43BFFE7D44BF26
:106E8000FF7D45BF007E46BF017E47BF027E48BFF3
:106E9000037E49BF047E4ABF057E4BBF067E4CBFC2
:106EA000077E4DBF087E4EBF097E4FBF0A7E50BF92
:106EB0000B7E51BF0C7E52BF0D7E53BF0E7E54BF62
:106EC0000F7E55BF107E56BF117E57BF127E58BF32
:106ED000137E59BF147E5ABF157E5BBF167E5CBF02
:106EE000177E5DBF187E5EBF197E5FBF1A7E60BFD2
:106EF0001B7E61BF1C7E62BF1D7E63BF1E7E64BFA2
:106F00001F7E65BF207E66BF217E67BF227E68BF71
:106F1000237E69BF247E6ABF257E6BBF267E6CBF41
:106F2000277E6DBF287E6EBF297E6FBF2A7E70BF11
:106F30002B7E71BF2C7E72BF2D7E73BF2E7E74BFE1
:106F40002F7E75BF307E76BF317E77BF327E78BFB1
:106F5000337E79BF347E7ABF357E7BBF367E7CBF81
:106F6000377E7DBF387E7EBF397E80BF3A7E81BF4F
:106F70003C7E82BF3D7E83BF3E7E84BF3F7E85BF19
:106F8000407E86BF427E87BF437E88BF447E89BFE6
:106F9000457E8ABF467E8BBF487E8CBF497E8DBFB3
:106FA0004A7E8EBF4B7E8FBF4C7E90BF4D7E91BF81
:106FB0004E7E92BF4F7E93BF507E94BF517E95BF51
:106FC000527E96BF537E97BF547E98BF557E99BF21
:106FD000567E9ABF577E9BBF587E9CBF597E9DBFF1
:106FE0005A7E9EBF5B7E9FBF5C7EA0BF5D7EA1BFC1
:106FF000CA4FA2BFE37AA3BF5A6DA4BFE190A5BF59
:107000008F9AA6BF8055A7BF9654A8BF6153A9BF4A
:10701000AF54AABF005FABBFE963ACBF7769ADBF38
:10702000EF51AEBF6861AFBF0A52B0BF2A58B1BFBF
:10703000D852B2BF4E57B3BF0D78B4BF0B77B5BFB0
:10704000B75EB6BF7761B7BFE07CB8BF5B62B9BF60
:107050009762BABFA24EBBBF9570BCBF0380BDBFD5
:10706000F762BEBFE470BFBF6097C0BF7757C1BFB4
:10707000DB82C2BFEF67C3BFF568C4BFD578C5BFA9
:107080009798C6BFD179C7BFF358C8BFB354C9BF1B
:10709000EF53CABF346ECBBF4B51CCBF3B52CDBFB9
:1070A000A25BCEBFFE8BCFBFAF80D0BF4355D1BF59
:1070B000A657D2BF7360D3BF5157D4BF2D54D5BF8D
:1070C0007A7AD6BF5060D7BF545BD8BFA763D9BF09
:1070D000A062DABFE353DBBF6362DCBFC75BDDBF27
:1070E000AF67DEBFED54DFBF9F7AE0BFE682E1BF4E
:1070F0007791E2BF935EE3BFE488E4BF3859E5BF10
:10710000AE57E6BF0E63E7BFE88DE8BFEF80E9BF8B
:107110005757EABF777BEBBFA94FECBFEB5FEDBFE3
:10712000BD5BEEBF3E6BEFBF2153F0BF507BF1BFA5
:10713000C272F2BF4668F3BFFF77F4BF3677F5BF80
:10714000F765F6BFB551F7BF8F4EF8BFD476F9BFDC
:10715000BF5CFABFA57AFBBF7584FCBF4E59FDBF6B
:10716000419BFEBF805040C05E7E41C05F7E42C0FA
:10717000607E43C0617E44C0627E45C0637E46C07F
:10718000647E47C0657E48C0667E49C0677E4AC04F
:10719000687E4BC0697E4CC06A7E4DC06B7E4EC01F
:1071A0006C7E4FC06D7E50C06E7E51C06F7E52C0EF
:1071B000707E53C0717E54C0727E55C0737E56C0BF
:1071C000747E57C0757E58C0767E59C0777E5AC08F
:1071D000787E5BC0797E5CC07A7E5DC07B7E5EC05F
:1071E0007C7E5FC07D7E60C07E7E61C07F7E62C02F
:1071F000807E63C0817E64C0837E65C0847E66C0FD
:10720000857E67C0867E68C0877E69C0887E6AC0CA
:10721000897E6BC08A7E6CC08B7E6DC08C7E6EC09A
:107220008D7E6FC08E7E70C08F7E71C0907E72C06A
:10723000917E73C0927E74C0937E75C0947E76C03A
:10724000957E77C0967E78C0977E79C0987E7AC00A
:10725000997E7BC09A7E7CC09C7E7DC09D7E7EC0D8
:107260009E7E80C0AE7E81C0B47E82C0BB7E83C065
:10727000BC7E84C0D67E85C0E47E86C0EC7E87C09E
:10728000F97E88C00A7F89C0107F8AC01E7F8BC0AC
:10729000377F8CC0397F8DC03B7F8EC03C7F8FC0D5
:1072A0003D7F90C03E7F91C03F7F92C0407F93C0A2
:1072B000417F94C0437F95C0467F96C0477F97C06B
:1072C000487F98C0497F99C04A7F9AC04B7F9BC036
:1072D0004C7F9CC04D7F9DC04E7F9EC04F7F9FC006
:1072E000527FA0C0537FA1C08899A2C02761A3C0CC
:1072F000836EA4C06457A5C00666A6C04663A7C037
:10730000F056A8C0EC62A9C06962AAC0D35EABC047
:107310001496ACC08357ADC0C962AEC08755AFC02C
:107320002187B0C04A81B1C0A38FB2C06655B3C037
:10733000B183B4C06567B5C0568DB6C0DD84B7C033
:107340006A5AB8C00F68B9C0E662BAC0EE7BBBC06B
:107350001196BCC07051BDC09C6FBEC0308CBFC008
:10736000FD63C0C0C889C1C0D261C2C0067FC3C0AE
:10737000C270C4C0E56EC5C00574C6C09469C7C0FC
:10738000FC72C8C0CA5EC9C0CE90CAC01767CBC065
:107390006A6DCCC05E63CDC0B352CEC06272CFC046
:1073A0000180D0C06C4FD1C0E559D2C06A91D3C022
:1073B000D970D4C09D6DD5C0D252D6C0504ED7C062
:1073C000F796D8C06D95D9C07E85DAC0CA78DBC083
:1073D0002F7DDCC02151DDC09257DEC0C264DFC00A
:1073E0008B80E0C07B7CE1C0EA6CE2C0F168E3C066
:1073F0005E69E4C0B751E5C09853E6C0A868E7C02D
:107400008172E8C0CE9EE9C0F17BEAC0F872EBC0A1
:10741000BB79ECC0136FEDC00674EEC04E67EFC0D1
:10742000CC91F0C0A49CF1C03C79F2C08983F3C038
:107430005483F4C00F54F5C01768F6C03D4EF7C032
:107440008953F8C0B152F9C03E78FAC08653FBC0E8
:107450002952FCC08850FDC08B4FFEC0D04F40C1A8
:10746000567F41C1597F42C15B7F43C15C7F44C1AC
:107470005D7F45C15E7F46C1607F47C1637F48C174
:10748000647F49C1657F4AC1667F4BC1677F4CC13C
:107490006B7F4DC16C7F4EC16D7F4FC16F7F50C1FF
:1074A000707F51C1737F52C1757F53C1767F54C1C4
:1074B000777F55C1787F56C17A7F57C17B7F58C18E
:1074C0007C7F59C17D7F5AC17F7F5BC1807F5CC15A
:1074D000827F5DC1837F5EC1847F5FC1857F60C124
:1074E000867F61C1877F62C1887F63C1897F64C1F4
:1074F0008B7F65C18D7F66C18F7F67C1907F68C1BB
:10750000917F69C1927F6AC1937F6BC1957F6CC186
:10751000967F6DC1977F6EC1987F6FC1997F70C153
:107520009B7F71C19C7F72C1A07F73C1A27F74C118
:10753000A37F75C1A57F76C1A67F77C1A87F78C1DB
:10754000A97F79C1AA7F7AC1AB7F7BC1AC7F7CC1A7
:10755000AD7F7DC1AE7F7EC1B17F80C1B37F81C170
:10756000B47F82C1B57F83C1B67F84C1B77F85C137
:10757000BA7F86C1BB7F87C1BE7F88C1C07F89C1FA
:10758000C27F8AC1C37F8BC1C47F8CC1C67F8DC1BE
:10759000C77F8EC1C87F8FC1C97F90C1CB7F91C18A
:1075A000CD7F92C1CF7F93C1D07F94C1D17F95C150
:1075B000D27F96C1D37F97C1D67F98C1D77F99C11B
:1075C000D97F9AC1DA7F9BC1DB7F9CC1DC7F9DC1E3
:1075D000DD7F9EC1DE7F9FC1E27FA0C1E37FA1C1AD
:1075E000E275A2C1CB7AA3C1927CA4C1A56CA5C14E
:1075F000B696A6C19B52A7C18374A8C1E954A9C17C
:10760000E94FAAC15480ABC1B283ACC1DE8FADC11A
:107610007095AEC1C95EAFC11C60B0C19F6DB1C1F4
:10762000185EB2C15B65B3C13881B4C1FE94B5C107
:107630004B60B6C1BC70B7C1C37EB8C1AE7CB9C126
:10764000C951BAC18168BBC1B17CBCC16F82BDC127
:10765000244EBEC1868FBFC1CF91C0C17E66C1C15D
:10766000AE4EC2C1058CC3C1A964C4C14A80C5C1A4
:10767000DA50C6C19775C7C1CE71C8C1E55BC9C133
:10768000BD8FCAC1666FCBC1864ECCC18264CDC1ED
:107690006395CEC1D65ECFC19965D0C11752D1C115
:1076A000C288D2C1C870D3C1A352D4C10E73D5C190
:1076B0003374D6C19767D7C1F778D8C11697D9C1A7
:1076C000344EDAC1BB90DBC1DE9CDCC1CB6DDDC1C9
:1076D000DB51DEC1418DDFC11D54E0C1CE62E1C18D
:1076E000B273E2C1F183E3C1F696E4C1849FE5C1C0
:1076F000C394E6C1364FE7C19A7FE8C1CC51E9C1D6
:107700007570EAC17596EBC1AD5CECC18698EDC1B0
:10771000E653EEC1E44EEFC19C6EF0C10974F1C1B5
:10772000B469F2C16B78F3C18F99F4C15975F5C191
:107730001852F6C12476F7C1416DF8C1F367F9C15B
:107740006D51FAC1999FFBC14B80FCC19954FDC199
:107750003C7BFEC1BF7A40C2E47F41C2E77F42C2A8
:10776000E87F43C2EA7F44C2EB7F45C2EC7F46C25A
:10777000ED7F47C2EF7F48C2F27F49C2F47F4AC221
:10778000F57F4BC2F67F4CC2F77F4DC2F87F4EC2E9
:10779000F97F4FC2FA7F50C2FD7F51C2FE7F52C2B5
:1077A000FF7F53C2028054C2078055C2088056C270
:1077B000098057C20A8058C20E8059C20F805AC22F
:1077C00011805BC213805CC21A805DC21B805EC2E6
:1077D0001D805FC21E8060C21F8061C2218062C2A4
:1077E000238063C2248064C22B8065C22C8066C261
:1077F0002D8067C22E8068C22F8069C230806AC225
:1078000032806BC234806CC239806DC23A806EC2E5
:107810003C806FC23E8070C2408071C2418072C2A3
:10782000448073C2458074C2478075C2488076C266
:10783000498077C24E8078C24F8079C250807AC228
:1078400051807BC253807CC255807DC256807EC2EF
:10785000578080C2598081C25B8082C25C8083C2B3
:107860005D8084C25E8085C25F8086C2608087C280
:10787000618088C2628089C263808AC264808BC250
:1078800065808CC266808DC267808EC268808FC220
:107890006B8090C26C8091C26D8092C26E8093C2E8
:1078A0006F8094C2708095C2728096C2738097C2B6
:1078B000748098C2758099C276809AC277809BC284
:1078C00078809CC279809DC27A809EC27B809FC254
:1078D0007C80A0C27D80A1C28696A2C28457A3C22A
:1078E000E262A4C24796A5C27C69A6C2045AA7C296
:1078F0000264A8C2D37BA9C20F6FAAC24B96ABC2C7
:10790000A682ACC26253ADC28598AEC2905EAFC2D1
:107910008970B0C2B363B1C26453B2C24F86B3C2FE
:10792000819CB4C2939EB5C28C78B6C23297B7C25E
:10793000EF8DB8C2428DB9C27F9EBAC25E6FBBC224
:107940008479BCC2555FBDC24696BEC22E62BFC21C
:10795000749AC0C21554C1C2DD94C2C2A34FC3C23F
:10796000C565C4C2655CC5C2615CC6C2157FC7C2BD
:107970005186C8C22F6CC9C28B5FCAC28773CBC283
:10798000E46ECCC2FF7ECDC2E65CCEC21B63CFC22A
:107990006A5BD0C2E66ED1C27553D2C2714ED3C2F9
:1079A000A063D4C26575D5C2A162D6C26E8FD7C29C
:1079B000264FD8C2D14ED9C2A66CDAC2B67EDBC27F
:1079C000BA8BDCC21D84DDC2BA87DEC2577FDFC23C
:1079D0003B90E0C22395E1C2A97BE2C2A19AE3C237
:1079E000F888E4C23D84E5C21B6DE6C2869AE7C210
:1079F000DC7EE8C28859E9C2BB9EEAC29B73EBC237
:107A00000178ECC28286EDC26C9AEEC2829AEFC215
:107A10001B56F0C21754F1C2CB57F2C2704EF3C2DC
:107A2000A69EF4C25653F5C2C88FF6C20981F7C2AA
:107A30009277F8C29299F9C2EE86FAC2E16EFBC261
:107A40001385FCC2FC66FDC26261FEC22B6F40C39F
:107A50007E8041C3818042C3828043C3858044C30A
:107A6000888045C38A8046C38D8047C38E8048C3C3
:107A70008F8049C390804AC391804BC392804CC38E
:107A800094804DC395804EC397804FC3998050C357
:107A90009E8051C3A38052C3A68053C3A78054C302
:107AA000A88055C3AC8056C3B08057C3B38058C3B9
:107AB000B58059C3B6805AC3B8805BC3B9805CC374
:107AC000BB805DC3C5805EC3C7805FC3C88060C321
:107AD000C98061C3CA8062C3CB8063C3CF8064C3E3
:107AE000D08065C3D18066C3D28067C3D38068C3AA
:107AF000D48069C3D5806AC3D8806BC3DF806CC370
:107B0000E0806DC3E2806EC3E3806FC3E68070C324
:107B1000EE8071C3F58072C3F78073C3F98074C3BC
:107B2000FB8075C3FE8076C3FF8077C3008178C376
:107B3000018179C303817AC304817BC305817CC33E
:107B400007817DC308817EC30B8180C30C8181C303
:107B5000158182C3178183C3198184C31B8185C3A7
:107B60001C8186C31D8187C31F8188C3208189C36F
:107B700021818AC322818BC323818CC324818DC33D
:107B800025818EC326818FC3278190C3288191C30D
:107B9000298192C32A8193C32B8194C32D8195C3DC
:107BA0002E8196C3308197C3338198C3348199C3A2
:107BB00035819AC337819BC339819CC33A819DC368
:107BC0003B819EC33C819FC33D81A0C33F81A1C334
:107BD000298CA2C39282A3C32B83A4C3F276A5C32C
:107BE000136CA6C3D95FA7C3BD83A8C32B73A9C356
:107BF0000583AAC31A95ABC3DB6BACC3DB77ADC3FC
:107C0000C694AEC36F53AFC30283B0C39251B1C326
:107C10003D5EB2C38C8CB3C3388DB4C3484EB5C37C
:107C2000AB73B6C39A67B7C38568B8C37691B9C357
:107C30000997BAC36471BBC3A16CBCC30977BDC348
:107C4000925ABEC34195BFC3CF6BC0C38E7FC1C321
:107C50002766C2C3D05BC3C3B959C4C39A5AC5C34C
:107C6000E895C6C3F795C7C3EC4EC8C30C84C9C317
:107C70009984CAC3AC6ACBC3DF76CCC33095CDC37D
:107C80001B73CEC3A668CFC35F5BD0C32F77D1C3AE
:107C90009A91D2C36197D3C3DC7CD4C3F78FD5C389
:107CA0001C8CD6C3255FD7C3737CD8C3D879D9C3FE
:107CB000C589DAC3CC6CDBC31C87DCC3C65BDDC300
:107CC000425EDEC3C968DFC32077E0C3F57EE1C34F
:107CD0009551E2C34D51E3C3C952E4C3295AE5C3E8
:107CE000057FE6C36297E7C3D782E8C3CF63E9C3E2
:107CF0008477EAC3D085EBC3D279ECC33A6EEDC387
:107D0000995EEEC39959EFC31185F0C36D70F1C34D
:107D1000116CF2C3BF62F3C3BF76F4C34F65F5C302
:107D2000AF60F6C3FD95F7C30E66F8C39F87F9C32E
:107D3000239EFAC3ED94FBC30D54FCC37D54FDC3D5
:107D40002C8CFEC3786440C4408141C4418142C44C
:107D5000428143C4438144C4448145C4458146C4EF
:107D6000478147C4498148C44D8149C44E814AC4B2
:107D70004F814BC452814CC456814DC457814EC46F
:107D800058814FC45B8150C45C8151C45D8152C431
:107D90005E8153C45F8154C4618155C4628156C4FD
:107DA000638157C4648158C4668159C468815AC4C8
:107DB0006A815BC46B815CC46C815DC46F815EC48D
:107DC00072815FC4738160C4758161C4768162C44D
:107DD000778163C4788164C4818165C4838166C40A
:107DE000848167C4858168C4868169C487816AC4C7
:107DF00089816BC48B816CC48C816DC48D816EC490
:107E00008E816FC4908170C4928171C4938172C459
:107E1000948173C4958174C4968175C4978176C426
:107E2000998177C49A8178C49E8179C49F817AC4EC
:107E3000A0817BC4A1817CC4A2817DC4A4817EC4B5
:107E4000A58180C4A78181C4A98182C4AB8183C478
:107E5000AC8184C4AD8185C4AE8186C4AF8187C442
:107E6000B08188C4B18189C4B2818AC4B4818BC411
:107E7000B5818CC4B6818DC4B7818EC4B8818FC4DE
:107E8000B98190C4BC8191C4BD8192C4BE8193C4A8
:107E9000BF8194C4C48195C4C58196C4C78197C469
:107EA000C88198C4C98199C4CB819AC4CD819BC42F
:107EB000CE819CC4CF819DC4D0819EC4D1819FC4FA
:107EC000D281A0C4D381A1C47964A2C41186A3C401
:107ED000216AA4C49C81A5C4E878A6C46964A7C427
:107EE000549BA8C4B962A9C42B67AAC4AB83ABC412
:107EF000A858ACC4D89EADC4AB6CAEC4206FAFC4A0
:107F0000DE5BB0C44C96B1C40B8CB2C45F72B3C418
:107F1000D067B4C4C762B5C46172B6C4A94EB7C451
:107F2000C659B8C4CD6BB9C49358BAC4AE66BBC405
:107F3000555EBCC4DF52BDC45561BEC42867BFC412
:107F4000EE76C0C46677C1C46772C2C4467AC3C441
:107F5000FF62C4C4EA54C5C45054C6C4A094C7C484
:107F6000A390C8C41C5AC9C4B37ECAC4166CCBC47F
:107F7000434ECCC47659CDC41080CEC44859CFC42A
:107F80005753D0C43775D1C4BE96D2C4CA56D3C4D1
:107F90002063D4C41181D5C47C60D6C4F995D7C4FC
:107FA000D66DD8C46254D9C48199DAC48551DBC472
:107FB000E95ADCC4FD80DDC4AE59DEC41397DFC4CA
:107FC0002A50E0C4E56CE1C43C5CE2C4DF62E3C477
:107FD000604FE4C43F53E5C47B81E6C40690E7C428
:107FE000BA6EE8C42B85E9C4C862EAC4745EEBC407
:107FF000BE78ECC4B564EDC47B63EEC4F55FEFC43A
:10800000185AF0C47F91F1C41F9EF2C43F5CF3C4C0
:108010004F63F4C44280F5C47D5BF6C46E55F7C46B
:108020004A95F8C44D95F9C4856DFAC4A860FBC49F
:10803000E067FCC4DE72FDC4DD51FEC4815B40C557
:10804000D48141C5D58142C5D68143C5D78144C5B8
:10805000D88145C5D98146C5DA8147C5DB8148C588
:10806000DC8149C5DD814AC5DE814BC5DF814CC558
:10807000E0814DC5E1814EC5E2814FC5E48150C527
:10808000E58151C5E68152C5E88153C5E98154C5F2
:10809000EB8155C5EE8156C5EF8157C5F08158C5B6
:1080A000F18159C5F2815AC5F5815BC5F6815CC580
:1080B000F7815DC5F8815EC5F9815FC5FA8160C54C
:1080C000FD8161C5FF8162C5038263C5078264C506
:1080D000088265C5098266C50A8267C50B8268C5C4
:1080E0000E8269C50F826AC511826BC513826CC589
:1080F00015826DC516826EC517826FC5188270C550
:10810000198271C51A8272C51D8273C5208274C519
:10811000248275C5258276C5268277C5278278C5D3
:10812000298279C52E827AC532827BC53A827CC586
:108130003C827DC53D827EC53F8280C5408281C52F
:10814000418282C5428283C5438284C5458285C5FA
:10815000468286C5488287C54A8288C54C8289C5C1
:108160004D828AC54E828BC550828CC551828DC589
:1081700052828EC553828FC5548290C5558291C557
:10818000568292C5578293C5598294C55B8295C524
:108190005C8296C55D8297C55E8298C5608299C5EE
:1081A00061829AC562829BC563829CC564829DC5BB
:1081B00065829EC566829FC56782A0C56982A1C58A
:1081C000E762A2C5DE6CA3C55B72A4C56D62A5C5DE
:1081D000AE94A6C5BD7EA7C51381A8C5536DA9C51C
:1081E0009C51AAC5045FABC57459ACC5AA52ADC5B4
:1081F0001260AEC57359AFC59666B0C55086B1C59D
:108200009F75B2C52A63B3C5E661B4C5EF7CB5C539
:10821000FA8BB6C5E654B7C5276BB8C5259EB9C558
:10822000B46BBAC5D585BBC55554BCC57650BDC564
:10823000A46CBEC56A55BFC5B48DC0C52C72C1C57E
:10824000155EC2C51560C3C53674C4C5CD62C5C54B
:108250009263C6C54C72C7C5985FC8C5436EC9C591
:108260003E6DCAC50065CBC5586FCCC5D876CDC5A7
:10827000D078CEC5FC76CFC55475D0C52452D1C5B3
:10828000DB53D2C5534ED3C59E5ED4C5C165D5C59B
:108290002A80D6C5D680D7C59B62D8C58654D9C595
:1082A0002852DAC5AE70DBC58D88DCC5D18DDDC541
:1082B000E16CDEC57854DFC5DA80E0C5F957E1C569
:1082C000F488E2C5548DE3C56A96E4C54D91E5C5D1
:1082D000694FE6C59B6CE7C5B755E8C5C676E9C5E5
:1082E0003078EAC5A862EBC5F970ECC58E6FEDC5B4
:1082F0006D5FEEC5EC84EFC5DA68F0C57C78F1C53A
:10830000F77BF2C5A881F3C50B67F4C54F9EF5C591
:108310006763F6C5B078F7C56F57F8C51278F9C529
:108320003997FAC57962FBC5AB62FCC58852FDC5B9
:108330003574FEC5D76B40C66A8241C66B8242C6A1
:108340006C8243C66D8244C6718245C6758246C63C
:10835000768247C6778248C6788249C67B824AC6FB
:108360007C824BC680824CC681824DC683824EC6BB
:1083700085824FC6868250C6878251C6898252C680
:108380008C8253C6908254C6938255C6948256C638
:10839000958257C6968258C69A8259C69B825AC6FB
:1083A0009E825BC6A0825CC6A2825DC6A3825EC6B8
:1083B000A7825FC6B28260C6B58261C6B68262C657
:1083C000BA8263C6BB8264C6BC8265C6BF8266C60B
:1083D000C08267C6C28268C6C38269C6C5826AC6D1
:1083E000C6826BC6C9826CC6D0826DC6D6826EC686
:1083F000D9826FC6DA8270C6DD8271C6E28272C629
:10840000E78273C6E88274C6E98275C6EA8276C6D8
:10841000EC8277C6ED8278C6EE8279C6F0827AC6A3
:10842000F2827BC6F3827CC6F5827DC6F6827EC66A
:10843000F88280C6FA8281C6FC8282C6FD8283C62B
:10844000FE8284C6FF8285C6008386C60A8387C6ED
:108450000B8388C60D8389C610838AC612838BC698
:1084600013838CC616838DC618838EC619838FC658
:108470001D8390C61E8391C61F8392C6208393C618
:10848000218394C6228395C6238396C6248397C6E8
:10849000258398C6268399C629839AC62A839BC6B4
:1084A0002E839CC630839DC632839EC637839FC66B
:1084B0003B83A0C63D83A1C66455A2C63E81A3C628
:1084C000B275A4C6AE76A5C63953A6C6DE75A7C6D4
:1084D000FB50A8C6415CA9C66C8BAAC6C77BABC6BD
:1084E0004F50ACC64772ADC6979AAEC6D898AFC6C5
:1084F000026FB0C6E274B1C66879B2C68764B3C60B
:10850000A577B4C6FC62B5C69198B6C62B8DB7C622
:10851000C154B8C65880B9C6524EBAC66A57BBC60F
:10852000F982BCC60D84BDC6735EBEC6ED51BFC622
:10853000F674C0C6C48BC1C64F5CC2C66157C3C601
:10854000FC6CC4C68798C5C6465AC6C63478C7C62A
:10855000449BC8C6EB8FC9C6957CCAC65652CBC6CB
:108560005162CCC6FA94CDC6C64ECEC68683CFC65F
:108570006184D0C6E983D1C6B284D2C6D457D3C6EB
:108580003467D4C60357D5C66E66D6C6666DD7C6E1
:10859000318CD8C6DD66D9C61170DAC61F67DBC656
:1085A0003A6BDCC61668DDC61A62DEC6BB59DFC68A
:1085B000034EE0C6C451E1C6066FE2C6D267E3C609
:1085C0008F6CE4C67651E5C6CB68E6C64759E7C668
:1085D000676BE8C66675E9C60E5DEAC61081EBC634
:1085E000509FECC6D765EDC64879EEC64179EFC617
:1085F000919AF0C6778DF1C6825CF2C65E4EF3C6E4
:10860000014FF4C62F54F5C65159F6C60C78F7C67B
:108610006856F8C6146CF9C6C48FFAC6035FFBC669
:108620007D6CFCC6E36CFDC6AB8BFEC6906340C799
:108630003E8341C73F8342C7418343C7428344C708
:10864000448345C7458346C7488347C74A8348C7CD
:108650004B8349C74C834AC74D834BC74E834CC796
:1086600053834DC755834EC756834FC7578350C753
:10867000588351C7598352C75D8353C7628354C718
:10868000708355C7718356C7728357C7738358C7A2
:10869000748359C775835AC776835BC779835CC770
:1086A0007A835DC77E835EC77F835FC7808360C731
:1086B000818361C7828362C7838363C7848364C7FE
:1086C000878365C7888366C78A8367C78B8368C7C4
:1086D0008C8369C78D836AC78F836BC790836CC790
:1086E00091836DC794836EC795836FC7968370C758
:1086F000978371C7998372C79A8373C79D8374C721
:108700009F8375C7A18376C7A28377C7A38378C7E2
:10871000A48379C7A5837AC7A6837BC7A7837CC7B1
:10872000AC837DC7AD837EC7AE8380C7AF8381C76F
:10873000B58382C7BB8383C7BE8384C7BF8385C716
:10874000C28386C7C38387C7C48388C7C68389C7D4
:10875000C8838AC7C9838BC7CB838CC7CD838DC79A
:10876000CE838EC7D0838FC7D18390C7D28391C762
:10877000D38392C7D58393C7D78394C7D98395C72B
:10878000DA8396C7DB8397C7DE8398C7E28399C7EE
:10879000E3839AC7E4839BC7E6839CC7E7839DC7AF
:1087A000E8839EC7EB839FC7EC83A0C7ED83A1C777
:1087B0007060A2C73D6DA3C77572A4C76662A5C7E6
:1087C0008E94A6C7C594A7C74353A8C7C18FA9C78E
:1087D0007E7BAAC7DF4EABC7268CACC77E4EADC72B
:1087E000D49EAEC7B194AFC7B394B0C74D52B1C712
:1087F0005C6FB2C76390B3C7456DB4C7348CB5C75F
:108800001158B6C74C5DB7C7206BB8C7496BB9C71D
:10881000AA67BAC75B54BBC75481BCC78C7FBDC7AE
:108820009958BEC73785BFC73A5FC0C7A262C1C7E4
:10883000476AC2C73995C3C77265C4C78460C5C7D4
:108840006568C6C7A777C7C7544EC8C7A84FC9C76A
:10885000E75DCAC79897CBC7AC64CCC7D87FCDC7F4
:10886000ED5CCEC7CF4FCFC78D7AD0C70752D1C7E7
:108870000483D2C7144ED3C72F60D4C7837AD5C719
:10888000A694D6C7B54FD7C7B24ED8C7E679D9C7D1
:108890003474DAC7E452DBC7B982DCC7D264DDC7FF
:1088A000BD79DEC7DD5BDFC7816CE0C75297E1C7EA
:1088B0007B8FE2C7226CE3C73E50E4C77F53E5C716
:1088C000056EE6C7CE64E7C77466E8C7306CE9C7D3
:1088D000C560EAC77798EBC7F78BECC7865EEDC734
:1088E0003C74EEC7777AEFC7CB79F0C7184EF1C763
:1088F000B190F2C70374F3C7426CF4C7DA56F5C7F8
:108900004B91F6C7C56CF7C78B8DF8C73A53F9C7BB
:10891000C686FAC7F266FBC7AF8EFCC7485CFDC7C8
:10892000719AFEC7206E40C8EE8341C8EF8342C8EB
:10893000F38343C8F48344C8F58345C8F68346C827
:10894000F78347C8FA8348C8FB8349C8FC834AC8F1
:10895000FE834BC8FF834CC800844DC802844EC8B8
:1089600005844FC8078450C8088451C8098452C878
:108970000A8453C8108454C8128455C8138456C836
:10898000148457C8158458C8168459C817845AC8FF
:1089900019845BC81A845CC81B845DC81E845EC8C9
:1089A0001F845FC8208460C8218461C8228462C893
:1089B000238463C8298464C82A8465C82B8466C854
:1089C0002C8467C82D8468C82E8469C82F846AC81F
:1089D00030846BC832846CC833846DC834846EC8EC
:1089E00035846FC8368470C8378471C8398472C8BA
:1089F0003A8473C83B8474C83E8475C83F8476C883
:108A0000408477C8418478C8428479C843847AC84E
:108A100044847BC845847CC847847DC848847EC81C
:108A2000498480C84A8481C84B8482C84C8483C8E6
:108A30004D8484C84E8485C84F8486C8508487C8B6
:108A4000528488C8538489C854848AC855848BC882
:108A500056848CC858848DC85D848EC85E848FC847
:108A60005F8490C8608491C8628492C8648493C80B
:108A7000658494C8668495C8678496C8688497C8D6
:108A80006A8498C86E8499C86F849AC870849BC899
:108A900072849CC874849DC877849EC879849FC85A
:108AA0007B84A0C87C84A1C8D653A2C8365AA3C868
:108AB0008B9FA4C8A38DA5C8BB53A6C80857A7C839
:108AC000A798A8C84367A9C89B91AAC8C96CABC896
:108AD0006851ACC8CA75ADC8F362AEC8AC72AFC855
:108AE0003852B0C89D52B1C83A7FB2C89470B3C86A
:108AF0003876B4C87453B5C84A9EB6C8B769B7C803
:108B00006E78B8C8C096B9C8D988BAC8A47FBBC89F
:108B10003671BCC8C371BDC88951BEC8D367BFC850
:108B2000E474C0C8E458C1C81865C2C8B756C3C801
:108B3000A98BC4C87699C5C87062C6C8D57EC7C897
:108B4000F960C8C8ED70C9C8EC58CAC8C14ECBC8D6
:108B5000BA4ECCC8CD5FCDC8E797CEC8FB4ECFC8C4
:108B6000A48BD0C80352D1C88A59D2C8AB7ED3C80F
:108B70005462D4C8CD4ED5C8E565D6C80E62D7C8F4
:108B80003883D8C8C984D9C86383DAC88D87DBC85D
:108B90009471DCC8B66EDDC8B95BDEC8D27EDFC8B2
:108BA0009751E0C8C963E1C8D467E2C88980E3C8C7
:108BB0003983E4C81588E5C81251E6C87A5BE7C86E
:108BC0008259E8C8B18FE9C8734EEAC85D6CEBC83A
:108BD0006551ECC82589EDC86F8FEEC82E96EFC899
:108BE0004A85F0C85E74F1C81095F2C8F095F3C8D4
:108BF000A66DF4C8E582F5C8315FF6C89264F7C87F
:108C0000126DF8C82884F9C86E81FAC8C39CFBC8E5
:108C10005E58FCC85B8DFDC8094EFEC8C15340C9F3
:108C20007D8441C97E8442C97F8443C9808444C90C
:108C3000818445C9838446C9848447C9858448C9D9
:108C4000868449C98A844AC98D844BC98F844CC99A
:108C500090844DC991844EC992844FC9938450C960
:108C6000948451C9958452C9968453C9988454C92F
:108C70009A8455C99B8456C99D8457C99E8458C9F6
:108C80009F8459C9A0845AC9A2845BC9A3845CC9C2
:108C9000A4845DC9A5845EC9A6845FC9A78460C990
:108CA000A88461C9A98462C9AA8463C9AB8464C960
:108CB000AC8465C9AD8466C9AE8467C9B08468C92F
:108CC000B18469C9B3846AC9B5846BC9B6846CC9F7
:108CD000B7846DC9BB846EC9BC846FC9BE8470C9BA
:108CE000C08471C9C28472C9C38473C9C58474C97C
:108CF000C68475C9C78476C9C88477C9CB8478C946
:108D0000CC8479C9CE847AC9CF847BC9D2847CC90A
:108D1000D4847DC9D5847EC9D78480C9D88481C9CB
:108D2000D98482C9DA8483C9DB8484C9DC8485C997
:108D3000DE8486C9E18487C9E28488C9E48489C95C
:108D4000E7848AC9E8848BC9E9848CC9EA848DC91F
:108D5000EB848EC9ED848FC9EE8490C9EF8491C9EC
:108D6000F18492C9F28493C9F38494C9F48495C9B7
:108D7000F58496C9F68497C9F78498C9F88499C987
:108D8000F9849AC9FA849BC9FB849CC9FD849DC956
:108D9000FE849EC900859FC90185A0C90285A1C91D
:108DA0001E4FA2C96365A3C95168A4C9D355A5C9FB
:108DB000274EA6C91464A7C99A9AA8C96B62A9C903
:108DC000C25AAAC95F74ABC97282ACC9A96DADC9D8
:108DD000EE68AEC9E750AFC98E83B0C90278B1C999
:108DE0004067B2C93952B3C9996CB4C9B17EB5C92B
:108DF000BB50B6C96555B7C95E71B8C95B7BB9C907
:108E00005266BAC9CA73BBC9EB82BCC94967BDC93E
:108E1000715CBEC92052BFC97D71C0C96B88C1C910
:108E2000EA95C2C95596C3C9C564C4C9618DC5C98F
:108E3000B381C6C98455C7C9556CC8C94762C9C979
:108E40002E7FCAC99258CBC9244FCCC94655CDC92B
:108E50004F8DCEC94C66CFC90A4ED0C91A5CD1C954
:108E6000F388D2C9A268D3C94E63D4C90D7AD5C9D3
:108E7000E770D6C98D82D7C9FA52D8C9F697D9C931
:108E8000115CDAC9E854DBC9B590DCC9CD7EDDC917
:108E90006259DEC94A8DDFC9C786E0C90C82E1C9C3
:108EA0000D82E2C9668DE3C94464E4C9045CE5C986
:108EB0005161E6C9896DE7C93E79E8C9BE8BE9C948
:108EC0003778EAC93375EBC97B54ECC9384FEDC923
:108ED000AB8EEEC9F16DEFC9205AF0C9C57EF1C95C
:108EE0005E79F2C9886CF3C9A15BF4C9765AF5C9F9
:108EF0001A75F6C9BE80F7C94E61F8C9176EF9C96F
:108F0000F058FAC91F75FBC92575FCC97272FDC9F5
:108F10004753FEC9F37E40CA038541CA048542CA4D
:108F2000058543CA068544CA078545CA088546CAD9
:108F3000098547CA0A8548CA0B8549CA0D854ACAA8
:108F40000E854BCA0F854CCA10854DCA12854ECA74
:108F500014854FCA158550CA168551CA188552CA3C
:108F6000198553CA1B8554CA1C8555CA1D8556CA06
:108F70001E8557CA208558CA228559CA23855ACAD0
:108F800024855BCA25855CCA26855DCA27855ECA9D
:108F900028855FCA298560CA2A8561CA2D8562CA6B
:108FA0002E8563CA2F8564CA308565CA318566CA35
:108FB000328567CA338568CA348569CA35856ACA05
:108FC00036856BCA3E856CCA3F856DCA40856ECAC0
:108FD00041856FCA428570CA448571CA458572CA87
:108FE000468573CA478574CA4B8575CA4C8576CA4F
:108FF0004D8577CA4E8578CA4F8579CA50857ACA19
:1090000051857BCA52857CCA53857DCA54857ECAE8
:10901000558580CA578581CA588582CA5A8583CAB0
:109020005B8584CA5C8585CA5D8586CA5F8587CA7B
:10903000608588CA618589CA62858ACA63858BCA48
:1090400065858CCA66858DCA67858ECA69858FCA13
:109050006A8590CA6B8591CA6C8592CA6D8593CAE0
:109060006E8594CA6F8595CA708596CA718597CAB0
:10907000738598CA758599CA76859ACA77859BCA79
:1090800078859CCA7C859DCA7D859ECA7F859FCA3E
:109090008085A0CA8185A1CA0177A2CADB76A3CA4E
:1090A0006952A4CADC80A5CA2357A6CA085EA7CA0B
:1090B0003159A8CAEE72A9CABD65AACA7F6EABCAE9
:1090C000D78BACCA385CADCA7186AECA4153AFCA41
:1090D000F377B0CAFE62B1CAF665B2CAC04EB3CA6F
:1090E000DF98B4CA8086B5CA9E5BB6CAC68BB7CABB
:1090F000F253B8CAE277B9CA7F4FBACA4E5CBBCA4C
:10910000769ABCCACB59BDCA0F5FBECA3A79BFCAEC
:10911000EB58C0CA164EC1CAFF67C2CA8B4EC3CA3B
:10912000ED62C4CA938AC5CA1D90C6CABF52C7CAD7
:109130002F66C8CADC55C9CA6C56CACA0290CBCAC7
:10914000D54ECCCA8D4FCDCACA91CECA7099CFCA5E
:109150000F6CD0CA025ED1CA4360D2CAA45BD3CA24
:10916000C689D4CAD58BD5CA3665D6CA4B62D7CA8A
:109170009699D8CA885BD9CAFF5BDACA8863DBCA0A
:109180002E55DCCAD753DDCA2676DECA7D51DFCA2A
:109190002C85E0CAA267E1CAB368E2CA8A6BE3CA57
:1091A0009262E4CA938FE5CAD453E6CA1282E7CA30
:1091B000D16DE8CA8F75E9CA664EEACA4E8DEBCA10
:1091C000705BECCA9F71EDCAAF85EECA9166EFCABB
:1091D000D966F0CA727FF1CA0087F2CACD9EF3CA7F
:1091E000209FF4CA5E5CF5CA2F67F6CAF08FF7CAF3
:1091F0001168F8CA5F67F9CA0D62FACAD67AFBCA63
:109200008558FCCAB65EFDCA7065FECA316F40CB98
:10921000828541CB838542CB868543CB888544CBF1
:10922000898545CB8A8546CB8B8547CB8C8548CBBA
:109230008D8549CB8E854ACB90854BCB91854CCB88
:1092400092854DCB93854ECB94854FCB958550CB56
:10925000968551CB978552CB988553CB998554CB26
:109260009A8555CB9D8556CB9E8557CB9F8558CBF0
:10927000A08559CBA1855ACBA2855BCBA3855CCBBE
:10928000A5855DCBA6855ECBA7855FCBA98560CB89
:10929000AB8561CBAC8562CBAD8563CBB18564CB4F
:1092A000B28565CBB38566CBB48567CBB58568CB16
:1092B000B68569CBB8856ACBBA856BCBBB856CCBE1
:1092C000BC856DCBBD856ECBBE856FCBBF8570CBAE
:1092D000C08571CBC28572CBC38573CBC48574CB7B
:1092E000C58575CBC68576CBC78577CBC88578CB4A
:1092F000CA8579CBCB857ACBCC857BCBCD857CCB16
:10930000CE857DCBD1857ECBD28580CBD48581CBDC
:10931000D68582CBD78583CBD88584CBD98585CBA1
:10932000DA8586CBDB8587CBDD8588CBDE8589CB6F
:10933000DF858ACBE0858BCBE1858CCBE2858DCB3D
:10934000E3858ECBE5858FCBE68590CBE78591CB0A
:10935000E88592CBEA8593CBEB8594CBEC8595CBD6
:10936000ED8596CBEE8597CBEF8598CBF08599CBA5
:10937000F1859ACBF2859BCBF3859CCBF4859DCB75
:10938000F5859ECBF6859FCBF785A0CBF885A1CB45
:109390005560A2CB3752A3CB0D80A4CB5464A5CB90
:1093A0007088A6CB2975A7CB055EA8CB1368A9CB7F
:1093B000F462AACB1C97ABCBCC53ACCB3D72ADCBFC
:1093C000018CAECB346CAFCB6177B0CB0E7AB1CB26
:1093D0002E54B2CBAC77B3CB7A98B4CB1C82B5CB3E
:1093E000F48BB6CB5578B7CB1467B8CBC170B9CB7B
:1093F000AF65BACB9564BBCB3656BCCB1D60BDCB3D
:10940000C179BECBF853BFCB1D4EC0CB7B6BC1CB5C
:109410008680C2CBFA5BC3CBE355C4CBDB56C5CB4E
:109420003A4FC6CB3C4FC7CB7299C8CBF35DC9CB83
:109430007E67CACB3880CBCB0260CCCB8298CDCBB9
:109440000190CECB8B5BCFCBBC8BD0CBF58BD1CB74
:109450001C64D2CB5882D3CBDE64D4CBFD55D5CBA4
:10946000CF82D6CB6591D7CBD74FD8CB207DD9CB68
:109470001F90DACB9F7CDBCBF350DCCB5158DDCB9C
:10948000AF6EDECBBF5BDFCBC98BE0CB8380E1CBA4
:109490007891E2CB9C84E3CB977BE4CB7D86E5CBD4
:1094A0008B96E6CB8F96E7CBE57EE8CBD39AE9CBDC
:1094B0008E78EACB815CEBCB577AECCB4290EDCB4C
:1094C000A796EECB5F79EFCB595BF0CB5F63F1CB27
:1094D0000B7BF2CBD184F3CBAD68F4CB0655F5CB47
:1094E000297FF6CB1074F7CB227DF8CB0195F9CB11
:1094F0004062FACB4C58FBCBD64EFCCB835BFDCB0A
:109500007959FECB545840CCF98541CCFA8542CCF0
:10951000FC8543CCFD8544CCFE8545CC008646CCFD
:10952000018647CC028648CC038649CC04864ACCC7
:1095300006864BCC07864CCC08864DCC09864ECC93
:109540000A864FCC0B8650CC0C8651CC0D8652CC63
:109550000E8653CC0F8654CC108655CC128656CC32
:10956000138657CC148658CC158659CC17865ACCFE
:1095700018865BCC19865CCC1A865DCC1B865ECCCB
:109580001C865FCC1D8660CC1E8661CC1F8662CC9B
:10959000208663CC218664CC228665CC238666CC6B
:1095A000248667CC258668CC268669CC28866ACC3A
:1095B0002A866BCC2B866CCC2C866DCC2D866ECC03
:1095C0002E866FCC2F8670CC308671CC318672CCD3
:1095D000328673CC338674CC348675CC358676CCA3
:1095E000368677CC378678CC398679CC3A867ACC71
:1095F0003B867BCC3D867CCC3E867DCC3F867ECC3C
:10960000408680CC418681CC428682CC438683CC06
:10961000448684CC458685CC468686CC478687CCD6
:10962000488688CC498689CC4A868ACC4B868BCCA6
:109630004C868CCC52868DCC53868ECC55868FCC66
:10964000568690CC578691CC588692CC598693CC2E
:109650005B8694CC5C8695CC5D8696CC5F8697CCF9
:10966000608698CC618699CC63869ACC64869BCCC4
:1096700065869CCC66869DCC67869ECC68869FCC92
:109680006986A0CC6A86A1CC6D73A2CC1E63A3CCE4
:109690004B8EA4CC0F8EA5CCCE80A6CCD482A7CCEA
:1096A000AC62A8CCF053A9CCF06CAACC5E91ABCC48
:1096B0002A59ACCC0160ADCC706CAECC4D57AFCC60
:1096C0004A64B0CC2A8DB1CC2B76B2CCE96EB3CC47
:1096D0005B57B4CC806AB5CCF075B6CC6D6FB7CCA7
:1096E0002D8CB8CC088CB9CC6657BACCEF6BBBCC00
:1096F0009288BCCCB378BDCCA263BECCF953BFCCAE
:10970000AD70C0CC646CC1CC5858C2CC2A64C3CCF8
:109710000258C4CCE068C5CC9B81C6CC1055C7CCE0
:10972000D67CC8CC1850C9CCBA8ECACCCC6DCBCCA8
:109730009F8DCCCCEB70CDCC8F63CECC9B6DCFCC42
:10974000D46ED0CCE67ED1CC0484D2CC4368D3CCCA
:109750000390D4CCD86DD5CC7696D6CCA88BD7CC6C
:109760005759D8CC7972D9CCE485DACC7E81DBCC60
:10977000BC75DCCC8A8ADDCCAF68DECC5452DFCC41
:10978000228EE0CC1195E1CCD063E2CC9898E3CC6A
:10979000448EE4CC7C55E5CC534FE6CCFF66E7CC59
:1097A0008F56E8CCD560E9CC956DEACC4352EBCC32
:1097B000495CECCC2959EDCCFB6DEECC6B58EFCC71
:1097C0003075F0CC1C75F1CC6C60F2CC1482F3CC0B
:1097D0004681F4CC1163F5CC6167F6CCE28FF7CC0F
:1097E0003A77F8CCF38DF9CC348DFACCC194FBCC1C
:1097F000165EFCCC8553FDCC2C54FECCC37040CD02
:109800006D8641CD6F8642CD708643CD728644CD44
:10981000738645CD748646CD758647CD768648CD10
:10982000778649CD78864ACD83864BCD84864CCDCC
:1098300085864DCD86864ECD87864FCD888650CD88
:10984000898651CD8E8652CD8F8653CD908654CD4C
:10985000918655CD928656CD948657CD968658CD15
:10986000978659CD98865ACD99865BCD9A865CCDE0
:109870009B865DCD9E865ECD9F865FCDA08660CDAA
:10988000A18661CDA28662CDA58663CDA68664CD74
:10989000AB8665CDAD8666CDAE8667CDB28668CD2A
:1098A000B38669CDB7866ACDB8866BCDB9866CCDE7
:1098B000BB866DCDBC866ECDBD866FCDBE8670CDB0
:1098C000BF8671CDC18672CDC28673CDC38674CD7D
:1098D000C58675CDC88676CDCC8677CDCD8678CD3C
:1098E000D28679CDD3867ACDD5867BCDD6867CCDF2
:1098F000D7867DCDDA867ECDDC8680CDDD8681CDB6
:10990000E08682CDE18683CDE28684CDE38685CD77
:10991000E58686CDE68687CDE78688CDE88689CD43
:10992000EA868ACDEB868BCDEC868CCDEF868DCD0D
:10993000F5868ECDF6868FCDF78690CDFA8691CDC1
:10994000FB8692CDFC8693CDFD8694CDFF8695CD8A
:10995000018796CD048797CD058798CD068799CD49
:109960000B879ACD0C879BCD0E879CCD0F879DCD05
:1099700010879ECD11879FCD1487A0CD1687A1CDCE
:10998000406CA2CDF75EA3CD5C50A4CDAD4EA5CD6D
:10999000AD5EA6CD3A63A7CD4782A8CD1A90A9CDDA
:1099A0005068AACD6E91ABCDB377ACCD0C54ADCD94
:1099B000DC94AECD645FAFCDE57AB0CD7668B1CD45
:1099C0004563B2CD527BB3CDDF7EB4CDDB75B5CD73
:1099D0007750B6CD9562B7CD3459B8CD0F90B9CD8B
:1099E000F851BACDC379BBCD817ABCCDFE56BDCD81
:1099F000925FBECD1490BFCD826DC0CD605CC1CDF5
:109A00001F57C2CD1054C3CD5451C4CD4D6EC5CDDA
:109A1000E256C6CDA863C7CD9398C8CD7F81C9CD86
:109A20001587CACD2A89CBCD0090CCCD1E54CDCD83
:109A30006F5CCECDC081CFCDD662D0CD5862D1CDB6
:109A40003181D2CD359ED3CD4096D4CD6E9AD5CD31
:109A50007C9AD6CD2D69D7CDA559D8CDD362D9CD95
:109A60003E55DACD1663DBCDC754DCCDD986DDCDCE
:109A70003C6DDECD035ADFCDE674E0CD9C88E1CDB0
:109A80006A6BE2CD1659E3CD4C8CE4CD2F5FE5CD6A
:109A90007E6EE6CDA973E7CD7D98E8CD384EE9CD51
:109AA000F770EACD8C5BEBCD9778ECCD3D63EDCDD7
:109AB0005A66EECD9676EFCDCB60F0CD9B5BF1CDC7
:109AC000495AF2CD074EF3CD5581F4CD6A6CF5CDF0
:109AD0008B73F6CDA14EF7CD8967F8CD517FF9CDC7
:109AE000805FFACDFA65FBCD1B67FCCDD85FFDCD5D
:109AF0008459FECD015A40CE198741CE1B8742CEF4
:109B00001D8743CE1F8744CE208745CE248746CE6F
:109B1000268747CE278748CE288749CE2A874ACE30
:109B20002B874BCE2C874CCE2D874DCE2F874ECEFC
:109B300030874FCE328750CE338751CE358752CEC5
:109B4000368753CE388754CE398755CE3A8756CE8E
:109B50003C8757CE3D8758CE408759CE41875ACE55
:109B600042875BCE43875CCE44875DCE45875ECE21
:109B700046875FCE4A8760CE4B8761CE4D8762CEE7
:109B80004F8763CE508764CE518765CE528766CEAD
:109B9000548767CE558768CE568769CE58876ACE78
:109BA0005A876BCE5B876CCE5C876DCE5D876ECE41
:109BB0005E876FCE5F8770CE618771CE628772CE0F
:109BC000668773CE678774CE688775CE698776CED1
:109BD0006A8777CE6B8778CE6C8779CE6D877ACEA1
:109BE0006F877BCE71877CCE72877DCE73877ECE6A
:109BF000758780CE778781CE788782CE798783CE2E
:109C00007A8784CE7F8785CE808786CE818787CEF0
:109C1000848788CE868789CE87878ACE89878BCEB0
:109C20008A878CCE8C878DCE8E878ECE8F878FCE77
:109C3000908790CE918791CE928792CE948793CE43
:109C4000958794CE968795CE988796CE998797CE0E
:109C50009A8798CE9B8799CE9C879ACE9D879BCEDC
:109C60009E879CCEA0879DCEA1879ECEA2879FCEA9
:109C7000A387A0CEA487A1CECD5DA2CEAE5FA3CE9A
:109C80007153A4CEE697A5CEDD8FA6CE4568A7CEAC
:109C9000F456A8CE2F55A9CEDF60AACE3A4EABCE51
:109CA0004D6FACCEF47EADCEC782AECE0E84AFCEBD
:109CB000D459B0CE1F4FB1CE2A4FB2CE3E5CB3CEF8
:109CC000AC7EB4CE2A67B5CE1A85B6CE7354B7CE65
:109CD0004F75B8CEC380B9CE8255BACE4F9BBBCE9E
:109CE0004D4FBCCE2D6EBDCE138CBECE095CBFCE0B
:109CF0007061C0CE6B53C1CE1F76C2CE296EC3CE6B
:109D00008A86C4CE8765C5CEFB95C6CEB97EC7CE42
:109D10003B54C8CE337AC9CE0A7DCACEEE95CBCE9F
:109D2000E155CCCEC17FCDCEEE74CECE1D63CFCE6D
:109D30001787D0CEA16DD1CE9D7AD2CE1162D3CE6F
:109D4000A165D4CE6753D5CEE163D6CE836CD7CE92
:109D5000EB5DD8CE5C54D9CEA894DACE4C4EDBCE97
:109D6000616CDCCEEC8BDDCE4B5CDECEE065DFCE15
:109D70009C82E0CEA768E1CE3E54E2CE3454E3CEDE
:109D8000CB6BE4CE666BE5CE944EE6CE4263E7CE77
:109D90004853E8CE1E82E9CE0D4FEACEAE4FEBCE51
:109DA0005E57ECCE0A62EDCEFE96EECE6466EFCE46
:109DB0006972F0CEFF52F1CEA152F2CE9F60F3CE87
:109DC000EF8BF4CE1466F5CE9971F6CE9067F7CE90
:109DD0007F89F8CE5278F9CEFD77FACE7066FBCE49
:109DE0003B56FCCE3854FDCE2195FECE7A7240CF44
:109DF000A58741CFA68742CFA78743CFA98744CF66
:109E0000AA8745CFAE8746CFB08747CFB18748CF27
:109E1000B28749CFB4874ACFB6874BCFB7874CCFED
:109E2000B8874DCFB9874ECFBB874FCFBC8750CFB8
:109E3000BE8751CFBF8752CFC18753CFC28754CF80
:109E4000C38755CFC48756CFC58757CFC78758CF4D
:109E5000C88759CFC9875ACFCC875BCFCD875CCF16
:109E6000CE875DCFCF875ECFD0875FCFD48760CFDF
:109E7000D58761CFD68762CFD78763CFD88764CFA6
:109E8000D98765CFDA8766CFDC8767CFDD8768CF74
:109E9000DE8769CFDF876ACFE1876BCFE2876CCF40
:109EA000E3876DCFE4876ECFE6876FCFE78770CF0C
:109EB000E88771CFE98772CFEB8773CFEC8774CFD8
:109EC000ED8775CFEF8776CFF08777CFF18778CFA3
:109ED000F28779CFF3877ACFF4877BCFF5877CCF72
:109EE000F6877DCFF7877ECFF88780CFFA8781CF3F
:109EF000FB8782CFFC8783CFFD8784CFFF8785CF09
:109F0000008886CF018887CF028888CF048889CFD0
:109F100005888ACF06888BCF07888CCF08888DCF9D
:109F200009888ECF0B888FCF0C8890CF0D8891CF6A
:109F30000E8892CF0F8893CF108894CF118895CF39
:109F4000128896CF148897CF178898CF188899CF02
:109F500019889ACF1A889BCF1C889CCF1D889DCFCB
:109F60001E889ECF1F889FCF2088A0CF2388A1CF97
:109F7000007AA2CF6F60A3CF0C5EA4CF8960A5CF7B
:109F80009D81A6CF1559A7CFDC60A8CF8471A9CF3A
:109F9000EF70AACFAA6EABCF506CACCF8072ADCFB2
:109FA000846AAECFAD88AFCF2D5EB0CF604EB1CF5B
:109FB000B35AB2CF9C55B3CFE394B4CF176DB5CF9E
:109FC000FB7CB6CF9996B7CF0F62B8CFC67EB9CF1C
:109FD0008E77BACF7E86BBCF2353BCCF1E97BDCF23
:109FE000968FBECF8766BFCFE15CC0CFA04FC1CFF9
:109FF000ED72C2CF0B4EC3CFA653C4CF0F59C5CFFE
:10A000001354C6CF8063C7CF2895C8CF4851C9CF56
:10A01000D94ECACF9C9CCBCFA47ECCCFB854CDCF49
:10A02000248DCECF5488CFCF3782D0CFF295D1CFE9
:10A030008E6DD2CF265FD3CFCC5AD4CF3E66D5CF4C
:10A040006996D6CFB073D7CF2E73D8CFBF53D9CFA1
:10A050007A81DACF8599DBCFA17FDCCFAA5BDDCF18
:10A060007796DECF5096DFCFBF7EE0CFF876E1CF98
:10A07000A253E2CF7695E3CF9999E4CFB17BE5CFB8
:10A080004489E6CF586EE7CF614EE8CFD47FE9CF61
:10A090006579EACFE68BEBCFF360ECCFCD54EDCF13
:10A0A000AB4EEECF7998EFCFF75DF0CF616AF1CF8D
:10A0B000CF50F2CF1154F3CF618CF4CF2784F5CF7A
:10A0C0005D78F6CF0497F7CF4A52F8CFEE54F9CF28
:10A0D000A356FACF0095FBCF886DFCCFB55BFDCFC3
:10A0E000C66DFECF536640D0248841D0258842D02B
:10A0F000268843D0278844D0288845D0298846D050
:10A100002A8847D02B8848D02C8849D02D884AD01F
:10A110002E884BD02F884CD030884DD031884ED0EF
:10A1200033884FD0348850D0358851D0368852D0BB
:10A13000378853D0388854D03A8855D03B8856D089
:10A140003D8857D03E8858D03F8859D041885AD052
:10A1500042885BD043885CD046885DD047885ED01B
:10A1600048885FD0498860D04A8861D04B8862D0E7
:10A170004E8863D04F8864D0508865D0518866D0AF
:10A18000528867D0538868D0558869D056886AD07D
:10A1900058886BD05A886CD05B886DD05C886ED044
:10A1A0005D886FD05E8870D05F8871D0608872D013
:10A1B000668873D0678874D06A8875D06D8876D0C9
:10A1C0006F8877D0718878D0738879D074887AD086
:10A1D00075887BD076887CD078887DD079887ED051
:10A1E0007A8880D07B8881D07C8882D0808883D018
:10A1F000838884D0868885D0878886D0898887D0D0
:10A200008A8888D08C8889D08E888AD08F888BD095
:10A2100090888CD091888DD093888ED094888FD060
:10A22000958890D0978891D0988892D0998893D02B
:10A230009A8894D09B8895D09D8896D09E8897D0F8
:10A240009F8898D0A08899D0A1889AD0A3889BD0C5
:10A25000A5889CD0A6889DD0A7889ED0A8889FD08E
:10A26000A988A0D0AA88A1D00F5CA2D05D5BA3D0A2
:10A270002168A4D09680A5D07855A6D0117BA7D010
:10A280004865A8D05469A9D09B4EAAD0476BABD0E3
:10A290004E87ACD08B97ADD04F53AED01F63AFD0AD
:10A2A0003A64B0D0AA90B1D09C65B2D0C180B3D08E
:10A2B000108CB4D09951B5D0B068B6D07853B7D01F
:10A2C000F987B8D0C861B9D0C46CBAD0FB6CBBD028
:10A2D000228CBCD0515CBDD0AA85BED0AF82BFD08D
:10A2E0000C95C0D0236BC1D09B8FC2D0B065C3D0BA
:10A2F000FB5FC4D0C35FC5D0E14FC6D04588C7D08F
:10A300001F66C8D06581C9D02973CAD0FA60CBD086
:10A310007451CCD01152CDD08B57CED0625FCFD0FC
:10A32000A290D0D04C88D1D09291D2D0785ED3D0A8
:10A330004F67D4D02760D5D0D359D6D04451D7D089
:10A34000F651D8D0F880D9D00853DAD0796CDBD068
:10A35000C496DCD08A71DDD0114FDED0EE4FDFD055
:10A360009E7FE0D03D67E1D0C555E2D00895E3D0AF
:10A37000C079E4D09688E5D0E37EE6D09F58E7D058
:10A380000C62E8D00097E9D05A86EAD01856EBD094
:10A390007B98ECD0905FEDD0B88BEED0C484EFD03A
:10A3A0005791F0D0D953F1D0ED65F2D08F5EF3D054
:10A3B0005C75F4D06460F5D06E7DF6D07F5AF7D02E
:10A3C000EA7EF8D0ED7EF9D0698FFAD0A755FBD0A0
:10A3D000A35BFCD0AC60FDD0CB65FED0847340D1D4
:10A3E000AC8841D1AE8842D1AF8843D1B08844D146
:10A3F000B28845D1B38846D1B48847D1B58848D111
:10A40000B68849D1B8884AD1B9884BD1BA884CD1DD
:10A41000BB884DD1BD884ED1BE884FD1BF8850D1A9
:10A42000C08851D1C38852D1C48853D1C78854D170
:10A43000C88855D1CA8856D1CB8857D1CC8858D135
:10A44000CD8859D1CF885AD1D0885BD1D1885CD101
:10A45000D3885DD1D6885ED1D7885FD1DA8860D1C4
:10A46000DB8861D1DC8862D1DD8863D1DE8864D18C
:10A47000E08865D1E18866D1E68867D1E78868D150
:10A48000E98869D1EA886AD1EB886BD1EC886CD114
:10A49000ED886DD1EE886ED1EF886FD1F28870D1E2
:10A4A000F58871D1F68872D1F78873D1FA8874D1A2
:10A4B000FB8875D1FD8876D1FF8877D1008978D166
:10A4C000018979D103897AD104897BD105897CD12D
:10A4D00006897DD107897ED1088980D1098981D1FA
:10A4E0000B8982D10C8983D10D8984D10E8985D1C4
:10A4F0000F8986D1118987D1148988D1158989D18D
:10A5000016898AD117898BD118898CD11C898DD154
:10A510001D898ED11E898FD11F8990D1208991D11B
:10A52000228992D1238993D1248994D1268995D1E6
:10A53000278996D1288997D1298998D12C8999D1B1
:10A540002D899AD12E899BD12F899CD131899DD17A
:10A5500032899ED133899FD13589A0D13789A1D144
:10A560000990A2D16376A3D12977A4D1DA7EA5D1AF
:10A570007497A6D19B85A7D1665BA8D1747AA9D11F
:10A58000EA96AAD14088ABD1CB52ACD18F71ADD174
:10A59000AA5FAED1EC65AFD1E28BB0D1FB5BB1D19C
:10A5A0006F9AB2D1E15DB3D1896BB4D15B6CB5D197
:10A5B000AD8BB6D1AF8BB7D10A90B8D1C58FB9D119
:10A5C0008B53BAD1BC62BBD1269EBCD12D9EBDD1CE
:10A5D0004054BED12B4EBFD1BD82C0D15972C1D122
:10A5E0009C86C2D1165DC3D15988C4D1AF6DC5D187
:10A5F000C596C6D1D154C7D19A4EC8D1B68BC9D150
:10A600000971CAD1BD54CBD10996CCD1DF70CDD15F
:10A61000F96DCED1D076CFD1254ED0D11478D1D10D
:10A620001287D2D1A95CD3D1F65ED4D1008AD5D11C
:10A630009C98D6D10E96D7D18E70D8D1BF6CD9D177
:10A640004459DAD1A963DBD13C77DCD14D88DDD127
:10A65000146FDED17382DFD13058E0D1D571E1D1F2
:10A660008C53E2D11A78E3D1C196E4D10155E5D1FA
:10A67000665FE6D13071E7D1B45BE8D11A8CE9D1DD
:10A680008C9AEAD1836BEBD12E59ECD12F9EEDD170
:10A69000E779EED16867EFD16C62F0D16F4FF1D1FD
:10A6A000A175F2D18A7FF3D10B6DF4D13396F5D138
:10A6B000276CF6D1F04EF7D1D275F8D17B51F9D194
:10A6C0003768FAD13E6FFBD18090FCD17081FDD10B
:10A6D0009659FED1767440D2388941D2398942D216
:10A6E0003A8943D23B8944D23C8945D23D8946D2FE
:10A6F0003E8947D23F8948D2408949D242894AD2CD
:10A7000043894BD245894CD246894DD247894ED296
:10A7100048894FD2498950D24A8951D24B8952D265
:10A720004C8953D24D8954D24E8955D24F8956D235
:10A73000508957D2518958D2528959D253895AD205
:10A7400054895BD255895CD256895DD257895ED2D5
:10A7500058895FD2598960D25A8961D25B8962D2A5
:10A760005C8963D25D8964D2608965D2618966D271
:10A77000628967D2638968D2648969D265896AD23D
:10A7800067896BD268896CD269896DD26A896ED209
:10A790006B896FD26C8970D26D8971D26E8972D2D9
:10A7A0006F8973D2708974D2718975D2728976D2A9
:10A7B000738977D2748978D2758979D276897AD279
:10A7C00077897BD278897CD279897DD27A897ED249
:10A7D0007C8980D27D8981D27E8982D2808983D210
:10A7E000828984D2848985D2858986D2878987D2D5
:10A7F000888988D2898989D28A898AD28B898BD2A1
:10A800008C898CD28D898DD28E898ED28F898FD270
:10A81000908990D2918991D2928992D2938993D240
:10A82000948994D2958995D2968996D2978997D210
:10A83000988998D2998999D29A899AD29B899BD2E0
:10A840009C899CD29D899DD29E899ED29F899FD2B0
:10A85000A089A0D2A189A1D24764A2D2275CA3D2A9
:10A860006590A4D2917AA5D2238CA6D2DA59A7D228
:10A87000AC54A8D20082A9D26F83AAD28189ABD26C
:10A880000080ACD23069ADD24E56AED23680AFD257
:10A890003772B0D2CE91B1D2B651B2D25F4EB3D2EE
:10A8A0007598B4D29663B5D21A4EB6D2F653B7D2D3
:10A8B000F366B8D24B81B9D21C59BAD2B26DBBD2B1
:10A8C000004EBCD2F958BDD23B53BED2D663BFD2E4
:10A8D000F194C0D29D4FC1D20A4FC2D26388C3D275
:10A8E0009098C4D23759C5D25790C6D2FB79C7D2F7
:10A8F000EA4EC8D2F080C9D29175CAD2826CCBD24E
:10A900009C5BCCD2E859CDD25D5FCED20569CFD267
:10A910008186D0D21A50D1D2F25DD2D2594ED3D242
:10A92000E377D4D2E54ED5D27A82D6D29162D7D20D
:10A930001366D8D29190D9D2795CDAD2BF4EDBD2ED
:10A94000795FDCD2C681DDD23890DED28480DFD25E
:10A95000AB75E0D2A64EE1D2D488E2D20F61E3D249
:10A96000C56BE4D2C65FE5D2494EE6D2CA76E7D2DD
:10A97000A26EE8D2E38BE9D2AE8BEAD20A8CEBD29C
:10A98000D18BECD2025FEDD2FC7FEED2CC7FEFD246
:10A99000CE7EF0D23583F1D26B83F2D2E056F3D281
:10A9A000B76BF4D2F397F5D23496F6D2FB59F7D2BF
:10A9B0001F54F8D2F694F9D2EB6DFAD2C55BFBD2F4
:10A9C0006E99FCD2395CFDD2155FFED2909640D3D1
:10A9D000A28941D3A38942D3A48943D3A58944D36F
:10A9E000A68945D3A78946D3A88947D3A98948D33F
:10A9F000AA8949D3AB894AD3AC894BD3AD894CD30F
:10AA0000AE894DD3AF894ED3B0894FD3B18950D3DE
:10AA1000B28951D3B38952D3B48953D3B58954D3AE
:10AA2000B68955D3B78956D3B88957D3B98958D37E
:10AA3000BA8959D3BB895AD3BC895BD3BD895CD34E
:10AA4000BE895DD3BF895ED3C0895FD3C38960D31C
:10AA5000CD8961D3D38962D3D48963D3D58964D3B3
:10AA6000D78965D3D88966D3D98967D3DB8968D379
:10AA7000DD8969D3DF896AD3E0896BD3E1896CD33F
:10AA8000E2896DD3E4896ED3E7896FD3E88970D307
:10AA9000E98971D3EA8972D3EC8973D3ED8974D3D0
:10AAA000EE8975D3F08976D3F18977D3F28978D39B
:10AAB000F48979D3F5897AD3F6897BD3F7897CD366
:10AAC000F8897DD3F9897ED3FA8980D3FB8981D334
:10AAD000FC8982D3FD8983D3FE8984D3FF8985D302
:10AAE000018A86D3028A87D3038A88D3048A89D3CA
:10AAF000058A8AD3068A8BD3088A8CD3098A8DD398
:10AB00000A8A8ED30B8A8FD30C8A90D30D8A91D365
:10AB10000E8A92D30F8A93D3108A94D3118A95D335
:10AB2000128A96D3138A97D3148A98D3158A99D305
:10AB3000168A9AD3178A9BD3188A9CD3198A9DD3D5
:10AB40001A8A9ED31B8A9FD31C8AA0D31D8AA1D3A5
:10AB50007053A2D3F182A3D3316AA4D3745AA5D37C
:10AB6000709EA6D3945EA7D3287FA8D3B983A9D318
:10AB70002484AAD32584ABD36783ACD34787ADD3D2
:10AB8000CE8FAED3628DAFD3C876B0D3715FB1D361
:10AB90009698B2D36C78B3D32066B4D3DF54B5D3D0
:10ABA000E562B6D3634FB7D3C381B8D3C875B9D301
:10ABB000B85EBAD3CD96BBD30A8EBCD3F986BDD3CB
:10ABC0008F54BED3F36CBFD38C6DC0D3386CC1D35C
:10ABD0007F60C2D3C752C3D32875C4D37D5EC5D3AB
:10ABE000184FC6D3A060C7D3E75FC8D3245CC9D3CE
:10ABF0003175CAD3AE90CBD3C094CCD3B972CDD378
:10AC0000B96CCED3386ECFD34991D0D30967D1D3A5
:10AC1000CB53D2D3F353D3D3514FD4D3C991D5D33C
:10AC2000F18BD6D3C853D7D37C5ED8D3C28FD9D3B8
:10AC3000E46DDAD38E4EDBD3C276DCD38669DDD306
:10AC40005E86DED31A61DFD30682E0D3594FE1D3AB
:10AC5000DE4FE2D33E90E3D37C9CE4D30961E5D39D
:10AC60001D6EE6D3146EE7D38596E8D3884EE9D3FC
:10AC7000315AEAD3E896EBD30E4EECD37F5CEDD39A
:10AC8000B979EED3875BEFD3ED8BF0D3BD7FF1D3F2
:10AC90008973F2D3DF57F3D38B82F4D3C190F5D30A
:10ACA0000154F6D34790F7D3BB55F8D3EA5CF9D3F8
:10ACB000A15FFAD30861FBD3326BFCD3F172FDD3F1
:10ACC000B280FED3898A40D41E8A41D41F8A42D4DE
:10ACD000208A43D4218A44D4228A45D4238A46D464
:10ACE000248A47D4258A48D4268A49D4278A4AD434
:10ACF000288A4BD4298A4CD42A8A4DD42B8A4ED404
:10AD00002C8A4FD42D8A50D42E8A51D42F8A52D4D3
:10AD1000308A53D4318A54D4328A55D4338A56D4A3
:10AD2000348A57D4358A58D4368A59D4378A5AD473
:10AD3000388A5BD4398A5CD43A8A5DD43B8A5ED443
:10AD40003C8A5FD43D8A60D43F8A61D4408A62D411
:10AD5000418A63D4428A64D4438A65D4448A66D4DF
:10AD6000458A67D4468A68D4478A69D4498A6AD4AE
:10AD70004A8A6BD44B8A6CD44C8A6DD44D8A6ED47B
:10AD80004E8A6FD44F8A70D4508A71D4518A72D44B
:10AD9000528A73D4538A74D4548A75D4558A76D41B
:10ADA000568A77D4578A78D4588A79D4598A7AD4EB
:10ADB0005A8A7BD45B8A7CD45C8A7DD45D8A7ED4BB
:10ADC0005E8A80D45F8A81D4608A82D4618A83D487
:10ADD000628A84D4638A85D4648A86D4658A87D457
:10ADE000668A88D4678A89D4688A8AD4698A8BD427
:10ADF0006A8A8CD46B8A8DD46C8A8ED46D8A8FD4F7
:10AE00006E8A90D46F8A91D4708A92D4718A93D4C6
:10AE1000728A94D4738A95D4748A96D4758A97D496
:10AE2000768A98D4778A99D4788A9AD47A8A9BD465
:10AE30007B8A9CD47C8A9DD47D8A9ED47E8A9FD432
:10AE40007F8AA0D4808AA1D4746DA2D4D35BA3D40A
:10AE5000D588A4D48498A5D46B8CA6D46D9AA7D495
:10AE6000339EA8D40A6EA9D4A451AAD44351ABD41A
:10AE7000A357ACD48188ADD49F53AED4F463AFD480
:10AE8000958FB0D4ED56B1D45854B2D40657B3D43C
:10AE90003F73B4D4906EB5D4187FB6D4DC8FB7D4DA
:10AEA000D182B8D43F61B9D42860BAD46296BBD4F9
:10AEB000F066BCD4A67EBDD48A8DBED4C38DBFD46B
:10AEC000A594C0D4B35CC1D4A47CC2D40867C3D455
:10AED000A660C4D40596C5D41880C6D4914EC7D4F4
:10AEE000E790C8D40053C9D46896CAD44151CBD492
:10AEF000D08FCCD47485CDD45D91CED45566CFD4CB
:10AF0000F597D0D4555BD1D41D53D2D43878D3D44F
:10AF10004267D4D43D68D5D4C954D6D47E70D7D432
:10AF2000B05BD8D47D8FD9D48D51DAD42857DBD4F7
:10AF3000B154DCD41265DDD48266DED45E8DDFD4FC
:10AF4000438DE0D40F81E1D46C84E2D46D90E3D4DE
:10AF5000DF7CE4D4FF51E5D4FB85E6D4A367E7D4D6
:10AF6000E965E8D4A16FE9D4A486EAD4818EEBD454
:10AF70006A56ECD42090EDD48276EED47670EFD47D
:10AF8000E571F0D4238DF1D4E962F2D41952F3D4EF
:10AF9000FD6CF4D43C8DF5D40E60F6D49E58F7D4F5
:10AFA0008E61F8D4FE66F9D4608DFAD44E62FBD47B
:10AFB000B355FCD4236EFDD42D67FED4678F40D5E6
:10AFC000818A41D5828A42D5838A43D5848A44D5F1
:10AFD000858A45D5868A46D5878A47D5888A48D5C1
:10AFE0008B8A49D58C8A4AD58D8A4BD58E8A4CD589
:10AFF0008F8A4DD5908A4ED5918A4FD5928A50D559
:10B00000948A51D5958A52D5968A53D5978A54D524
:10B01000988A55D5998A56D59A8A57D59B8A58D5F4
:10B020009C8A59D59D8A5AD59E8A5BD59F8A5CD5C4
:10B03000A08A5DD5A18A5ED5A28A5FD5A38A60D594
:10B04000A48A61D5A58A62D5A68A63D5A78A64D564
:10B05000A88A65D5A98A66D5AA8A67D5AB8A68D534
:10B06000AC8A69D5AD8A6AD5AE8A6BD5AF8A6CD504
:10B07000B08A6DD5B18A6ED5B28A6FD5B38A70D5D4
:10B08000B48A71D5B58A72D5B68A73D5B78A74D5A4
:10B09000B88A75D5B98A76D5BA8A77D5BB8A78D574
:10B0A000BC8A79D5BD8A7AD5BE8A7BD5BF8A7CD544
:10B0B000C08A7DD5C18A7ED5C28A80D5C38A81D512
:10B0C000C48A82D5C58A83D5C68A84D5C78A85D5E0
:10B0D000C88A86D5C98A87D5CA8A88D5CB8A89D5B0
:10B0E000CC8A8AD5CD8A8BD5CE8A8CD5CF8A8DD580
:10B0F000D08A8ED5D18A8FD5D28A90D5D38A91D550
:10B10000D48A92D5D58A93D5D68A94D5D78A95D51F
:10B11000D88A96D5D98A97D5DA8A98D5DB8A99D5EF
:10B12000DC8A9AD5DD8A9BD5DE8A9CD5DF8A9DD5BF
:10B13000E08A9ED5E18A9FD5E28AA0D5E38AA1D58F
:10B14000E194A2D5F895A3D52877A4D50568A5D50F
:10B15000A869A6D58B54A7D54D4EA8D5B870A9D54A
:10B16000C88BAAD55864ABD58B65ACD5855BADD5FE
:10B17000847AAED53A50AFD5E85BB0D5BB77B1D5C0
:10B18000E16BB2D5798AB3D5987CB4D5BE6CB5D510
:10B19000CF76B6D5A965B7D5978FB8D52D5DB9D57A
:10B1A000555CBAD53886BBD50868BCD56053BDD5CB
:10B1B0001862BED5D97ABFD55B6EC0D5FD7EC1D52C
:10B1C0001F6AC2D5E07AC3D5705FC4D5336FC5D5C9
:10B1D000205FC6D58C63C7D5A86DC8D55667C9D5BD
:10B1E000084ECAD5105ECBD5268DCCD5D74ECDD541
:10B1F000C080CED53476CFD59C96D0D5DB62D1D564
:10B200002D66D2D57E62D3D5BC6CD4D5758DD5D5FF
:10B210006771D6D5697FD7D54651D8D58780D9D51E
:10B22000EC53DAD56E90DBD59862DCD5F254DDD5DF
:10B23000F086DED5998FDFD50580E0D51795E1D56D
:10B240001785E2D5D98FE3D5596DE4D5CD73E5D512
:10B250009F65E6D51F77E7D50475E8D52778E9D54A
:10B26000FB81EAD51E8DEBD58894ECD5A64FEDD5A4
:10B270009567EED5B975EFD5CA8BF0D50797F1D59F
:10B280002F63F2D54795F3D53596F4D5B884F5D527
:10B290002363F6D54177F7D5815FF8D5F072F9D5FC
:10B2A000894EFAD51460FBD57465FCD5EF62FDD5E7
:10B2B000636BFED53F6540D6E48A41D6E58A42D627
:10B2C000E68A43D6E78A44D6E88A45D6E98A46D64E
:10B2D000EA8A47D6EB8A48D6EC8A49D6ED8A4AD61E
:10B2E000EE8A4BD6EF8A4CD6F08A4DD6F18A4ED6EE
:10B2F000F28A4FD6F38A50D6F48A51D6F58A52D6BE
:10B30000F68A53D6F78A54D6F88A55D6F98A56D68D
:10B31000FA8A57D6FB8A58D6FC8A59D6FD8A5AD65D
:10B32000FE8A5BD6FF8A5CD6008B5DD6018B5ED62B
:10B33000028B5FD6038B60D6048B61D6058B62D6F9
:10B34000068B63D6088B64D6098B65D60A8B66D6C6
:10B350000B8B67D60C8B68D60D8B69D60E8B6AD695
:10B360000F8B6BD6108B6CD6118B6DD6128B6ED665
:10B37000138B6FD6148B70D6158B71D6168B72D635
:10B38000178B73D6188B74D6198B75D61A8B76D605
:10B390001B8B77D61C8B78D61D8B79D61E8B7AD6D5
:10B3A0001F8B7BD6208B7CD6218B7DD6228B7ED6A5
:10B3B000238B80D6248B81D6258B82D6278B83D670
:10B3C000288B84D6298B85D62A8B86D62B8B87D63D
:10B3D0002C8B88D62D8B89D62E8B8AD62F8B8BD60D
:10B3E000308B8CD6318B8DD6328B8ED6338B8FD6DD
:10B3F000348B90D6358B91D6368B92D6378B93D6AD
:10B40000388B94D6398B95D63A8B96D63B8B97D67C
:10B410003C8B98D63D8B99D63E8B9AD63F8B9BD64C
:10B42000408B9CD6418B9DD6428B9ED6438B9FD61C
:10B43000448BA0D6458BA1D6275EA2D6C775A3D6CE
:10B44000D190A4D6C18BA5D69D82A6D69D67A7D63E
:10B450002F65A8D63154A9D61887AAD6E577ABD6DA
:10B46000A280ACD60281ADD6416CAED64B4EAFD6E3
:10B47000C77EB0D64C80B1D6F476B2D60D69B3D6BD
:10B48000966BB4D66762B5D63C50B6D6844FB7D665
:10B490004057B8D60763B9D6626BBAD6BE8DBBD655
:10B4A000EA53BCD6E865BDD6B87EBED6D75FBFD658
:10B4B0001A63C0D6B763C1D6F381C2D6F481C3D6AE
:10B4C0006E7FC4D61C5EC5D6D95CC6D63652C7D6EA
:10B4D0007A66C8D6E979C9D61A7ACAD6288DCBD663
:10B4E0009970CCD6D475CDD6DE6ECED6BB6CCFD609
:10B4F000927AD0D62D4ED1D6C576D2D6E05FD3D6AD
:10B500009F94D4D67788D5D6C87ED6D6CD79D7D6CF
:10B51000BF80D8D6CD91D9D6F24EDAD6174FDBD62A
:10B520001F82DCD66854DDD6DE5DDED6326DDFD616
:10B53000CC8BE0D6A57CE1D6748FE2D69880E3D69A
:10B540001A5EE4D69254E5D6B176E6D6995BE7D694
:10B550003C66E8D6A49AE9D6E073EAD62A68EBD628
:10B56000DB86ECD63167EDD62A73EED6F88BEFD6B4
:10B57000DB8BF0D61090F1D6F97AF2D6DB70F3D6E9
:10B580006E71F4D6C462F5D6A977F6D63156F7D6E1
:10B590003B4EF8D65784F9D6F167FAD6A952FBD6B6
:10B5A000C086FCD62E8DFDD6F894FED6517B40D7B2
:10B5B000468B41D7478B42D7488B43D7498B44D7DB
:10B5C0004A8B45D74B8B46D74C8B47D74D8B48D7AB
:10B5D0004E8B49D74F8B4AD7508B4BD7518B4CD77B
:10B5E000528B4DD7538B4ED7548B4FD7558B50D74B
:10B5F000568B51D7578B52D7588B53D7598B54D71B
:10B600005A8B55D75B8B56D75C8B57D75D8B58D7EA
:10B610005E8B59D75F8B5AD7608B5BD7618B5CD7BA
:10B62000628B5DD7638B5ED7648B5FD7658B60D78A
:10B63000678B61D7688B62D7698B63D76A8B64D756
:10B640006B8B65D76D8B66D76E8B67D76F8B68D723
:10B65000708B69D7718B6AD7728B6BD7738B6CD7F2
:10B66000748B6DD7758B6ED7768B6FD7778B70D7C2
:10B67000788B71D7798B72D77A8B73D77B8B74D792
:10B680007C8B75D77D8B76D77E8B77D77F8B78D762
:10B69000808B79D7818B7AD7828B7BD7838B7CD732
:10B6A000848B7DD7858B7ED7868B80D7878B81D700
:10B6B000888B82D7898B83D78A8B84D78B8B85D7CE
:10B6C0008C8B86D78D8B87D78E8B88D78F8B89D79E
:10B6D000908B8AD7918B8BD7928B8CD7938B8DD76E
:10B6E000948B8ED7958B8FD7968B90D7978B91D73E
:10B6F000988B92D7998B93D79A8B94D79B8B95D70E
:10B700009C8B96D79D8B97D79E8B98D79F8B99D7DD
:10B71000AC8B9AD7B18B9BD7BB8B9CD7C78B9DD754
:10B72000D08B9ED7EA8B9FD7098CA0D71E8CA1D730
:10B730004F4FA2D7E86CA3D75D79A4D77B9AA5D742
:10B740009362A6D72A72A7D7FD62A8D7134EA9D7AE
:10B750001678AAD76C8FABD7B064ACD75A8DADD75B
:10B76000C67BAED76968AFD7845EB0D7C588B1D77E
:10B770008659B2D79E64B3D7EE58B4D7B672B5D750
:10B780000E69B6D72595B7D7FD8FB8D7588DB9D7DD
:10B790006057BAD7007FBBD7068CBCD7C651BDD780
:10B7A0004963BED7D962BFD75353C0D74C68C1D7FE
:10B7B0002274C2D70183C3D74C91C4D74455C5D78F
:10B7C0004077C6D77C70C7D74A6DC8D77951C9D7DB
:10B7D000A854CAD7448DCBD7FF59CCD7CB6ECDD781
:10B7E000C46DCED75C5BCFD72B7DD0D7D44ED1D70D
:10B7F0007D7CD2D7D36ED3D7505BD4D7EA81D5D74F
:10B800000D6ED6D7575BD7D7039BD8D7D568D9D776
:10B810002A8EDAD7975BDBD7FC7EDCD73B60DDD79F
:10B82000B57EDED7B990DFD7708DE0D74F59E1D71D
:10B83000CD63E2D7DF79E3D7B38DE4D75253E5D7B1
:10B84000CF65E6D75679E7D7C58BE8D73B96E9D7DA
:10B85000C47EEAD7BB94EBD7827EECD73456EDD7C3
:10B860008991EED70067EFD76A7FF0D70A5CF1D7EE
:10B870007590F2D72866F3D7E65DF4D7504FF5D729
:10B88000DE67F6D75A50F7D75C4FF8D75057F9D73D
:10B89000A75E40D8388C41D8398C42D83A8C43D8EE
:10B8A0003B8C44D83C8C45D83D8C46D83E8C47D800
:10B8B0003F8C48D8408C49D8428C4AD8438C4BD8CE
:10B8C000448C4CD8458C4DD8488C4ED84A8C4FD897
:10B8D0004B8C50D84D8C51D84E8C52D84F8C53D85D
:10B8E000508C54D8518C55D8528C56D8538C57D82C
:10B8F000548C58D8568C59D8578C5AD8588C5BD8F9
:10B90000598C5CD85B8C5DD85C8C5ED85D8C5FD8C4
:10B910005E8C60D85F8C61D8608C62D8638C63D891
:10B92000648C64D8658C65D8668C66D8678C67D85B
:10B93000688C68D8698C69D86C8C6AD86D8C6BD827
:10B940006E8C6CD86F8C6DD8708C6ED8718C6FD8F3
:10B95000728C70D8748C71D8758C72D8768C73D8C0
:10B96000778C74D87B8C75D87C8C76D87D8C77D886
:10B970007E8C78D87F8C79D8808C7AD8818C7BD853
:10B98000838C7CD8848C7DD8868C7ED8878C80D81C
:10B99000888C81D88B8C82D88D8C83D88E8C84D8DF
:10B9A0008F8C85D8908C86D8918C87D8928C88D8AB
:10B9B000938C89D8958C8AD8968C8BD8978C8CD878
:10B9C000998C8DD89A8C8ED89B8C8FD89C8C90D843
:10B9D0009D8C91D89E8C92D89F8C93D8A08C94D813
:10B9E000A18C95D8A28C96D8A38C97D8A48C98D8E3
:10B9F000A58C99D8A68C9AD8A78C9BD8A88C9CD8B3
:10BA0000A98C9DD8AA8C9ED8AB8C9FD8AC8CA0D882
:10BA1000AD8CA1D88D4EA2D80C4EA3D84051A4D83D
:10BA2000104EA5D8FF5EA6D84553A7D8154EA8D866
:10BA3000984EA9D81E4EAAD8329BABD86C5BACD816
:10BA40006956ADD8284EAED8BA79AFD83F4EB0D8E7
:10BA50001553B1D8474EB2D82D59B3D83B72B4D88C
:10BA60006E53B5D8106CB6D8DF56B7D8E480B8D8C6
:10BA70009799B9D8D36BBAD87E77BBD8179FBCD863
:10BA8000364EBDD89F4EBED8109FBFD85C4EC0D892
:10BA9000694EC1D8934EC2D88882C3D85B5BC4D8E4
:10BAA0006C55C5D80F56C6D8C44EC7D88D53C8D804
:10BAB0009D53C9D8A353CAD8A553CBD8AE53CCD81D
:10BAC0006597CDD85D8DCED81A53CFD8F553D0D841
:10BAD0002653D1D82E53D2D83E53D3D85C8DD4D848
:10BAE0006653D5D86353D6D80252D7D80852D8D87F
:10BAF0000E52D9D82D52DAD83352DBD83F52DCD887
:10BB00004052DDD84C52DED85E52DFD86152E0D8C8
:10BB10005C52E1D8AF84E2D87D52E3D88252E4D8B7
:10BB20008152E5D89052E6D89352E7D88251E8D8AE
:10BB3000547FE9D8BB4EEAD8C34EEBD8C94EECD8F7
:10BB4000C24EEDD8E84EEED8E14EEFD8EB4EF0D82D
:10BB5000DE4EF1D81B4FF2D8F34EF3D8224FF4D873
:10BB6000644FF5D8F54EF6D8254FF7D8274FF8D8BB
:10BB7000094FF9D82B4FFAD85E4FFBD8674FFCD846
:10BB80003865FDD85A4FFED85D4F40D9AE8C41D9AB
:10BB9000AF8C42D9B08C43D9B18C44D9B28C45D941
:10BBA000B38C46D9B48C47D9B58C48D9B68C49D911
:10BBB000B78C4AD9B88C4BD9B98C4CD9BA8C4DD9E1
:10BBC000BB8C4ED9BC8C4FD9BD8C50D9BE8C51D9B1
:10BBD000BF8C52D9C08C53D9C18C54D9C28C55D981
:10BBE000C38C56D9C48C57D9C58C58D9C68C59D951
:10BBF000C78C5AD9C88C5BD9C98C5CD9CA8C5DD921
:10BC0000CB8C5ED9CC8C5FD9CD8C60D9CE8C61D9F0
:10BC1000CF8C62D9D08C63D9D18C64D9D28C65D9C0
:10BC2000D38C66D9D48C67D9D58C68D9D68C69D990
:10BC3000D78C6AD9D88C6BD9D98C6CD9DA8C6DD960
:10BC4000DB8C6ED9DC8C6FD9DD8C70D9DE8C71D930
:10BC5000DF8C72D9E08C73D9E18C74D9E28C75D900
:10BC6000E38C76D9E48C77D9E58C78D9E68C79D9D0
:10BC7000E78C7AD9E88C7BD9E98C7CD9EA8C7DD9A0
:10BC8000EB8C7ED9EC8C80D9ED8C81D9EE8C82D96D
:10BC9000EF8C83D9F08C84D9F18C85D9F28C86D93C
:10BCA000F38C87D9F48C88D9F58C89D9F68C8AD90C
:10BCB000F78C8BD9F88C8CD9F98C8DD9FA8C8ED9DC
:10BCC000FB8C8FD9FC8C90D9FD8C91D9FE8C92D9AC
:10BCD000FF8C93D9008D94D9018D95D9028D96D979
:10BCE000038D97D9048D98D9058D99D9068D9AD948
:10BCF000078D9BD9088D9CD9098D9DD90A8D9ED918
:10BD00000B8D9FD90C8DA0D90D8DA1D95F4FA2D9D4
:10BD1000574FA3D9324FA4D93D4FA5D9764FA6D9B5
:10BD2000744FA7D9914FA8D9894FA9D9834FAAD9C0
:10BD30008F4FABD97E4FACD97B4FADD9AA4FAED97F
:10BD40007C4FAFD9AC4FB0D9944FB1D9E64FB2D9EF
:10BD5000E84FB3D9EA4FB4D9C54FB5D9DA4FB6D900
:10BD6000E34FB7D9DC4FB8D9D14FB9D9DF4FBAD9E2
:10BD7000F84FBBD92950BCD94C50BDD9F34FBED9CF
:10BD80002C50BFD90F50C0D92E50C1D92D50C2D977
:10BD9000FE4FC3D91C50C4D90C50C5D92550C6D9A3
:10BDA0002850C7D97E50C8D94350C9D95550CAD98F
:10BDB0004850CBD94E50CCD96C50CDD97B50CED930
:10BDC000A550CFD9A750D0D9A950D1D9BA50D2D9DE
:10BDD000D650D3D90651D4D9ED50D5D9EC50D6D9B7
:10BDE000E650D7D9EE50D8D90751D9D90B51DAD965
:10BDF000DD4EDBD93D6CDCD9584FDDD9654FDED93E
:10BE0000CE4FDFD9A09FE0D9466CE1D9747CE2D94E
:10BE10006E51E3D9FD5DE4D9C99EE5D99899E6D97B
:10BE20008151E7D91459E8D9F952E9D90D53EAD922
:10BE3000078AEBD91053ECD9EB51EDD91959EED94A
:10BE40005551EFD9A04EF0D95651F1D9B34EF2D990
:10BE50006E88F3D9A488F4D9B54EF5D91481F6D9F2
:10BE6000D288F7D98079F8D9345BF9D90388FAD91F
:10BE7000B87FFBD9AB51FCD9B151FDD9BD51FED929
:10BE8000BC5140DA0E8D41DA0F8D42DA108D43DA63
:10BE9000118D44DA128D45DA138D46DA148D47DAA6
:10BEA000158D48DA168D49DA178D4ADA188D4BDA76
:10BEB000198D4CDA1A8D4DDA1B8D4EDA1C8D4FDA46
:10BEC000208D50DA518D51DA528D52DA578D53DA76
:10BED0005F8D54DA658D55DA688D56DA698D57DADB
:10BEE0006A8D58DA6C8D59DA6E8D5ADA6F8D5BDA9D
:10BEF000718D5CDA728D5DDA788D5EDA798D5FDA5C
:10BF00007A8D60DA7B8D61DA7C8D62DA7D8D63DA21
:10BF10007E8D64DA7F8D65DA808D66DA828D67DAF0
:10BF2000838D68DA868D69DA878D6ADA888D6BDAB7
:10BF3000898D6CDA8C8D6DDA8D8D6EDA8E8D6FDA7F
:10BF40008F8D70DA908D71DA928D72DA938D73DA4B
:10BF5000958D74DA968D75DA978D76DA988D77DA15
:10BF6000998D78DA9A8D79DA9B8D7ADA9C8D7BDAE5
:10BF70009D8D7CDA9E8D7DDAA08D7EDAA18D80DAB2
:10BF8000A28D81DAA48D82DAA58D83DAA68D84DA7A
:10BF9000A78D85DAA88D86DAA98D87DAAA8D88DA49
:10BFA000AB8D89DAAC8D8ADAAD8D8BDAAE8D8CDA19
:10BFB000AF8D8DDAB08D8EDAB28D8FDAB68D90DAE4
:10BFC000B78D91DAB98D92DABB8D93DABD8D94DAA3
:10BFD000C08D95DAC18D96DAC28D97DAC58D98DA63
:10BFE000C78D99DAC88D9ADAC98D9BDACA8D9CDA29
:10BFF000CD8D9DDAD08D9EDAD28D9FDAD38DA0DAE9
:10C00000D48DA1DAC751A2DA9651A3DAA251A4DAEB
:10C01000A551A5DAA08BA6DAA68BA7DAA78BA8DA9A
:10C02000AA8BA9DAB48BAADAB58BABDAB78BACDA08
:10C03000C28BADDAC38BAEDACB8BAFDACF8BB0DA93
:10C04000CE8BB1DAD28BB2DAD38BB3DAD48BB4DA4B
:10C05000D68BB5DAD88BB6DAD98BB7DADC8BB8DA0F
:10C06000DF8BB9DAE08BBADAE48BBBDAE88BBCDAC7
:10C07000E98BBDDAEE8BBEDAF08BBFDAF38BC0DA78
:10C08000F68BC1DAF98BC2DAFC8BC3DAFF8BC4DA28
:10C09000008CC5DA028CC6DA048CC7DA078CC8DAE1
:10C0A0000C8CC9DA0F8CCADA118CCBDA128CCCDA90
:10C0B000148CCDDA158CCEDA168CCFDA198CD0DA56
:10C0C0001B8CD1DA188CD2DA1D8CD3DA1F8CD4DA1F
:10C0D000208CD5DA218CD6DA258CD7DA278CD8DAE1
:10C0E0002A8CD9DA2B8CDADA2E8CDBDA2F8CDCDA9C
:10C0F000328CDDDA338CDEDA358CDFDA368CE0DA5E
:10C100006953E1DA7A53E2DA1D96E3DA2296E4DA49
:10C110002196E5DA3196E6DA2A96E7DA3D96E8DA0C
:10C120003C96E9DA4296EADA4996EBDA5496ECDA8A
:10C130005F96EDDA6796EEDA6C96EFDA7296F0DAE1
:10C140007496F1DA8896F2DA8D96F3DA9796F4DA45
:10C15000B096F5DA9790F6DA9B90F7DA9D90F8DAD8
:10C160009990F9DAAC90FADAA190FBDAB490FCDAA3
:10C17000B390FDDAB690FEDABA9040DBD58D41DBA4
:10C18000D88D42DBD98D43DBDC8D44DBE08D45DB94
:10C19000E18D46DBE28D47DBE58D48DBE68D49DB53
:10C1A000E78D4ADBE98D4BDBED8D4CDBEE8D4DDB16
:10C1B000F08D4EDBF18D4FDBF28D50DBF48D51DBDA
:10C1C000F68D52DBFC8D53DBFE8D54DBFF8D55DB92
:10C1D000008E56DB018E57DB028E58DB038E59DB57
:10C1E000048E5ADB068E5BDB078E5CDB088E5DDB24
:10C1F0000B8E5EDB0D8E5FDB0E8E60DB108E61DBE7
:10C20000118E62DB128E63DB138E64DB158E65DBB1
:10C21000168E66DB178E67DB188E68DB198E69DB7E
:10C220001A8E6ADB1B8E6BDB1C8E6CDB208E6DDB4B
:10C23000218E6EDB248E6FDB258E70DB268E71DB0C
:10C24000278E72DB288E73DB2B8E74DB2D8E75DBD5
:10C25000308E76DB328E77DB338E78DB348E79DB93
:10C26000368E7ADB378E7BDB388E7CDB3B8E7DDB5C
:10C270003C8E7EDB3E8E80DB3F8E81DB438E82DB1D
:10C28000458E83DB468E84DB4C8E85DB4D8E86DBD4
:10C290004E8E87DB4F8E88DB508E89DB538E8ADB98
:10C2A000548E8BDB558E8CDB568E8DDB578E8EDB62
:10C2B000588E8FDB5A8E90DB5B8E91DB5C8E92DB2F
:10C2C0005D8E93DB5E8E94DB5F8E95DB608E96DBFE
:10C2D000618E97DB628E98DB638E99DB648E9ADBCE
:10C2E000658E9BDB678E9CDB688E9DDB6A8E9EDB9A
:10C2F0006B8E9FDB6E8EA0DB718EA1DBB890A2DB14
:10C30000B090A3DBCF90A4DBC590A5DBBE90A6DBED
:10C31000D090A7DBC490A8DBC790A9DBD390AADBA1
:10C32000E690ABDBE290ACDBDC90ADDBD790AEDB34
:10C33000DB90AFDBEB90B0DBEF90B1DBFE90B2DBDC
:10C340000491B3DB2291B4DB1E91B5DB2391B6DB04
:10C350003191B7DB2F91B8DB3991B9DB4391BADB6F
:10C360004691BBDB0D52BCDB4259BDDBA252BEDBAA
:10C37000AC52BFDBAD52C0DBBE52C1DBFF54C2DBEF
:10C38000D052C3DBD652C4DBF052C5DBDF53C6DB71
:10C39000EE71C7DBCD77C8DBF45EC9DBF551CADBD4
:10C3A000FC51CBDB2F9BCCDBB653CDDB015FCEDB6F
:10C3B0005A75CFDBEF5DD0DB4C57D1DBA957D2DB11
:10C3C000A157D3DB7E58D4DBBC58D5DBC558D6DBB0
:10C3D000D158D7DB2957D8DB2C57D9DB2A57DADBE2
:10C3E0003357DBDB3957DCDB2E57DDDB2F57DEDB4A
:10C3F0005C57DFDB3B57E0DB4257E1DB6957E2DBB1
:10C400008557E3DB6B57E4DB8657E5DB7C57E6DBE0
:10C410007B57E7DB6857E8DB6D57E9DB7657EADBEC
:10C420007357EBDBAD57ECDBA457EDDB8C57EEDB42
:10C43000B257EFDBCF57F0DBA757F1DBB457F2DB96
:10C440009357F3DBA057F4DBD557F5DBD857F6DB72
:10C45000DA57F7DBD957F8DBD257F9DBB857FADBF5
:10C46000F457FBDBEF57FCDBF857FDDBE457FEDB53
:10C47000DD5740DC738E41DC758E42DC778E43DC09
:10C48000788E44DC798E45DC7A8E46DC7B8E47DC08
:10C490007D8E48DC7E8E49DC808E4ADC828E4BDCD1
:10C4A000838E4CDC848E4DDC868E4EDC888E4FDC99
:10C4B000898E50DC8A8E51DC8B8E52DC8C8E53DC64
:10C4C0008D8E54DC8E8E55DC918E56DC928E57DC30
:10C4D000938E58DC958E59DC968E5ADC978E5BDCF9
:10C4E000988E5CDC998E5DDC9A8E5EDC9B8E5FDCC8
:10C4F0009D8E60DC9F8E61DCA08E62DCA18E63DC91
:10C50000A28E64DCA38E65DCA48E66DCA58E67DC5F
:10C51000A68E68DCA78E69DCA88E6ADCA98E6BDC2F
:10C52000AA8E6CDCAD8E6DDCAE8E6EDCB08E6FDCF8
:10C53000B18E70DCB38E71DCB48E72DCB58E73DCC0
:10C54000B68E74DCB78E75DCB88E76DCB98E77DC8F
:10C55000BB8E78DCBC8E79DCBD8E7ADCBE8E7BDC5B
:10C56000BF8E7CDCC08E7DDCC18E7EDCC28E80DC2A
:10C57000C38E81DCC48E82DCC58E83DCC68E84DCF7
:10C58000C78E85DCC88E86DCC98E87DCCA8E88DCC7
:10C59000CB8E89DCCC8E8ADCCD8E8BDCCF8E8CDC96
:10C5A000D08E8DDCD18E8EDCD28E8FDCD38E90DC63
:10C5B000D48E91DCD58E92DCD68E93DCD78E94DC33
:10C5C000D88E95DCD98E96DCDA8E97DCDB8E98DC03
:10C5D000DC8E99DCDD8E9ADCDE8E9BDCDF8E9CDCD3
:10C5E000E08E9DDCE18E9EDCE28E9FDCE38EA0DCA3
:10C5F000E48EA1DC0B58A2DC0D58A3DCFD57A4DCB3
:10C60000ED57A5DC0058A6DC1E58A7DC1958A8DC9D
:10C610004458A9DC2058AADC6558ABDC6C58ACDC6B
:10C620008158ADDC8958AEDC9A58AFDC8058B0DC5C
:10C63000A899B1DC199FB2DCFF61B3DC7982B4DC6C
:10C640007D82B5DC7F82B6DC8F82B7DC8A82B8DC83
:10C65000A882B9DC8482BADC8E82BBDC9182BCDC2D
:10C660009782BDDC9982BEDCAB82BFDCB882C0DCC5
:10C67000BE82C1DCB082C2DCC882C3DCCA82C4DC38
:10C68000E382C5DC9882C6DCB782C7DCAE82C8DC38
:10C69000CB82C9DCCC82CADCC182CBDCA982CCDCF7
:10C6A000B482CDDCA182CEDCAA82CFDC9F82D0DC3A
:10C6B000C482D1DCCE82D2DCA482D3DCE182D4DCA1
:10C6C0000983D5DCF782D6DCE482D7DC0F83D8DCA3
:10C6D0000783D9DCDC82DADCF482DBDCD282DCDCCE
:10C6E000D882DDDC0C83DEDCFB82DFDCD382E0DCA5
:10C6F0001183E1DC1A83E2DC0683E3DC1483E4DCEF
:10C700001583E5DCE082E6DCD582E7DC1C83E8DC2F
:10C710005183E9DC5B83EADC5C83EBDC0883ECDCE3
:10C720009283EDDC3C83EEDC3483EFDC3183F0DCA0
:10C730009B83F1DC5E83F2DC2F83F3DC4F83F4DC3C
:10C740004783F5DC4383F6DC5F83F7DC4083F8DC6A
:10C750001783F9DC6083FADC2D83FBDC3A83FCDC95
:10C760003383FDDC6683FEDC658340DDE58E41DDE1
:10C77000E68E42DDE78E43DDE88E44DDE98E45DD61
:10C78000EA8E46DDEB8E47DDEC8E48DDED8E49DD31
:10C79000EE8E4ADDEF8E4BDDF08E4CDDF18E4DDD01
:10C7A000F28E4EDDF38E4FDDF48E50DDF58E51DDD1
:10C7B000F68E52DDF78E53DDF88E54DDF98E55DDA1
:10C7C000FA8E56DDFB8E57DDFC8E58DDFD8E59DD71
:10C7D000FE8E5ADDFF8E5BDD008F5CDD018F5DDD3F
:10C7E000028F5EDD038F5FDD048F60DD058F61DD0D
:10C7F000068F62DD078F63DD088F64DD098F65DDDD
:10C800000A8F66DD0B8F67DD0C8F68DD0D8F69DDAC
:10C810000E8F6ADD0F8F6BDD108F6CDD118F6DDD7C
:10C82000128F6EDD138F6FDD148F70DD158F71DD4C
:10C83000168F72DD178F73DD188F74DD198F75DD1C
:10C840001A8F76DD1B8F77DD1C8F78DD1D8F79DDEC
:10C850001E8F7ADD1F8F7BDD208F7CDD218F7DDDBC
:10C86000228F7EDD238F80DD248F81DD258F82DD89
:10C87000268F83DD278F84DD288F85DD298F86DD58
:10C880002A8F87DD2B8F88DD2C8F89DD2D8F8ADD28
:10C890002E8F8BDD2F8F8CDD308F8DDD318F8EDDF8
:10C8A000328F8FDD338F90DD348F91DD358F92DDC8
:10C8B000368F93DD378F94DD388F95DD398F96DD98
:10C8C0003A8F97DD3B8F98DD3C8F99DD3D8F9ADD68
:10C8D0003E8F9BDD3F8F9CDD408F9DDD418F9EDD38
:10C8E000428F9FDD438FA0DD448FA1DD6883A2DDF1
:10C8F0001B83A3DD6983A4DD6C83A5DD6A83A6DDCC
:10C900006D83A7DD6E83A8DDB083A9DD7883AADD02
:10C91000B383ABDDB483ACDDA083ADDDAA83AEDD34
:10C920009383AFDD9C83B0DD8583B1DD7C83B2DD95
:10C93000B683B3DDA983B4DD7D83B5DDB883B6DD11
:10C940007B83B7DD9883B8DD9E83B9DDA883BADD2C
:10C95000BA83BBDDBC83BCDDC183BDDD0184BEDD2C
:10C96000E583BFDDD883C0DD0758C1DD1884C2DD93
:10C970000B84C3DDDD83C4DDFD83C5DDD683C6DD69
:10C980001C84C7DD3884C8DD1184C9DD0684CADD96
:10C99000D483CBDDDF83CCDD0F84CDDD0384CEDD1E
:10C9A000F883CFDDF983D0DDEA83D1DDC583D2DD25
:10C9B000C083D3DD2684D4DDF083D5DDE183D6DDED
:10C9C0005C84D7DD5184D8DD5A84D9DD5984DADD21
:10C9D0007384DBDD8784DCDD8884DDDD7A84DEDD65
:10C9E0008984DFDD7884E0DD3C84E1DD4684E2DDBE
:10C9F0006984E3DD7684E4DD8C84E5DD8E84E6DD28
:10CA00003184E7DD6D84E8DDC184E9DDCD84EADDD4
:10CA1000D084EBDDE684ECDDBD84EDDDD384EEDD9A
:10CA2000CA84EFDDBF84F0DDBA84F1DDE084F2DD9D
:10CA3000A184F3DDB984F4DDB484F5DD9784F6DDFB
:10CA4000E584F7DDE384F8DD0C85F9DD0D75FADDAD
:10CA50003885FBDDF084FCDD3985FDDD1F85FEDDDD
:10CA60003A8540DE458F41DE468F42DE478F43DE0A
:10CA7000488F44DE498F45DE4A8F46DE4B8F47DEC6
:10CA80004C8F48DE4D8F49DE4E8F4ADE4F8F4BDE96
:10CA9000508F4CDE518F4DDE528F4EDE538F4FDE66
:10CAA000548F50DE558F51DE568F52DE578F53DE36
:10CAB000588F54DE598F55DE5A8F56DE5B8F57DE06
:10CAC0005C8F58DE5D8F59DE5E8F5ADE5F8F5BDED6
:10CAD000608F5CDE618F5DDE628F5EDE638F5FDEA6
:10CAE000648F60DE658F61DE6A8F62DE808F63DE59
:10CAF0008C8F64DE928F65DE9D8F66DEA08F67DE91
:10CB0000A18F68DEA28F69DEA48F6ADEA58F6BDE3F
:10CB1000A68F6CDEA78F6DDEAA8F6EDEAC8F6FDE08
:10CB2000AD8F70DEAE8F71DEAF8F72DEB28F73DECF
:10CB3000B38F74DEB48F75DEB58F76DEB78F77DE98
:10CB4000B88F78DEBA8F79DEBB8F7ADEBC8F7BDE62
:10CB5000BF8F7CDEC08F7DDEC38F7EDEC68F80DE22
:10CB6000C98F81DECA8F82DECB8F83DECC8F84DEDD
:10CB7000CD8F85DECF8F86DED28F87DED68F88DEA3
:10CB8000D78F89DEDA8F8ADEE08F8BDEE18F8CDE55
:10CB9000E38F8DDEE78F8EDEEC8F8FDEEF8F90DE02
:10CBA000F18F91DEF28F92DEF48F93DEF58F94DEBB
:10CBB000F68F95DEFA8F96DEFB8F97DEFC8F98DE80
:10CBC000FE8F99DEFF8F9ADE07909BDE08909CDE39
:10CBD0000C909DDE0E909EDE13909FDE1590A0DEE1
:10CBE0001890A1DE5685A2DE3B85A3DEFF84A4DE7D
:10CBF000FC84A5DE5985A6DE4885A7DE6885A8DE0B
:10CC00006485A9DE5E85AADE7A85ABDEA277ACDE1E
:10CC10004385ADDE7285AEDE7B85AFDEA485B0DEFA
:10CC2000A885B1DE8785B2DE8F85B3DE7985B4DE77
:10CC3000AE85B5DE9C85B6DE8585B7DEB985B8DE06
:10CC4000B785B9DEB085BADED385BBDEC185BCDE73
:10CC5000DC85BDDEFF85BEDE2786BFDE0586C0DE45
:10CC60002986C1DE1686C2DE3C86C3DEFE5EC4DED9
:10CC7000085FC5DE3C59C6DE4159C7DE3780C8DED5
:10CC80005559C9DE5A59CADE5859CBDE0F53CCDE8E
:10CC9000225CCDDE255CCEDE2C5CCFDE345CD0DECB
:10CCA0004C62D1DE6A62D2DE9F62D3DEBB62D4DE2A
:10CCB000CA62D5DEDA62D6DED762D7DEEE62D8DEB1
:10CCC0002263D9DEF662DADE3963DBDE4B63DCDE5B
:10CCD0004363DDDEAD63DEDEF663DFDE7163E0DE7F
:10CCE0007A63E1DE8E63E2DEB463E3DE6D63E4DE8D
:10CCF000AC63E5DE8A63E6DE6963E7DEAE63E8DE49
:10CD0000BC63E9DEF263EADEF863EBDEE063ECDEEF
:10CD1000FF63EDDEC463EEDEDE63EFDECE63F0DEE6
:10CD20005264F1DEC663F2DEBE63F3DE4564F4DE18
:10CD30004164F5DE0B64F6DE1B64F7DE2064F8DE8A
:10CD40000C64F9DE2664FADE2164FBDE5E64FCDE40
:10CD50008464FDDE6D64FEDE966440DF199041DF81
:10CD60001C9042DF239043DF249044DF259045DF71
:10CD7000279046DF289047DF299048DF2A9049DF37
:10CD80002B904ADF2C904BDF30904CDF31904DDF01
:10CD900032904EDF33904FDF349050DF379051DFC9
:10CDA000399052DF3A9053DF3D9054DF3F9055DF8A
:10CDB000409056DF439057DF459058DF469059DF4B
:10CDC00048905ADF49905BDF4A905CDF4B905DDF13
:10CDD0004C905EDF4E905FDF549060DF559061DFD6
:10CDE000569062DF599063DF5A9064DF5C9065DF94
:10CDF0005D9066DF5E9067DF5F9068DF609069DF5F
:10CE000061906ADF64906BDF66906CDF67906DDF26
:10CE100069906EDF6A906FDF6B9070DF6C9071DFEE
:10CE20006F9072DF709073DF719074DF729075DFB6
:10CE3000739076DF769077DF779078DF789079DF80
:10CE400079907ADF7A907BDF7B907CDF7C907DDF4E
:10CE50007E907EDF819080DF849081DF859082DF0D
:10CE6000869083DF879084DF899085DF8A9086DFD4
:10CE70008C9087DF8D9088DF8E9089DF8F908ADF9E
:10CE800090908BDF92908CDF94908DDF96908EDF68
:10CE900098908FDF9A9090DF9C9091DF9E9092DF28
:10CEA0009F9093DFA09094DFA49095DFA59096DFEC
:10CEB000A79097DFA89098DFA99099DFAB909ADFB1
:10CEC000AD909BDFB2909CDFB7909DDFBC909EDF62
:10CED000BD909FDFBF90A0DFC090A1DF7A64A2DF8A
:10CEE000B764A3DFB864A4DF9964A5DFBA64A6DFE2
:10CEF000C064A7DFD064A8DFD764A9DFE464AADF39
:10CF0000E264ABDF0965ACDF2565ADDF2E65AEDF22
:10CF10000B5FAFDFD25FB0DF1975B1DF115FB2DF3A
:10CF20005F53B3DFF153B4DFFD53B5DFE953B6DF31
:10CF3000E853B7DFFB53B8DF1254B9DF1654BADF3A
:10CF40000654BBDF4B54BCDF5254BDDF5354BEDF2D
:10CF50005454BFDF5654C0DF4354C1DF2154C2DFF5
:10CF60005754C3DF5954C4DF2354C5DF3254C6DFDE
:10CF70008254C7DF9454C8DF7754C9DF7154CADFC5
:10CF80006454CBDF9A54CCDF9B54CDDF8454CEDF86
:10CF90007654CFDF6654D0DF9D54D1DFD054D2DF3A
:10CFA000AD54D3DFC254D4DFB454D5DFD254D6DF6E
:10CFB000A754D7DFA654D8DFD354D9DFD454DADF4F
:10CFC0007254DBDFA354DCDFD554DDDFBB54DEDF7E
:10CFD000BF54DFDFCC54E0DFD954E1DFDA54E2DFC5
:10CFE000DC54E3DFA954E4DFAA54E5DFA454E6DF10
:10CFF000DD54E7DFCF54E8DFDE54E9DF1B55EADF1D
:10D00000E754EBDF2055ECDFFD54EDDF1455EEDF88
:10D01000F354EFDF2255F0DF2355F1DF0F55F2DF38
:10D020001155F3DF2755F4DF2A55F5DF6755F6DF95
:10D030008F55F7DFB555F8DF4955F9DF6D55FADF44
:10D040004155FBDF5555FCDF3F55FDDF5055FEDFF9
:10D050003C5540E0C29041E0C39042E0C69043E0BE
:10D06000C89044E0C99045E0CB9046E0CC9047E0C2
:10D07000CD9048E0D29049E0D4904AE0D5904BE082
:10D08000D6904CE0D8904DE0D9904EE0DA904FE049
:10D09000DE9050E0DF9051E0E09052E0E39053E00A
:10D0A000E49054E0E59055E0E99056E0EA9057E0CE
:10D0B000EC9058E0EE9059E0F0905AE0F1905BE08F
:10D0C000F2905CE0F3905DE0F5905EE0F6905FE05A
:10D0D000F79060E0F99061E0FA9062E0FB9063E025
:10D0E000FC9064E0FF9065E0009166E0019167E0EC
:10D0F000039168E0059169E006916AE007916BE0B1
:10D1000008916CE009916DE00A916EE00B916FE07F
:10D110000C9170E00D9171E00E9172E00F9173E04F
:10D12000109174E0119175E0129176E0139177E01F
:10D13000149178E0159179E016917AE017917BE0EF
:10D1400018917CE01A917DE01B917EE01C9180E0BB
:10D150001D9181E01F9182E0209183E0219184E084
:10D16000249185E0259186E0269187E0279188E04B
:10D17000289189E029918AE02A918BE02B918CE01B
:10D180002C918DE02D918EE02E918FE0309190E0EA
:10D19000329191E0339192E0349193E0359194E0B3
:10D1A000369195E0379196E0389197E03A9198E082
:10D1B0003B9199E03C919AE03D919BE03E919CE04F
:10D1C0003F919DE040919EE041919FE04291A0E01F
:10D1D0004491A1E03755A2E05655A3E07555A4E06F
:10D1E0007655A5E07755A6E03355A7E03055A8E081
:10D1F0005C55A9E08B55AAE0D255ABE08355ACE075
:10D20000B155ADE0B955AEE08855AFE08155B0E01D
:10D210009F55B1E07E55B2E0D655B3E09155B4E0EC
:10D220007B55B5E0DF55B6E0BD55B7E0BE55B8E07B
:10D230009455B9E09955BAE0EA55BBE0F755BCE022
:10D24000C955BDE01F56BEE0D155BFE0EB55C0E06B
:10D25000EC55C1E0D455C2E0E655C3E0DD55C4E06D
:10D26000C455C5E0EF55C6E0E555C7E0F255C8E046
:10D27000F355C9E0CC55CAE0CD55CBE0E855CCE03C
:10D28000F555CDE0E455CEE0948FCFE01E56D0E0CA
:10D290000856D1E00C56D2E00156D3E02456D4E033
:10D2A0002356D5E0FE55D6E00056D7E02756D8E005
:10D2B0002D56D9E05856DAE03956DBE05756DCE017
:10D2C0002C56DDE04D56DEE06256DFE05956E0E0D8
:10D2D0005C56E1E04C56E2E05456E3E08656E4E06A
:10D2E0006456E5E07156E6E06B56E7E07B56E8E011
:10D2F0007C56E9E08556EAE09356EBE0AF56ECE069
:10D30000D456EDE0D756EEE0DD56EFE0E156F0E022
:10D31000F556F1E0EB56F2E0F956F3E0FF56F4E093
:10D320000457F5E00A57F6E00957F7E01C57F8E014
:10D330000F5EF9E0195EFAE0145EFBE0115EFCE0BE
:10D34000315EFDE03B5EFEE03C5E40E1459141E147
:10D35000479142E1489143E1519144E1539145E1C4
:10D36000549146E1559147E1569148E1589149E180
:10D3700059914AE15B914BE15C914CE15F914DE148
:10D3800060914EE166914FE1679150E1689151E102
:10D390006B9152E16D9153E1739154E17A9155E1B2
:10D3A0007B9156E17C9157E1809158E1819159E15F
:10D3B00082915AE183915BE184915CE186915DE128
:10D3C00088915EE18A915FE18E9160E18F9161E1E8
:10D3D000939162E1949163E1959164E1969165E1A5
:10D3E000979166E1989167E1999168E19C9169E173
:10D3F0009D916AE19E916BE19F916CE1A0916DE13D
:10D40000A1916EE1A4916FE1A59170E1A69171E106
:10D41000A79172E1A89173E1A99174E1AB9175E1D3
:10D42000AC9176E1B09177E1B19178E1B29179E197
:10D43000B3917AE1B6917BE1B7917CE1B8917DE15E
:10D44000B9917EE1BB9180E1BC9181E1BD9182E126
:10D45000BE9183E1BF9184E1C09185E1C19186E1F4
:10D46000C29187E1C39188E1C49189E1C5918AE1C4
:10D47000C6918BE1C8918CE1CB918DE1D0918EE189
:10D48000D2918FE1D39190E1D49191E1D59192E144
:10D49000D69193E1D79194E1D89195E1D99196E114
:10D4A000DA9197E1DB9198E1DD9199E1DE919AE1E2
:10D4B000DF919BE1E0919CE1E1919DE1E2919EE1B0
:10D4C000E3919FE1E491A0E1E591A1E1375EA2E162
:10D4D000445EA3E1545EA4E15B5EA5E15E5EA6E16D
:10D4E000615EA7E18C5CA8E17A5CA9E18D5CAAE1B0
:10D4F000905CABE1965CACE1885CADE1985CAEE140
:10D50000995CAFE1915CB0E19A5CB1E19C5CB2E105
:10D51000B55CB3E1A25CB4E1BD5CB5E1AC5CB6E185
:10D52000AB5CB7E1B15CB8E1A35CB9E1C15CBAE165
:10D53000B75CBBE1C45CBCE1D25CBDE1E45CBEE1D4
:10D54000CB5CBFE1E55CC0E1025DC1E1035DC2E12E
:10D55000275DC3E1265DC4E12E5DC5E1245DC6E122
:10D560001E5DC7E1065DC8E11B5DC9E1585DCAE10A
:10D570003E5DCBE1345DCCE13D5DCDE16C5DCEE166
:10D580005B5DCFE16F5DD0E15D5DD1E16B5DD2E1CF
:10D590004B5DD3E14A5DD4E1695DD5E1745DD6E1CF
:10D5A000825DD7E1995DD8E19D5DD9E1738CDAE1C7
:10D5B000B75DDBE1C55DDCE1735FDDE1775FDEE197
:10D5C000825FDFE1875FE0E1895FE1E18C5FE2E1BB
:10D5D000955FE3E1995FE4E19C5FE5E1A85FE6E147
:10D5E000AD5FE7E1B55FE8E1BC5FE9E16288EAE1F0
:10D5F000615FEBE1AD72ECE1B072EDE1B472EEE1CE
:10D60000B772EFE1B872F0E1C372F1E1C172F2E119
:10D61000CE72F3E1CD72F4E1D272F5E1E872F6E197
:10D62000EF72F7E1E972F8E1F272F9E1F472FAE10E
:10D63000F772FBE10173FCE1F372FDE10373FEE1BC
:10D64000FA7240E2E69141E2E79142E2E89143E278
:10D65000E99144E2EA9145E2EB9146E2EC9147E23E
:10D66000ED9148E2EE9149E2EF914AE2F0914BE20E
:10D67000F1914CE2F2914DE2F3914EE2F4914FE2DE
:10D68000F59150E2F69151E2F79152E2F89153E2AE
:10D69000F99154E2FA9155E2FB9156E2FC9157E27E
:10D6A000FD9158E2FE9159E2FF915AE200925BE24D
:10D6B00001925CE202925DE203925EE204925FE21A
:10D6C000059260E2069261E2079262E2089263E2EA
:10D6D000099264E20A9265E20B9266E20C9267E2BA
:10D6E0000D9268E20E9269E20F926AE210926BE28A
:10D6F00011926CE212926DE213926EE214926FE25A
:10D70000159270E2169271E2179272E2189273E229
:10D71000199274E21A9275E21B9276E21C9277E2F9
:10D720001D9278E21E9279E21F927AE220927BE2C9
:10D7300021927CE222927DE223927EE2249280E298
:10D74000259281E2269282E2279283E2289284E265
:10D75000299285E22A9286E22B9287E22C9288E235
:10D760002D9289E22E928AE22F928BE230928CE205
:10D7700031928DE232928EE233928FE2349290E2D5
:10D78000359291E2369292E2379293E2389294E2A5
:10D79000399295E23A9296E23B9297E23C9298E275
:10D7A0003D9299E23E929AE23F929BE240929CE245
:10D7B00041929DE242929EE243929FE24492A0E215
:10D7C0004592A1E2FB72A2E21773A3E21373A4E2F3
:10D7D0002173A5E20A73A6E21E73A7E21D73A8E2F5
:10D7E0001573A9E22273AAE23973ABE22573ACE2A6
:10D7F0002C73ADE23873AEE23173AFE25073B0E236
:10D800004D73B1E25773B2E26073B3E26C73B4E28A
:10D810006F73B5E27E73B6E21B82B7E22559B8E2B8
:10D82000E798B9E22459BAE20259BBE26399BCE233
:10D830006799BDE26899BEE26999BFE26A99C0E260
:10D840006B99C1E26C99C2E27499C3E27799C4E220
:10D850007D99C5E28099C6E28499C7E28799C8E2BA
:10D860008A99C9E28D99CAE29099CBE29199CCE26A
:10D870009399CDE29499CEE29599CFE2805ED0E281
:10D88000915ED1E28B5ED2E2965ED3E2A55ED4E2F7
:10D89000A05ED5E2B95ED6E2B55ED7E2BE5ED8E262
:10D8A000B35ED9E2538DDAE2D25EDBE2D15EDCE236
:10D8B000DB5EDDE2E85EDEE2EA5EDFE2BA81E0E264
:10D8C000C45FE1E2C95FE2E2D65FE3E2CF5FE4E298
:10D8D0000360E5E2EE5FE6E20460E7E2E15FE8E2D2
:10D8E000E45FE9E2FE5FEAE20560EBE20660ECE29B
:10D8F000EA5FEDE2ED5FEEE2F85FEFE21960F0E281
:10D900003560F1E22660F2E21B60F3E20F60F4E2C0
:10D910000D60F5E22960F6E22B60F7E20A60F8E2BA
:10D920003F60F9E22160FAE27860FBE27960FCE2B4
:10D930007B60FDE27A60FEE2426040E3469241E3B2
:10D94000479242E3489243E3499244E34A9245E3D3
:10D950004B9246E34C9247E34D9248E34E9249E3A3
:10D960004F924AE350924BE351924CE352924DE373
:10D9700053924EE354924FE3559250E3569251E343
:10D98000579252E3589253E3599254E35A9255E313
:10D990005B9256E35C9257E35D9258E35E9259E3E3
:10D9A0005F925AE360925BE361925CE362925DE3B3
:10D9B00063925EE364925FE3659260E3669261E383
:10D9C000679262E3689263E3699264E36A9265E353
:10D9D0006B9266E36C9267E36D9268E36E9269E323
:10D9E0006F926AE370926BE371926CE372926DE3F3
:10D9F00073926EE375926FE3769270E3779271E3C0
:10DA0000789272E3799273E37A9274E37B9275E38E
:10DA10007C9276E37D9277E37E9278E37F9279E35E
:10DA200080927AE381927BE382927CE383927DE32E
:10DA300084927EE3859280E3869281E3879282E3FB
:10DA4000889283E3899284E38A9285E38B9286E3CA
:10DA50008C9287E38D9288E38F9289E390928AE398
:10DA600091928BE392928CE393928DE394928EE366
:10DA700095928FE3969290E3979291E3989292E336
:10DA8000999293E39A9294E39B9295E39C9296E306
:10DA90009D9297E39E9298E39F9299E3A0929AE3D6
:10DAA000A1929BE3A2929CE3A3929DE3A4929EE3A6
:10DAB000A5929FE3A692A0E3A792A1E36A60A2E3E6
:10DAC0007D60A3E39660A4E39A60A5E3AD60A6E35E
:10DAD0009D60A7E38360A8E39260A9E38C60AAE35A
:10DAE0009B60ABE3EC60ACE3BB60ADE3B160AEE385
:10DAF000DD60AFE3D860B0E3C660B1E3DA60B2E303
:10DB0000B460B3E32061B4E32661B5E31561B6E325
:10DB10002361B7E3F460B8E30061B9E30E61BAE3EF
:10DB20002B61BBE34A61BCE37561BDE3AC61BEE35D
:10DB30009461BFE3A761C0E3B761C1E3D461C2E30D
:10DB4000F561C3E3DD5FC4E3B396C5E3E995C6E3DE
:10DB5000EB95C7E3F195C8E3F395C9E3F595CAE3FF
:10DB6000F695CBE3FC95CCE3FE95CDE30396CEE3AF
:10DB70000496CFE30696D0E30896D1E30A96D2E363
:10DB80000B96D3E30C96D4E30D96D5E30F96D6E32C
:10DB90001296D7E31596D8E31696D9E31796DAE3EB
:10DBA0001996DBE31A96DCE32C4EDDE33F72DEE3ED
:10DBB0001562DFE3356CE0E3546CE1E35C6CE2E3B7
:10DBC0004A6CE3E3A36CE4E3856CE5E3906CE6E385
:10DBD000946CE7E38C6CE8E3686CE9E3696CEAE376
:10DBE000746CEBE3766CECE3866CEDE3A96CEEE32E
:10DBF000D06CEFE3D46CF0E3AD6CF1E3F76CF2E3DF
:10DC0000F86CF3E3F16CF4E3D76CF5E3B26CF6E394
:10DC1000E06CF7E3D66CF8E3FA6CF9E3EB6CFAE34B
:10DC2000EE6CFBE3B16CFCE3D36CFDE3EF6CFEE365
:10DC3000FE6C40E4A89241E4A99242E4AA9243E433
:10DC4000AB9244E4AC9245E4AD9246E4AF9247E433
:10DC5000B09248E4B19249E4B2924AE4B3924BE400
:10DC6000B4924CE4B5924DE4B6924EE4B7924FE4D0
:10DC7000B89250E4B99251E4BA9252E4BB9253E4A0
:10DC8000BC9254E4BD9255E4BE9256E4BF9257E470
:10DC9000C09258E4C19259E4C2925AE4C3925BE440
:10DCA000C4925CE4C5925DE4C6925EE4C7925FE410
:10DCB000C99260E4CA9261E4CB9262E4CC9263E4DC
:10DCC000CD9264E4CE9265E4CF9266E4D09267E4AC
:10DCD000D19268E4D29269E4D3926AE4D4926BE47C
:10DCE000D5926CE4D6926DE4D7926EE4D8926FE44C
:10DCF000D99270E4DA9271E4DB9272E4DC9273E41C
:10DD0000DD9274E4DE9275E4DF9276E4E09277E4EB
:10DD1000E19278E4E29279E4E3927AE4E4927BE4BB
:10DD2000E5927CE4E6927DE4E7927EE4E89280E48A
:10DD3000E99281E4EA9282E4EB9283E4EC9284E457
:10DD4000ED9285E4EE9286E4EF9287E4F09288E427
:10DD5000F19289E4F2928AE4F3928BE4F4928CE4F7
:10DD6000F5928DE4F6928EE4F7928FE4F89290E4C7
:10DD7000F99291E4FA9292E4FB9293E4FC9294E497
:10DD8000FD9295E4FE9296E4FF9297E4009398E466
:10DD9000019399E402939AE403939BE404939CE433
:10DDA00005939DE406939EE407939FE40893A0E403
:10DDB0000993A1E4396DA2E4276DA3E40C6DA4E4FA
:10DDC000436DA5E4486DA6E4076DA7E4046DA8E4DF
:10DDD000196DA9E40E6DAAE42B6DABE44D6DACE4B6
:10DDE0002E6DADE4356DAEE41A6DAFE44F6DB0E469
:10DDF000526DB1E4546DB2E4336DB3E4916DB4E4AB
:10DE00006F6DB5E49E6DB6E4A06DB7E45E6DB8E4E9
:10DE1000936DB9E4946DBAE45C6DBBE4606DBCE4F1
:10DE20007C6DBDE4636DBEE41A6EBFE4C76DC0E4F3
:10DE3000C56DC1E4DE6DC2E40E6EC3E4BF6DC4E423
:10DE4000E06DC5E4116EC6E4E66DC7E4DD6DC8E4BF
:10DE5000D96DC9E4166ECAE4AB6DCBE40C6ECCE4AC
:10DE6000AE6DCDE42B6ECEE46E6ECFE44E6ED0E49C
:10DE70006B6ED1E4B26ED2E45F6ED3E4866ED4E40E
:10DE8000536ED5E4546ED6E4326ED7E4256ED8E4F2
:10DE9000446ED9E4DF6EDAE4B16EDBE4986EDCE464
:10DEA000E06EDDE42D6FDEE4E26EDFE4A56EE0E41B
:10DEB000A76EE1E4BD6EE2E4BB6EE3E4B76EE4E4BA
:10DEC000D76EE5E4B46EE6E4CF6EE7E48F6EE8E487
:10DED000C26EE9E49F6EEAE4626FEBE4466FECE445
:10DEE000476FEDE4246FEEE4156FEFE4F96EF0E4B4
:10DEF0002F6FF1E4366FF2E44B6FF3E4746FF4E4E8
:10DF00002A6FF5E4096FF6E4296FF7E4896FF8E406
:10DF10008D6FF9E48C6FFAE4786FFBE4726FFCE4C8
:10DF20007C6FFDE47A6FFEE4D16F40E50A9341E532
:10DF30000B9342E50C9343E50D9344E50E9345E5C1
:10DF40000F9346E5109347E5119348E5129349E591
:10DF500013934AE514934BE515934CE516934DE561
:10DF600017934EE518934FE5199350E51A9351E531
:10DF70001B9352E51C9353E51D9354E51E9355E501
:10DF80001F9356E5209357E5219358E5229359E5D1
:10DF900023935AE524935BE525935CE526935DE5A1
:10DFA00027935EE528935FE5299360E52A9361E571
:10DFB0002B9362E52C9363E52D9364E52E9365E541
:10DFC0002F9366E5309367E5319368E5329369E511
:10DFD00033936AE534936BE535936CE536936DE5E1
:10DFE00037936EE538936FE5399370E53A9371E5B1
:10DFF0003B9372E53C9373E53D9374E53F9375E580
:10E00000409376E5419377E5429378E5439379E54C
:10E0100044937AE545937BE546937CE547937DE51C
:10E0200048937EE5499380E54A9381E54B9382E5E9
:10E030004C9383E54D9384E54E9385E54F9386E5B8
:10E04000509387E5519388E5529389E553938AE588
:10E0500054938BE555938CE556938DE557938EE558
:10E0600058938FE5599390E55A9391E55B9392E528
:10E070005C9393E55D9394E55E9395E55F9396E5F8
:10E08000609397E5619398E5629399E563939AE5C8
:10E0900064939BE565939CE566939DE567939EE598
:10E0A00068939FE56993A0E56B93A1E5C96FA2E52D
:10E0B000A76FA3E5B96FA4E5B66FA5E5C26FA6E5A6
:10E0C000E16FA7E5EE6FA8E5DE6FA9E5E06FAAE5D1
:10E0D000EF6FABE51A70ACE52370ADE51B70AEE5F4
:10E0E0003970AFE53570B0E54F70B1E55E70B2E5FF
:10E0F000805BB3E5845BB4E5955BB5E5935BB6E522
:10E10000A55BB7E5B85BB8E52F75B9E59E9ABAE5AA
:10E110003464BBE5E45BBCE5EE5BBDE53089BEE5A0
:10E12000F05BBFE5478EC0E5078BC1E5B68FC2E562
:10E13000D38FC3E5D58FC4E5E58FC5E5EE8FC6E582
:10E14000E48FC7E5E98FC8E5E68FC9E5F38FCAE537
:10E15000E88FCBE50590CCE50490CDE50B90CEE5BE
:10E160002690CFE51190D0E50D90D1E51690D2E53F
:10E170002190D3E53590D4E53690D5E52D90D6E5C0
:10E180002F90D7E54490D8E55190D9E55290DAE543
:10E190005090DBE56890DCE55890DDE56290DEE5C7
:10E1A0005B90DFE5B966E0E57490E1E57D90E2E53E
:10E1B0008290E3E58890E4E58390E5E58B90E6E5E1
:10E1C000505FE7E5575FE8E5565FE9E5585FEAE548
:10E1D0003B5CEBE5AB54ECE5505CEDE5595CEEE502
:10E1E000715BEFE5635CF0E5665CF1E5BC7FF2E551
:10E1F0002A5FF3E5295FF4E52D5FF5E57482F6E526
:10E200003C5FF7E53B9BF8E56E5CF9E58159FAE583
:10E210008359FBE58D59FCE5A959FDE5AA59FEE5B1
:10E22000A35940E66C9341E66D9342E66E9343E654
:10E230006F9344E6709345E6719346E6729347E622
:10E24000739348E6749349E675934AE676934BE6F2
:10E2500077934CE678934DE679934EE67A934FE6C2
:10E260007B9350E67C9351E67D9352E67E9353E692
:10E270007F9354E6809355E6819356E6829357E662
:10E28000839358E6849359E685935AE686935BE632
:10E2900087935CE688935DE689935EE68A935FE602
:10E2A0008B9360E68C9361E68D9362E68E9363E6D2
:10E2B000909364E6919365E6929366E6939367E69E
:10E2C000949368E6959369E696936AE697936BE66E
:10E2D00098936CE699936DE69A936EE69B936FE63E
:10E2E0009C9370E69D9371E69E9372E69F9373E60E
:10E2F000A09374E6A19375E6A29376E6A39377E6DE
:10E30000A49378E6A59379E6A6937AE6A7937BE6AD
:10E31000A8937CE6A9937DE6AA937EE6AB9380E67C
:10E32000AC9381E6AD9382E6AE9383E6AF9384E649
:10E33000B09385E6B19386E6B29387E6B39388E619
:10E34000B49389E6B5938AE6B6938BE6B7938CE6E9
:10E35000B8938DE6B9938EE6BA938FE6BB9390E6B9
:10E36000BC9391E6BD9392E6BE9393E6BF9394E689
:10E37000C09395E6C19396E6C29397E6C39398E659
:10E38000C49399E6C5939AE6C6939BE6C7939CE629
:10E39000C8939DE6C9939EE6CB939FE6CC93A0E6F7
:10E3A000CD93A1E69759A2E6CA59A3E6AB59A4E6D4
:10E3B0009E59A5E6A459A6E6D259A7E6B259A8E601
:10E3C000AF59A9E6D759AAE6BE59ABE6055AACE65D
:10E3D000065AADE6DD59AEE6085AAFE6E359B0E6B7
:10E3E000D859B1E6F959B2E60C5AB3E6095AB4E67F
:10E3F000325AB5E6345AB6E6115AB7E6235AB8E6A9
:10E40000135AB9E6405ABAE6675ABBE64A5ABCE61E
:10E41000555ABDE63C5ABEE6625ABFE6755AC0E69A
:10E42000EC80C1E6AA5AC2E69B5AC3E6775AC4E614
:10E430007A5AC5E6BE5AC6E6EB5AC7E6B25AC8E6ED
:10E44000D25AC9E6D45ACAE6B85ACBE6E05ACCE664
:10E45000E35ACDE6F15ACEE6D65ACFE6E65AD0E6F2
:10E46000D85AD1E6DC5AD2E6095BD3E6175BD4E68C
:10E47000165BD5E6325BD6E6375BD7E6405BD8E67F
:10E48000155CD9E61C5CDAE65A5BDBE6655BDCE62C
:10E49000735BDDE6515BDEE6535BDFE6625BE0E685
:10E4A000759AE1E6779AE2E6789AE3E67A9AE4E604
:10E4B0007F9AE5E67D9AE6E6809AE7E6819AE8E6C5
:10E4C000859AE9E6889AEAE68A9AEBE6909AECE67B
:10E4D000929AEDE6939AEEE6969AEFE6989AF0E62F
:10E4E0009B9AF1E69C9AF2E69D9AF3E69F9AF4E6EF
:10E4F000A09AF5E6A29AF6E6A39AF7E6A59AF8E6B8
:10E50000A79AF9E69F7EFAE6A17EFBE6A37EFCE6EB
:10E51000A57EFDE6A87EFEE6A97E40E7CE9341E714
:10E52000CF9342E7D09343E7D19344E7D29345E7B3
:10E53000D39346E7D49347E7D59348E7D79349E782
:10E54000D8934AE7D9934BE7DA934CE7DB934DE74F
:10E55000DC934EE7DD934FE7DE9350E7DF9351E71F
:10E56000E09352E7E19353E7E29354E7E39355E7EF
:10E57000E49356E7E59357E7E69358E7E79359E7BF
:10E58000E8935AE7E9935BE7EA935CE7EB935DE78F
:10E59000EC935EE7ED935FE7EE9360E7EF9361E75F
:10E5A000F09362E7F19363E7F29364E7F39365E72F
:10E5B000F49366E7F59367E7F69368E7F79369E7FF
:10E5C000F8936AE7F9936BE7FA936CE7FB936DE7CF
:10E5D000FC936EE7FD936FE7FE9370E7FF9371E79F
:10E5E000009472E7019473E7029474E7039475E76B
:10E5F000049476E7059477E7069478E7079479E73B
:10E6000008947AE709947BE70A947CE70B947DE70A
:10E610000C947EE70D9480E70E9481E70F9482E7D7
:10E62000109483E7119484E7129485E7139486E7A6
:10E63000149487E7159488E7169489E717948AE776
:10E6400018948BE719948CE71A948DE71B948EE746
:10E650001C948FE71D9490E71E9491E71F9492E716
:10E66000209493E7219494E7229495E7239496E7E6
:10E67000249497E7259498E7269499E727949AE7B6
:10E6800028949BE729949CE72A949DE72B949EE786
:10E690002C949FE72D94A0E72E94A1E7AD7EA2E7EE
:10E6A000B07EA3E7BE7EA4E7C07EA5E7C17EA6E755
:10E6B000C27EA7E7C97EA8E7CB7EA9E7CC7EAAE702
:10E6C000D07EABE7D47EACE7D77EADE7DB7EAEE7AE
:10E6D000E07EAFE7E17EB0E7E87EB1E7EB7EB2E750
:10E6E000EE7EB3E7EF7EB4E7F17EB5E7F27EB6E704
:10E6F0000D7FB7E7F67EB8E7FA7EB9E7FB7EBAE7AB
:10E70000FE7EBBE7017FBCE7027FBDE7037FBEE77C
:10E71000077FBFE7087FC0E70B7FC1E70C7FC2E739
:10E720000F7FC3E7117FC4E7127FC5E7177FC6E7F6
:10E73000197FC7E71C7FC8E71B7FC9E71F7FCAE7B0
:10E74000217FCBE7227FCCE7237FCDE7247FCEE775
:10E75000257FCFE7267FD0E7277FD1E72A7FD2E743
:10E760002B7FD3E72C7FD4E72D7FD5E72F7FD6E70C
:10E77000307FD7E7317FD8E7327FD9E7337FDAE7D9
:10E78000357FDBE77A5EDCE77F75DDE7DB5DDEE7C3
:10E790003E75DFE79590E0E78E73E1E79173E2E77E
:10E7A000AE73E3E7A273E4E79F73E5E7CF73E6E7B1
:10E7B000C273E7E7D173E8E7B773E9E7B373EAE752
:10E7C000C073EBE7C973ECE7C873EDE7E573EEE7F9
:10E7D000D973EFE77C98F0E70A74F1E7E973F2E7A1
:10E7E000E773F3E7DE73F4E7BA73F5E7F273F6E77E
:10E7F0000F74F7E72A74F8E75B74F9E72674FAE711
:10E800002574FBE72874FCE73074FDE72E74FEE7FF
:10E810002C7440E82F9441E8309442E8319443E866
:10E82000329444E8339445E8349446E8359447E814
:10E83000369448E8379449E838944AE839944BE8E4
:10E840003A944CE83B944DE83C944EE83D944FE8B4
:10E850003F9450E8409451E8419452E8429453E880
:10E86000439454E8449455E8459456E8469457E850
:10E87000479458E8489459E849945AE84A945BE820
:10E880004B945CE84C945DE84D945EE84E945FE8F0
:10E890004F9460E8509461E8519462E8529463E8C0
:10E8A000539464E8549465E8559466E8569467E890
:10E8B000579468E8589469E859946AE85A946BE860
:10E8C0005B946CE85C946DE85D946EE85E946FE830
:10E8D0005F9470E8609471E8619472E8629473E800
:10E8E000639474E8649475E8659476E8669477E8D0
:10E8F000679478E8689479E869947AE86A947BE8A0
:10E900006C947CE86D947DE86E947EE86F9480E86A
:10E91000709481E8719482E8729483E8739484E837
:10E92000749485E8759486E8769487E8779488E807
:10E93000789489E879948AE87A948BE87B948CE8D7
:10E940007C948DE87D948EE87E948FE87F9490E8A7
:10E95000809491E8819492E8829493E8839494E877
:10E96000849495E8919496E8969497E8989498E81A
:10E97000C79499E8CF949AE8D3949BE8D4949CE800
:10E98000DA949DE8E6949EE8FB949FE81C95A0E845
:10E990002095A1E81B74A2E81A74A3E84174A4E8C6
:10E9A0005C74A5E85774A6E85574A7E85974A8E8FC
:10E9B0007774A9E86D74AAE87E74ABE89C74ACE83F
:10E9C0008E74ADE88074AEE88174AFE88774B0E807
:10E9D0008B74B1E89E74B2E8A874B3E8A974B4E883
:10E9E0009074B5E8A774B6E8D274B7E8BA74B8E81A
:10E9F000EA97B9E8EB97BAE8EC97BBE84C67BCE854
:10EA00005367BDE85E67BEE84867BFE86967C0E86E
:10EA1000A567C1E88767C2E86A67C3E87367C4E8A7
:10EA20009867C5E8A767C6E87567C7E8A867C8E834
:10EA30009E67C9E8AD67CAE88B67CBE87767CCE823
:10EA40007C67CDE8F067CEE80968CFE8D867D0E802
:10EA50000A68D1E8E967D2E8B067D3E80C68D4E87F
:10EA6000D967D5E8B567D6E8DA67D7E8B367D8E8F5
:10EA7000DD67D9E80068DAE8C367DBE8B867DCE897
:10EA8000E267DDE80E68DEE8C167DFE8FD67E0E821
:10EA90003268E1E83368E2E86068E3E86168E4E886
:10EAA0004E68E5E86268E6E84468E7E86468E8E834
:10EAB0008368E9E81D68EAE85568EBE86668ECE811
:10EAC0004168EDE86768EEE84068EFE83E68F0E826
:10EAD0004A68F1E84968F2E82968F3E8B568F4E8BB
:10EAE0008F68F5E87468F6E87768F7E89368F8E8FF
:10EAF0006B68F9E8C268FAE86E69FBE8FC68FCE854
:10EB00001F69FDE82069FEE8F96840E9279541E9B9
:10EB1000339542E93D9543E9439544E9489545E9F4
:10EB20004B9546E9559547E95A9548E9609549E975
:10EB30006E954AE974954BE975954CE977954DE9E1
:10EB400078954EE979954FE97A9550E97B9551E9A9
:10EB50007C9552E97D9553E97E9554E9809555E978
:10EB6000819556E9829557E9839558E9849559E945
:10EB700085955AE986955BE987955CE988955DE915
:10EB800089955EE98A955FE98B9560E98C9561E9E5
:10EB90008D9562E98E9563E98F9564E9909565E9B5
:10EBA000919566E9929567E9939568E9949569E985
:10EBB00095956AE996956BE997956CE998956DE955
:10EBC00099956EE99A956FE99B9570E99C9571E925
:10EBD0009D9572E99E9573E99F9574E9A09575E9F5
:10EBE000A19576E9A29577E9A39578E9A49579E9C5
:10EBF000A5957AE9A6957BE9A7957CE9A8957DE995
:10EC0000A9957EE9AA9580E9AB9581E9AC9582E961
:10EC1000AD9583E9AE9584E9AF9585E9B09586E930
:10EC2000B19587E9B29588E9B39589E9B4958AE900
:10EC3000B5958BE9B6958CE9B7958DE9B8958EE9D0
:10EC4000B9958FE9BA9590E9BB9591E9BC9592E9A0
:10EC5000BD9593E9BE9594E9BF9595E9C09596E970
:10EC6000C19597E9C29598E9C39599E9C4959AE940
:10EC7000C5959BE9C6959CE9C7959DE9C8959EE910
:10EC8000C9959FE9CA95A0E9CB95A1E92469A2E9B4
:10EC9000F068A3E90B69A4E90169A5E95769A6E948
:10ECA000E368A7E91069A8E97169A9E93969AAE9DE
:10ECB0006069ABE94269ACE95D69ADE98469AEE9D7
:10ECC0006B69AFE98069B0E99869B1E97869B2E93F
:10ECD0003469B3E9CC69B4E98769B5E98869B6E90B
:10ECE000CE69B7E98969B8E96669B9E96369BAE9DA
:10ECF0007969BBE99B69BCE9A769BDE9BB69BEE964
:10ED0000AB69BFE9AD69C0E9D469C1E9B169C2E9DC
:10ED1000C169C3E9CA69C4E9DF69C5E99569C6E99A
:10ED2000E069C7E98D69C8E9FF69C9E92F6ACAE9DD
:10ED3000ED69CBE9176ACCE9186ACDE9656ACEE9D5
:10ED4000F269CFE9446AD0E93E6AD1E9A06AD2E922
:10ED5000506AD3E95B6AD4E9356AD5E98E6AD6E9A7
:10ED6000796AD7E93D6AD8E9286AD9E9586ADAE9BF
:10ED70007C6ADBE9916ADCE9906ADDE9A96ADEE98F
:10ED8000976ADFE9AB6AE0E93773E1E95273E2E9D8
:10ED9000816BE3E9826BE4E9876BE5E9846BE6E983
:10EDA000926BE7E9936BE8E98D6BE9E99A6BEAE925
:10EDB0009B6BEBE9A16BECE9AA6BEDE96B8FEEE9DC
:10EDC0006D8FEFE9718FF0E9728FF1E9738FF2E9DE
:10EDD000758FF3E9768FF4E9788FF5E9778FF6E9A7
:10EDE000798FF7E97A8FF8E97C8FF9E97E8FFAE974
:10EDF000818FFBE9828FFCE9848FFDE9878FFEE933
:10EE00008B8F40EACC9541EACD9542EACE9543EA14
:10EE1000CF9544EAD09545EAD19546EAD29547EA9E
:10EE2000D39548EAD49549EAD5954AEAD6954BEA6E
:10EE3000D7954CEAD8954DEAD9954EEADA954FEA3E
:10EE4000DB9550EADC9551EADD9552EADE9553EA0E
:10EE5000DF9554EAE09555EAE19556EAE29557EADE
:10EE6000E39558EAE49559EAE5955AEAE6955BEAAE
:10EE7000E7955CEAEC955DEAFF955EEA07965FEA46
:10EE8000139660EA189661EA1B9662EA1E9663EA98
:10EE9000209664EA239665EA249666EA259667EA50
:10EEA000269668EA279669EA28966AEA29966BEA1E
:10EEB0002B966CEA2C966DEA2D966EEA2F966FEAE9
:10EEC000309670EA379671EA389672EA399673EAA4
:10EED0003A9674EA3E9675EA419676EA439677EA60
:10EEE0004A9678EA4E9679EA4F967AEA51967BEA04
:10EEF00052967CEA53967DEA56967EEA579680EAC9
:10EF0000589681EA599682EA5A9683EA5C9684EA90
:10EF10005D9685EA5E9686EA609687EA639688EA59
:10EF2000659689EA66968AEA6B968BEA6D968CEA14
:10EF30006E968DEA6F968EEA70968FEA719690EAD9
:10EF4000739691EA789692EA799693EA7A9694EA99
:10EF50007B9695EA7C9696EA7D9697EA7E9698EA65
:10EF60007F9699EA80969AEA81969BEA82969CEA35
:10EF700083969DEA84969EEA87969FEA8996A0EA00
:10EF80008A96A1EA8D8FA2EA8E8FA3EA8F8FA4EAD8
:10EF9000988FA5EA9A8FA6EACE8EA7EA0B62A8EA16
:10EFA0001762A9EA1B62AAEA1F62ABEA2262ACEA14
:10EFB0002162ADEA2562AEEA2462AFEA2C62B0EAD1
:10EFC000E781B1EAEF74B2EAF474B3EAFF74B4EA29
:10EFD0000F75B5EA1175B6EA1375B7EA3465B8EA84
:10EFE000EE65B9EAEF65BAEAF065BBEA0A66BCEA23
:10EFF0001966BDEA7267BEEA0366BFEA1566C0EA33
:10F000000066C1EA8570C2EAF766C3EA1D66C4EA13
:10F010003466C5EA3166C6EA3666C7EA3566C8EAC6
:10F020000680C9EA5F66CAEA5466CBEA4166CCEA62
:10F030004F66CDEA5666CEEA6166CFEA5766D0EAF9
:10F040007766D1EA8466D2EA8C66D3EAA766D4EA08
:10F050009D66D5EABE66D6EADB66D7EADC66D8EA04
:10F06000E666D9EAE966DAEA328DDBEA338DDCEA74
:10F07000368DDDEA3B8DDEEA3D8DDFEA408DE0EA4C
:10F08000458DE1EA468DE2EA488DE3EA498DE4EAFE
:10F09000478DE5EA4D8DE6EA558DE7EA598DE8EAB8
:10F0A000C789E9EACA89EAEACB89EBEACC89ECEAC2
:10F0B000CE89EDEACF89EEEAD089EFEAD189F0EA8C
:10F0C0006E72F1EA9F72F2EA5D72F3EA6672F4EA36
:10F0D0006F72F5EA7E72F6EA7F72F7EA8472F8EAF6
:10F0E0008B72F9EA8D72FAEA8F72FBEA9272FCEA8D
:10F0F0000863FDEA3263FEEAB06340EB8C9641EBB5
:10F100008E9642EB919643EB929644EB939645EBA9
:10F11000959646EB969647EB9A9648EB9B9649EB6D
:10F120009D964AEB9E964BEB9F964CEBA0964DEB33
:10F13000A1964EEBA2964FEBA39650EBA49651EB03
:10F14000A59652EBA69653EBA89654EBA99655EBD1
:10F15000AA9656EBAB9657EBAC9658EBAD9659EB9F
:10F16000AE965AEBAF965BEBB1965CEBB2965DEB6D
:10F17000B4965EEBB5965FEBB79660EBB89661EB35
:10F18000BA9662EBBB9663EBBF9664EBC29665EBF7
:10F19000C39666EBC89667EBCA9668EBCB9669EBAD
:10F1A000D0966AEBD1966BEBD3966CEBD4966DEB65
:10F1B000D6966EEBD7966FEBD89670EBD99671EB2F
:10F1C000DA9672EBDB9673EBDC9674EBDD9675EBFF
:10F1D000DE9676EBDF9677EBE19678EBE29679EBCD
:10F1E000E3967AEBE4967BEBE5967CEBE6967DEB9B
:10F1F000E7967EEBEB9680EBEC9681EBED9682EB5F
:10F20000EE9683EBF09684EBF19685EBF29686EB27
:10F21000F49687EBF59688EBF89689EBFA968AEBED
:10F22000FB968BEBFC968CEBFD968DEBFF968EEBB5
:10F2300002978FEB039790EB059791EB0A9792EB70
:10F240000B9793EB0C9794EB109795EB119796EB2C
:10F25000129797EB149798EB159799EB17979AEBF2
:10F2600018979BEB19979CEB1A979DEB1B979EEBBE
:10F270001D979FEB1F97A0EB2097A1EB3F64A2EB9C
:10F28000D864A3EB0480A4EBEA6BA5EBF36BA6EBCD
:10F29000FD6BA7EBF56BA8EBF96BA9EB056CAAEB83
:10F2A000076CABEB066CACEB0D6CADEB156CAEEB21
:10F2B000186CAFEB196CB0EB1A6CB1EB216CB2EBC4
:10F2C000296CB3EB246CB4EB2A6CB5EB326CB6EB67
:10F2D0003565B7EB5565B8EB6B65B9EB4D72BAEBBD
:10F2E0005272BBEB5672BCEB3072BDEB6286BEEB6A
:10F2F0001652BFEB9F80C0EB9C80C1EB9380C2EBAA
:10F30000BC80C3EB0A67C4EBBD80C5EBB180C6EB24
:10F31000AB80C7EBAD80C8EBB480C9EBB780CAEB5C
:10F32000E780CBEBE880CCEBE980CDEBEA80CEEB5D
:10F33000DB80CFEBC280D0EBC480D1EBD980D2EBA5
:10F34000CD80D3EBD780D4EB1067D5EBDD80D6EB47
:10F35000EB80D7EBF180D8EBF480D9EBED80DAEBE2
:10F360000D81DBEB0E81DCEBF280DDEBFC80DEEB74
:10F370001567DFEB1281E0EB5A8CE1EB3681E2EBB3
:10F380001E81E3EB2C81E4EB1881E5EB3281E6EBA7
:10F390004881E7EB4C81E8EB5381E9EB7481EAEBC0
:10F3A0005981EBEB5A81ECEB7181EDEB6081EEEB77
:10F3B0006981EFEB7C81F0EB7D81F1EB6D81F2EB0C
:10F3C0006781F3EB4D58F4EBB55AF5EB8881F6EB1A
:10F3D0008281F7EB9181F8EBD56EF9EBA381FAEB23
:10F3E000AA81FBEBCC81FCEB2667FDEBCA81FEEB2F
:10F3F000BB8140EC219741EC229742EC239743ECF0
:10F40000249744EC259745EC269746EC279747EC44
:10F41000289748EC299749EC2B974AEC2C974BEC12
:10F420002E974CEC2F974DEC31974EEC33974FECD9
:10F43000349750EC359751EC369752EC379753ECA4
:10F440003A9754EC3B9755EC3C9756EC3D9757EC6C
:10F450003F9758EC409759EC41975AEC42975BEC38
:10F4600043975CEC44975DEC45975EEC46975FEC08
:10F47000479760EC489761EC499762EC4A9763ECD8
:10F480004B9764EC4C9765EC4D9766EC4E9767ECA8
:10F490004F9768EC509769EC51976AEC54976BEC76
:10F4A00055976CEC57976DEC58976EEC5A976FEC3C
:10F4B0005C9770EC5D9771EC5F9772EC639773ECFF
:10F4C000649774EC669775EC679776EC689777ECC1
:10F4D0006A9778EC6B9779EC6C977AEC6D977BEC8C
:10F4E0006E977CEC6F977DEC70977EEC719780EC5B
:10F4F000729781EC759782EC779783EC789784EC20
:10F50000799785EC7A9786EC7B9787EC7D9788ECEA
:10F510007E9789EC7F978AEC80978BEC81978CECB7
:10F5200082978DEC83978EEC84978FEC869790EC86
:10F53000879791EC889792EC899793EC8A9794EC53
:10F540008C9795EC8E9796EC8F9797EC909798EC1C
:10F55000939799EC95979AEC96979BEC97979CECE0
:10F5600099979DEC9A979EEC9B979FEC9C97A0ECAB
:10F570009D97A1ECC181A2ECA681A3EC246BA4EC25
:10F58000376BA5EC396BA6EC436BA7EC466BA8EC8C
:10F59000596BA9ECD198AAECD298ABECD398ACEC0F
:10F5A000D598ADECD998AEECDA98AFECB36BB0EC83
:10F5B000405FB1ECC26BB2ECF389B3EC9065B4EC94
:10F5C000519FB5EC9365B6ECBC65B7ECC665B8EC7D
:10F5D000C465B9ECC365BAECCC65BBECCE65BCECDC
:10F5E000D265BDECD665BEEC8070BFEC9C70C0EC03
:10F5F0009670C1EC9D70C2ECBB70C3ECC070C4ECE3
:10F60000B770C5ECAB70C6ECB170C7ECE870C8EC75
:10F61000CA70C9EC1071CAEC1371CBEC1671CCEC4A
:10F620002F71CDEC3171CEEC7371CFEC5C71D0ECFD
:10F630006871D1EC4571D2EC7271D3EC4A71D4ECA3
:10F640007871D5EC7A71D6EC9871D7ECB371D8ECAF
:10F65000B571D9ECA871DAECA071DBECE071DCECEF
:10F66000D471DDECE771DEECF971DFEC1D72E0ECDA
:10F670002872E1EC6C70E2EC1871E3EC6671E4EC7A
:10F68000B971E5EC3E62E6EC3D62E7EC4362E8EC22
:10F690004862E9EC4962EAEC3B79EBEC4079ECEC4E
:10F6A0004679EDEC4979EEEC5B79EFEC5C79F0ECC6
:10F6B0005379F1EC5A79F2EC6279F3EC5779F4EC86
:10F6C0006079F5EC6F79F6EC6779F7EC7A79F8EC1C
:10F6D0008579F9EC8A79FAEC9A79FBECA779FCEC5C
:10F6E000B379FDECD15FFEECD05F40ED9E9741ED2C
:10F6F0009F9742EDA19743EDA29744EDA49745ED66
:10F70000A59746EDA69747EDA79748EDA89749ED31
:10F71000A9974AEDAA974BEDAC974CEDAE974DEDFE
:10F72000B0974EEDB1974FEDB39750EDB59751EDC2
:10F73000B69752EDB79753EDB89754EDB99755ED8D
:10F74000BA9756EDBB9757EDBC9758EDBD9759ED5D
:10F75000BE975AEDBF975BEDC0975CEDC1975DED2D
:10F76000C2975EEDC3975FEDC49760EDC59761EDFD
:10F77000C69762EDC79763EDC89764EDC99765EDCD
:10F78000CA9766EDCB9767EDCC9768EDCD9769ED9D
:10F79000CE976AEDCF976BEDD0976CEDD1976DED6D
:10F7A000D2976EEDD3976FEDD49770EDD59771ED3D
:10F7B000D69772EDD79773EDD89774EDD99775ED0D
:10F7C000DA9776EDDB9777EDDC9778EDDD9779EDDD
:10F7D000DE977AEDDF977BEDE0977CEDE1977DEDAD
:10F7E000E2977EEDE39780EDE49781EDE59782ED7A
:10F7F000E89783EDEE9784EDEF9785EDF09786ED32
:10F80000F19787EDF29788EDF49789EDF7978AEDF8
:10F81000F8978BEDF9978CEDFA978DEDFB978EEDC0
:10F82000FC978FEDFD9790EDFE9791EDFF9792ED90
:10F83000009893ED019894ED029895ED039896ED5C
:10F84000049897ED059898ED069899ED07989AED2C
:10F8500008989BED09989CED0A989DED0B989EEDFC
:10F860000C989FED0D98A0ED0E98A1ED3C60A2EDD7
:10F870005D60A3ED5A60A4ED6760A5ED4160A6ED63
:10F880005960A7ED6360A8EDAB60A9ED0661AAED34
:10F890000D61ABED5D61ACEDA961ADED9D61AEEDCE
:10F8A000CB61AFEDD161B0ED0662B1ED8080B2ED1C
:10F8B0007F80B3ED936CB4EDF66CB5EDFC6DB6EDF9
:10F8C000F677B7EDF877B8ED0078B9ED0978BAEDCD
:10F8D0001778BBED1878BCED1178BDEDAB65BEEDCA
:10F8E0002D78BFED1C78C0ED1D78C1ED3978C2EDE3
:10F8F0003A78C3ED3B78C4ED1F78C5ED3C78C6ED92
:10F900002578C7ED2C78C8ED2378C9ED2978CAEDA4
:10F910004E78CBED6D78CCED5678CDED5778CEEDB9
:10F920002678CFED5078D0ED4778D1ED4C78D2EDF8
:10F930006A78D3ED9B78D4ED9378D5ED9A78D6EDAF
:10F940008778D7ED9C78D8EDA178D9EDA378DAED5A
:10F95000B278DBEDB978DCEDA578DDEDD478DEEDBD
:10F96000D978DFEDC978E0EDEC78E1EDF278E2ED01
:10F970000579E3EDF478E4ED1379E5ED2479E6ED2E
:10F980001E79E7ED3479E8ED9B9FE9EDF99EEAED0C
:10F99000FB9EEBEDFC9EECEDF176EDED0477EEEDEC
:10F9A0000D77EFEDF976F0ED0777F1ED0877F2EDF1
:10F9B0001A77F3ED2277F4ED1977F5ED2D77F6ED63
:10F9C0002677F7ED3577F8ED3877F9ED5077FAEDE2
:10F9D0005177FBED4777FCED4377FDED5A77FEED70
:10F9E000687740EE0F9841EE109842EE119843EE82
:10F9F000129844EE139845EE149846EE159847EE8B
:10FA0000169848EE179849EE18984AEE19984BEE5A
:10FA10001A984CEE1B984DEE1C984EEE1D984FEE2A
:10FA20001E9850EE1F9851EE209852EE219853EEFA
:10FA3000229854EE239855EE249856EE259857EECA
:10FA4000269858EE279859EE28985AEE29985BEE9A
:10FA50002A985CEE2B985DEE2C985EEE2D985FEE6A
:10FA60002E9860EE2F9861EE309862EE319863EE3A
:10FA7000329864EE339865EE349866EE359867EE0A
:10FA8000369868EE379869EE38986AEE39986BEEDA
:10FA90003A986CEE3B986DEE3C986EEE3D986FEEAA
:10FAA0003E9870EE3F9871EE409872EE419873EE7A
:10FAB000429874EE439875EE449876EE459877EE4A
:10FAC000469878EE479879EE48987AEE49987BEE1A
:10FAD0004A987CEE4B987DEE4C987EEE4D9880EEE9
:10FAE0004E9881EE4F9882EE509883EE519884EEB6
:10FAF000529885EE539886EE549887EE559888EE86
:10FB0000569889EE57988AEE58988BEE59988CEE55
:10FB10005A988DEE5B988EEE5C988FEE5D9890EE25
:10FB20005E9891EE5F9892EE609893EE619894EEF5
:10FB3000629895EE639896EE649897EE659898EEC5
:10FB4000669899EE67989AEE68989BEE69989CEE95
:10FB50006A989DEE6B989EEE6C989FEE6D98A0EE65
:10FB60006E98A1EE6277A2EE6577A3EE7F77A4EEA2
:10FB70008D77A5EE7D77A6EE8077A7EE8C77A8EE41
:10FB80009177A9EE9F77AAEEA077ABEEB077ACEEB7
:10FB9000B577ADEEBD77AEEE3A75AFEE4075B0EE2F
:10FBA0004E75B1EE4B75B2EE4875B3EE5B75B4EEC3
:10FBB0007275B5EE7975B6EE8375B7EE587FB8EE0F
:10FBC000617FB9EE5F7FBAEE488ABBEE687FBCEE1C
:10FBD000747FBDEE717FBEEE797FBFEE817FC0EE98
:10FBE0007E7FC1EECD76C2EEE576C3EE3288C4EEFE
:10FBF0008594C5EE8694C6EE8794C7EE8B94C8EEC6
:10FC00008A94C9EE8C94CAEE8D94CBEE8F94CCEE90
:10FC10009094CDEE9494CEEE9794CFEE9594D0EE52
:10FC20009A94D1EE9B94D2EE9C94D3EEA394D4EE0E
:10FC3000A494D5EEAB94D6EEAA94D7EEAD94D8EEBC
:10FC4000AC94D9EEAF94DAEEB094DBEEB294DCEE85
:10FC5000B494DDEEB694DEEEB794DFEEB894E0EE49
:10FC6000B994E1EEBA94E2EEBC94E3EEBD94E4EE16
:10FC7000BF94E5EEC494E6EEC894E7EEC994E8EECE
:10FC8000CA94E9EECB94EAEECC94EBEECD94ECEE94
:10FC9000CE94EDEED094EEEED194EFEED294F0EE61
:10FCA000D594F1EED694F2EED794F3EED994F4EE27
:10FCB000D894F5EEDB94F6EEDE94F7EEDF94F8EEF2
:10FCC000E094F9EEE294FAEEE494FBEEE594FCEEB7
:10FCD000E794FDEEE894FEEEEA9440EF6F9841EF72
:10FCE000709842EF719843EF729844EF739845EF24
:10FCF000749846EF8B9847EF8E9848EF929849EFAB
:10FD000095984AEF99984BEFA3984CEFA8984DEF30
:10FD1000A9984EEFAA984FEFAB9850EFAC9851EFDF
:10FD2000AD9852EFAE9853EFAF9854EFB09855EFAF
:10FD3000B19856EFB29857EFB39858EFB49859EF7F
:10FD4000B5985AEFB6985BEFB7985CEFB8985DEF4F
:10FD5000B9985EEFBA985FEFBB9860EFBC9861EF1F
:10FD6000BD9862EFBE9863EFBF9864EFC09865EFEF
:10FD7000C19866EFC29867EFC39868EFC49869EFBF
:10FD8000C5986AEFC6986BEFC7986CEFC8986DEF8F
:10FD9000C9986EEFCA986FEFCB9870EFCC9871EF5F
:10FDA000CD9872EFCF9873EFD09874EFD49875EF29
:10FDB000D69876EFD79877EFDB9878EFDC9879EFE5
:10FDC000DD987AEFE0987BEFE1987CEFE2987DEFA9
:10FDD000E3987EEFE49880EFE59881EFE69882EF74
:10FDE000E99883EFEA9884EFEB9885EFEC9886EF3B
:10FDF000ED9887EFEE9888EFEF9889EFF0988AEF0B
:10FE0000F1988BEFF2988CEFF3988DEFF4988EEFDA
:10FE1000F5988FEFF69890EFF79891EFF89892EFAA
:10FE2000F99893EFFA9894EFFB9895EFFC9896EF7A
:10FE3000FD9897EFFE9898EFFF9899EF00999AEF49
:10FE400001999BEF02999CEF03999DEF04999EEF16
:10FE500005999FEF0699A0EF0799A1EFE994A2EF0A
:10FE6000EB94A3EFEE94A4EFEF94A5EFF394A6EF39
:10FE7000F494A7EFF594A8EFF794A9EFF994AAEFFB
:10FE8000FC94ABEFFD94ACEFFF94ADEF0395AEEFB8
:10FE90000295AFEF0695B0EF0795B1EF0995B2EF78
:10FEA0000A95B3EF0D95B4EF0E95B5EF0F95B6EF3C
:10FEB0001295B7EF1395B8EF1495B9EF1595BAEF02
:10FEC0001695BBEF1895BCEF1B95BDEF1D95BEEFCA
:10FED0001E95BFEF1F95C0EF2295C1EF2A95C2EF87
:10FEE0002B95C3EF2995C4EF2C95C5EF3195C6EF3F
:10FEF0003295C7EF3495C8EF3695C9EF3795CAEFFD
:10FF00003895CBEF3C95CCEF3E95CDEF3F95CEEFBE
:10FF10004295CFEF3595D0EF4495D1EF4595D2EF8F
:10FF20004695D3EF4995D4EF4C95D5EF4E95D6EF46
:10FF30004F95D7EF5295D8EF5395D9EF5495DAEF07
:10FF40005695DBEF5795DCEF5895DDEF5995DEEFD1
:10FF50005B95DFEF5E95E0EF5F95E1EF5D95E2EF9A
:10FF60006195E3EF6295E4EF6495E5EF6595E6EF63
:10FF70006695E7EF6795E8EF6895E9EF6995EAEF31
:10FF80006A95EBEF6B95ECEF6C95EDEF6F95EEEFFF
:10FF90007195EFEF7295F0EF7395F1EF3A95F2EFFF
:10FFA000E777F3EFEC77F4EFC996F5EFD579F6EF55
:10FFB000ED79F7EFE379F8EFEB79F9EF067AFAEFFD
:10FFC000475DFBEF037AFCEF027AFDEF1E7AFEEF4E
:10FFD000147A40F0089941F0099942F00A9943F0E7
:10FFE0000B9944F00C9945F00E9946F00F9947F0A3
:10FFF000119948F0129949F013994AF014994BF06D
:020000040803EF
:1000000015994CF016994DF017994EF018994FF03C
:10001000199950F01A9951F01B9952F01C9953F00C
:100020001D9954F01E9955F01F9956F0209957F0DC
:10003000219958F0229959F023995AF024995BF0AC
:1000400025995CF026995DF027995EF028995FF07C
:10005000299960F02A9961F02B9962F02C9963F04C
:100060002D9964F02F9965F0309966F0319967F019
:10007000329968F0339969F034996AF035996BF0E8
:1000800036996CF037996DF038996EF039996FF0B8
:100090003A9970F03B9971F03C9972F03D9973F088
:1000A0003E9974F03F9975F0409976F0419977F058
:1000B000429978F0439979F044997AF045997BF028
:1000C00046997CF047997DF048997EF0499980F0F7
:1000D0004A9981F04B9982F04C9983F04D9984F0C4
:1000E0004E9985F04F9986F0509987F0519988F094
:1000F000529989F053998AF056998BF057998CF060
:1001000058998DF059998EF05A998FF05B9990F02B
:100110005C9991F05D9992F05E9993F05F9994F0FB
:10012000609995F0619996F0629997F0649998F0CA
:10013000669999F073999AF078999BF079999CF067
:100140007B999DF07E999EF082999FF08399A0F013
:100150008999A1F0397AA2F0377AA3F0517AA4F004
:10016000CF9EA5F0A599A6F0707AA7F08876A8F0A2
:100170008E76A9F09376AAF09976ABF0A476ACF0DF
:10018000DE74ADF0E074AEF02C75AFF0209EB0F0F0
:10019000229EB1F0289EB2F0299EB3F02A9EB4F0C0
:1001A0002B9EB5F02C9EB6F0329EB7F0319EB8F083
:1001B000369EB9F0389EBAF0379EBBF0399EBCF03F
:1001C0003A9EBDF03E9EBEF0419EBFF0429EC0F002
:1001D000449EC1F0469EC2F0479EC3F0489EC4F0C4
:1001E000499EC5F04B9EC6F04C9EC7F04E9EC8F08F
:1001F000519EC9F0559ECAF0579ECBF05A9ECCF046
:100200005B9ECDF05C9ECEF05E9ECFF0639ED0F004
:10021000669ED1F0679ED2F0689ED3F0699ED4F0BE
:100220006A9ED5F06B9ED6F06C9ED7F0719ED8F08A
:100230006D9ED9F0739EDAF09275DBF09475DCF068
:100240009675DDF0A075DEF09D75DFF0AC75E0F021
:10025000A375E1F0B375E2F0B475E3F0B875E4F0BE
:10026000C475E5F0B175E6F0B075E7F0C375E8F078
:10027000C275E9F0D675EAF0CD75EBF0E375ECF0F8
:10028000E875EDF0E675EEF0E475EFF0EB75F0F083
:10029000E775F1F00376F2F0F175F3F0FC75F4F028
:1002A000FF75F5F01076F6F00076F7F00576F8F0C9
:1002B0000C76F9F01776FAF00A76FBF02576FCF06A
:1002C0001876FDF01576FEF0197640F18C9941F123
:1002D0008E9942F19A9943F19B9944F19C9945F189
:1002E0009D9946F19E9947F19F9948F1A09949F14E
:1002F000A1994AF1A2994BF1A3994CF1A4994DF11E
:10030000A6994EF1A7994FF1A99950F1AA9951F1E7
:10031000AB9952F1AC9953F1AD9954F1AE9955F1B5
:10032000AF9956F1B09957F1B19958F1B29959F185
:10033000B3995AF1B4995BF1B5995CF1B6995DF155
:10034000B7995EF1B8995FF1B99960F1BA9961F125
:10035000BB9962F1BC9963F1BD9964F1BE9965F1F5
:10036000BF9966F1C09967F1C19968F1C29969F1C5
:10037000C3996AF1C4996BF1C5996CF1C6996DF195
:10038000C7996EF1C8996FF1C99970F1CA9971F165
:10039000CB9972F1CC9973F1CD9974F1CE9975F135
:1003A000CF9976F1D09977F1D19978F1D29979F105
:1003B000D3997AF1D4997BF1D5997CF1D6997DF1D5
:1003C000D7997EF1D89980F1D99981F1DA9982F1A2
:1003D000DB9983F1DC9984F1DD9985F1DE9986F171
:1003E000DF9987F1E09988F1E19989F1E2998AF141
:1003F000E3998BF1E4998CF1E5998DF1E6998EF111
:10040000E7998FF1E89990F1E99991F1EA9992F1E0
:10041000EB9993F1EC9994F1ED9995F1EE9996F1B0
:10042000EF9997F1F09998F1F19999F1F2999AF180
:10043000F3999BF1F4999CF1F5999DF1F6999EF150
:10044000F7999FF1F899A0F1F999A1F11B76A2F122
:100450003C76A3F12276A4F12076A5F14076A6F1B0
:100460002D76A7F13076A8F13F76A9F13576AAF17D
:100470004376ABF13E76ACF13376ADF14D76AEF12D
:100480005E76AFF15476B0F15C76B1F15676B2F1AA
:100490006B76B3F16F76B4F1CA7FB5F1E67AB6F157
:1004A000787AB7F1797AB8F1807AB9F1867ABAF1C7
:1004B000887ABBF1957ABCF1A67ABDF1A07ABEF13B
:1004C000AC7ABFF1A87AC0F1AD7AC1F1B37AC2F1CA
:1004D0006488C3F16988C4F17288C5F17D88C6F16A
:1004E0007F88C7F18288C8F1A288C9F1C688CAF19D
:1004F000B788CBF1BC88CCF1C988CDF1E288CEF1C8
:10050000CE88CFF1E388D0F1E588D1F1F188D2F13E
:100510001A89D3F1FC88D4F1E888D5F1FE88D6F1A8
:10052000F088D7F12189D8F11989D9F11389DAF145
:100530001B89DBF10A89DCF13489DDF12B89DEF1DD
:100540003689DFF14189E0F16689E1F17B89E2F1E9
:100550008B75E3F1E580E4F1B276E5F1B476E6F18E
:10056000DC77E7F11280E8F11480E9F11680EAF116
:100570001C80EBF12080ECF12280EDF12580EEF182
:100580002680EFF12780F0F12980F1F12880F2F147
:100590003180F3F10B80F4F13580F5F14380F6F111
:1005A0004680F7F14D80F8F15280F9F16980FAF157
:1005B0007180FBF18389FCF17898FDF18098FEF160
:1005C000839840F2FA9941F2FB9942F2FC9943F286
:1005D000FD9944F2FE9945F2FF9946F2009A47F2DE
:1005E000019A48F2029A49F2039A4AF2049A4BF2AB
:1005F000059A4CF2069A4DF2079A4EF2089A4FF27B
:10060000099A50F20A9A51F20B9A52F20C9A53F24A
:100610000D9A54F20E9A55F20F9A56F2109A57F21A
:10062000119A58F2129A59F2139A5AF2149A5BF2EA
:10063000159A5CF2169A5DF2179A5EF2189A5FF2BA
:10064000199A60F21A9A61F21B9A62F21C9A63F28A
:100650001D9A64F21E9A65F21F9A66F2209A67F25A
:10066000219A68F2229A69F2239A6AF2249A6BF22A
:10067000259A6CF2269A6DF2279A6EF2289A6FF2FA
:10068000299A70F22A9A71F22B9A72F22C9A73F2CA
:100690002D9A74F22E9A75F22F9A76F2309A77F29A
:1006A000319A78F2329A79F2339A7AF2349A7BF26A
:1006B000359A7CF2369A7DF2379A7EF2389A80F239
:1006C000399A81F23A9A82F23B9A83F23C9A84F206
:1006D0003D9A85F23E9A86F23F9A87F2409A88F2D6
:1006E000419A89F2429A8AF2439A8BF2449A8CF2A6
:1006F000459A8DF2469A8EF2479A8FF2489A90F276
:10070000499A91F24A9A92F24B9A93F24C9A94F245
:100710004D9A95F24E9A96F24F9A97F2509A98F215
:10072000519A99F2529A9AF2539A9BF2549A9CF2E5
:10073000559A9DF2569A9EF2579A9FF2589AA0F2B5
:10074000599AA1F28998A2F28C98A3F28D98A4F2FA
:100750008F98A5F29498A6F29A98A7F29B98A8F27F
:100760009E98A9F29F98AAF2A198ABF2A298ACF237
:10077000A598ADF2A698AEF24D86AFF25486B0F2CF
:100780006C86B1F26E86B2F27F86B3F27A86B4F2EC
:100790007C86B5F27B86B6F2A886B7F28D86B8F273
:1007A0008B86B9F2AC86BAF29D86BBF2A786BCF204
:1007B000A386BDF2AA86BEF29386BFF2A986C0F2D6
:1007C000B686C1F2C486C2F2B586C3F2CE86C4F242
:1007D000B086C5F2BA86C6F2B186C7F2AF86C8F255
:1007E000C986C9F2CF86CAF2B486CBF2E986CCF2CA
:1007F000F186CDF2F286CEF2ED86CFF2F386D0F21C
:10080000D086D1F21387D2F2DE86D3F2F486D4F208
:10081000DF86D5F2D886D6F2D186D7F20387D8F212
:100820000787D9F2F886DAF20887DBF20A87DCF26A
:100830000D87DDF20987DEF22387DFF23B87E0F2E6
:100840001E87E1F22587E2F22E87E3F21A87E4F2AF
:100850003E87E5F24887E6F23487E7F23187E8F22F
:100860002987E9F23787EAF23F87EBF28287ECF2D9
:100870002287EDF27D87EEF27E87EFF27B87F0F242
:100880006087F1F27087F2F24C87F3F26E87F4F230
:100890008B87F5F25387F6F26387F7F27C87F8F2DD
:1008A0006487F9F25987FAF26587FBF29387FCF2C5
:1008B000AF87FDF2A887FEF2D28740F35A9A41F340
:1008C0005B9A42F35C9A43F35D9A44F35E9A45F374
:1008D0005F9A46F3609A47F3619A48F3629A49F344
:1008E000639A4AF3649A4BF3659A4CF3669A4DF314
:1008F000679A4EF3689A4FF3699A50F36A9A51F3E4
:100900006B9A52F3729A53F3839A54F3899A55F37C
:100910008D9A56F38E9A57F3949A58F3959A59F301
:10092000999A5AF3A69A5BF3A99A5CF3AA9A5DF393
:10093000AB9A5EF3AC9A5FF3AD9A60F3AE9A61F353
:10094000AF9A62F3B29A63F3B39A64F3B49A65F31D
:10095000B59A66F3B99A67F3BB9A68F3BD9A69F3DF
:10096000BE9A6AF3BF9A6BF3C39A6CF3C49A6DF3A1
:10097000C69A6EF3C79A6FF3C89A70F3C99A71F367
:10098000CA9A72F3CD9A73F3CE9A74F3CF9A75F331
:10099000D09A76F3D29A77F3D49A78F3D59A79F3FA
:1009A000D69A7AF3D79A7BF3D99A7CF3DA9A7DF3C5
:1009B000DB9A7EF3DC9A80F3DD9A81F3DE9A82F390
:1009C000E09A83F3E29A84F3E39A85F3E49A86F358
:1009D000E59A87F3E79A88F3E89A89F3E99A8AF324
:1009E000EA9A8BF3EC9A8CF3EE9A8DF3F09A8EF3ED
:1009F000F19A8FF3F29A90F3F39A91F3F49A92F3B7
:100A0000F59A93F3F69A94F3F79A95F3F89A96F386
:100A1000FA9A97F3FC9A98F3FD9A99F3FE9A9AF34F
:100A2000FF9A9BF3009B9CF3019B9DF3029B9EF31B
:100A3000049B9FF3059BA0F3069BA1F3C687A2F33B
:100A40008887A3F38587A4F3AD87A5F39787A6F3DB
:100A50008387A7F3AB87A8F3E587A9F3AC87AAF34D
:100A6000B587ABF3B387ACF3CB87ADF3D387AEF3E6
:100A7000BD87AFF3D187B0F3C087B1F3CA87B2F3B4
:100A8000DB87B3F3EA87B4F3E087B5F3EE87B6F319
:100A90001688B7F31388B8F3FE87B9F30A88BAF358
:100AA0001B88BBF32188BCF33988BDF33C88BEF3B7
:100AB000367FBFF3427FC0F3447FC1F3457FC2F36B
:100AC0001082C3F3FA7AC4F3FD7AC5F3087BC6F348
:100AD000037BC7F3047BC8F3157BC9F30A7BCAF316
:100AE0002B7BCBF30F7BCCF3477BCDF3387BCEF363
:100AF0002A7BCFF3197BD0F32E7BD1F3317BD2F35A
:100B0000207BD3F3257BD4F3247BD5F3337BD6F33F
:100B10003E7BD7F31E7BD8F3587BD9F35A7BDAF3AD
:100B2000457BDBF3757BDCF34C7BDDF35D7BDEF338
:100B3000607BDFF36E7BE0F37B7BE1F3627BE2F3D0
:100B4000727BE3F3717BE4F3907BE5F3A67BE6F342
:100B5000A77BE7F3B87BE8F3AC7BE9F39D7BEAF393
:100B6000A87BEBF3857BECF3AA7BEDF39C7BEEF3A8
:100B7000A27BEFF3AB7BF0F3B47BF1F3D17BF2F329
:100B8000C17BF3F3CC7BF4F3DD7BF5F3DA7BF6F397
:100B9000E57BF7F3E67BF8F3EA7BF9F30C7CFAF3F9
:100BA000FE7BFBF3FC7BFCF30F7CFDF3167CFEF37A
:100BB0000B7C40F4079B41F4099B42F40A9B43F4ED
:100BC0000B9B44F40C9B45F40D9B46F40E9B47F4A1
:100BD000109B48F4119B49F4129B4AF4149B4BF46C
:100BE000159B4CF4169B4DF4179B4EF4189B4FF439
:100BF000199B50F41A9B51F41B9B52F41C9B53F409
:100C00001D9B54F41E9B55F4209B56F4219B57F4D6
:100C1000229B58F4249B59F4259B5AF4269B5BF4A1
:100C2000279B5CF4289B5DF4299B5EF42A9B5FF470
:100C30002B9B60F42C9B61F42D9B62F42E9B63F440
:100C4000309B64F4319B65F4339B66F4349B67F40A
:100C5000359B68F4369B69F4379B6AF4389B6BF4D8
:100C6000399B6CF43A9B6DF43D9B6EF43E9B6FF4A4
:100C70003F9B70F4409B71F4469B72F44A9B73F463
:100C80004B9B74F44C9B75F44E9B76F4509B77F41D
:100C9000529B78F4539B79F4559B7AF4569B7BF4E2
:100CA000579B7CF4589B7DF4599B7EF45A9B80F4AF
:100CB0005B9B81F45C9B82F45D9B83F45E9B84F47C
:100CC0005F9B85F4609B86F4619B87F4629B88F44C
:100CD000639B89F4649B8AF4659B8BF4669B8CF41C
:100CE000679B8DF4689B8EF4699B8FF46A9B90F4EC
:100CF0006B9B91F46C9B92F46D9B93F46E9B94F4BC
:100D00006F9B95F4709B96F4719B97F4729B98F48B
:100D1000739B99F4749B9AF4759B9BF4769B9CF45B
:100D2000779B9DF4789B9EF4799B9FF47A9BA0F42B
:100D30007B9BA1F41F7CA2F42A7CA3F4267CA4F460
:100D4000387CA5F4417CA6F4407CA7F4FE81A8F48D
:100D50000182A9F40282AAF40482ABF4EC81ACF41F
:100D60004488ADF42182AEF42282AFF42382B0F441
:100D70002D82B1F42F82B2F42882B3F42B82B4F422
:100D80003882B5F43B82B6F43382B7F43482B8F4D7
:100D90003E82B9F44482BAF44982BBF44B82BCF47B
:100DA0004F82BDF45A82BEF45F82BFF46882C0F401
:100DB0007E88C1F48588C2F48888C3F4D888C4F4D6
:100DC000DF88C5F45E89C6F49D7FC7F49F7FC8F4B1
:100DD000A77FC9F4AF7FCAF4B07FCBF4B27FCCF465
:100DE0007C7CCDF44965CEF4917CCFF49D7CD0F42D
:100DF0009C7CD1F49E7CD2F4A27CD3F4B27CD4F45B
:100E0000BC7CD5F4BD7CD6F4C17CD7F4C77CD8F4C7
:100E1000CC7CD9F4CD7CDAF4C87CDBF4C57CDCF482
:100E2000D77CDDF4E87CDEF46E82DFF4A866E0F4C3
:100E3000BF7FE1F4CE7FE2F4D57FE3F4E57FE4F415
:100E4000E17FE5F4E67FE6F4E97FE7F4EE7FE8F49E
:100E5000F37FE9F4F87CEAF4777DEBF4A67DECF41B
:100E6000AE7DEDF4477EEEF49B7EEFF4B89EF0F499
:100E7000B49EF1F4738DF2F4848DF3F4948DF4F454
:100E8000918DF5F4B18DF6F4678DF7F46D8DF8F46E
:100E9000478CF9F4498CFAF44A91FBF45091FCF434
:100EA0004E91FDF44F91FEF4649140F57C9B41F529
:100EB0007D9B42F57E9B43F57F9B44F5809B45F5EA
:100EC000819B46F5829B47F5839B48F5849B49F5BA
:100ED000859B4AF5869B4BF5879B4CF5889B4DF58A
:100EE000899B4EF58A9B4FF58B9B50F58C9B51F55A
:100EF0008D9B52F58E9B53F58F9B54F5909B55F52A
:100F0000919B56F5929B57F5939B58F5949B59F5F9
:100F1000959B5AF5969B5BF5979B5CF5989B5DF5C9
:100F2000999B5EF59A9B5FF59B9B60F59C9B61F599
:100F30009D9B62F59E9B63F59F9B64F5A09B65F569
:100F4000A19B66F5A29B67F5A39B68F5A49B69F539
:100F5000A59B6AF5A69B6BF5A79B6CF5A89B6DF509
:100F6000A99B6EF5AA9B6FF5AB9B70F5AC9B71F5D9
:100F7000AD9B72F5AE9B73F5AF9B74F5B09B75F5A9
:100F8000B19B76F5B29B77F5B39B78F5B49B79F579
:100F9000B59B7AF5B69B7BF5B79B7CF5B89B7DF549
:100FA000B99B7EF5BA9B80F5BB9B81F5BC9B82F516
:100FB000BD9B83F5BE9B84F5BF9B85F5C09B86F5E5
:100FC000C19B87F5C29B88F5C39B89F5C49B8AF5B5
:100FD000C59B8BF5C69B8CF5C79B8DF5C89B8EF585
:100FE000C99B8FF5CA9B90F5CB9B91F5CC9B92F555
:100FF000CD9B93F5CE9B94F5CF9B95F5D09B96F525
:10100000D19B97F5D29B98F5D39B99F5D49B9AF5F4
:10101000D59B9BF5D69B9CF5D79B9DF5D89B9EF5C4
:10102000D99B9FF5DA9BA0F5DB9BA1F56291A2F518
:101030006191A3F57091A4F56991A5F56F91A6F55D
:101040007D91A7F57E91A8F57291A9F57491AAF505
:101050007991ABF58C91ACF58591ADF59091AEF5AC
:101060008D91AFF59191B0F5A291B1F5A391B2F543
:10107000AA91B3F5AD91B4F5AE91B5F5AF91B6F5D2
:10108000B591B7F5B491B8F5BA91B9F5558CBAF5F3
:101090007E9EBBF5B88DBCF5EB8DBDF5058EBEF51E
:1010A000598EBFF5698EC0F5B58DC1F5BF8DC2F5FE
:1010B000BC8DC3F5BA8DC4F5C48DC5F5D68DC6F506
:1010C000D78DC7F5DA8DC8F5DE8DC9F5CE8DCAF599
:1010D000CF8DCBF5DB8DCCF5C68DCDF5EC8DCEF57A
:1010E000F78DCFF5F88DD0F5E38DD1F5F98DD2F5EB
:1010F000FB8DD3F5E48DD4F5098ED5F5FD8DD6F5B0
:10110000148ED7F51D8ED8F51F8ED9F52C8EDAF5F5
:101110002E8EDBF5238EDCF52F8EDDF53A8EDEF597
:10112000408EDFF5398EE0F5358EE1F53D8EE2F546
:10113000318EE3F5498EE4F5418EE5F5428EE6F514
:10114000518EE7F5528EE8F54A8EE9F5708EEAF594
:10115000768EEBF57C8EECF56F8EEDF5748EEEF5FC
:10116000858EEFF58F8EF0F5948EF1F5908EF2F579
:101170009C8EF3F59E8EF4F5788CF5F5828CF6F561
:101180008A8CF7F5858CF8F5988CF9F5948CFAF53E
:101190009B65FBF5D689FCF5DE89FDF5DA89FEF560
:1011A000DC8940F6DC9B41F6DD9B42F6DE9B43F694
:1011B000DF9B44F6E09B45F6E19B46F6E29B47F653
:1011C000E39B48F6E49B49F6E59B4AF6E69B4BF623
:1011D000E79B4CF6E89B4DF6E99B4EF6EA9B4FF6F3
:1011E000EB9B50F6EC9B51F6ED9B52F6EE9B53F6C3
:1011F000EF9B54F6F09B55F6F19B56F6F29B57F693
:10120000F39B58F6F49B59F6F59B5AF6F69B5BF662
:10121000F79B5CF6F89B5DF6F99B5EF6FA9B5FF632
:10122000FB9B60F6FC9B61F6FD9B62F6FE9B63F602
:10123000FF9B64F6009C65F6019C66F6029C67F6CF
:10124000039C68F6049C69F6059C6AF6069C6BF69E
:10125000079C6CF6089C6DF6099C6EF60A9C6FF66E
:101260000B9C70F60C9C71F60D9C72F60E9C73F63E
:101270000F9C74F6109C75F6119C76F6129C77F60E
:10128000139C78F6149C79F6159C7AF6169C7BF6DE
:10129000179C7CF6189C7DF6199C7EF61A9C80F6AD
:1012A0001B9C81F61C9C82F61D9C83F61E9C84F67A
:1012B0001F9C85F6209C86F6219C87F6229C88F64A
:1012C000239C89F6249C8AF6259C8BF6269C8CF61A
:1012D000279C8DF6289C8EF6299C8FF62A9C90F6EA
:1012E0002B9C91F62C9C92F62D9C93F62E9C94F6BA
:1012F0002F9C95F6309C96F6319C97F6329C98F68A
:10130000339C99F6349C9AF6359C9BF6369C9CF659
:10131000379C9DF6389C9EF6399C9FF63A9CA0F629
:101320003B9CA1F6E589A2F6EB89A3F6EF89A4F62A
:101330003E8AA5F6268BA6F65397A7F6E996A8F659
:10134000F396A9F6EF96AAF60697ABF60197ACF6D8
:101350000897ADF60F97AEF60E97AFF62A97B0F650
:101360002D97B1F63097B2F63E97B3F6809FB4F65C
:10137000839FB5F6859FB6F6869FB7F6879FB8F62A
:10138000889FB9F6899FBAF68A9FBBF68C9FBCF6F8
:10139000FE9EBDF60B9FBEF60D9FBFF6B996C0F63A
:1013A000BC96C1F6BD96C2F6CE96C3F6D296C4F6EA
:1013B000BF77C5F6E096C6F68E92C7F6AE92C8F62F
:1013C000C892C9F63E93CAF66A93CBF6CA93CCF696
:1013D0008F93CDF63E94CEF66B94CFF67F9CD0F6ED
:1013E000829CD1F6859CD2F6869CD3F6879CD4F657
:1013F000889CD5F6237AD6F68B9CD7F68E9CD8F6A9
:10140000909CD9F6919CDAF6929CDBF6949CDCF6E3
:10141000959CDDF69A9CDEF69B9CDFF69E9CE0F6A2
:101420009F9CE1F6A09CE2F6A19CE3F6A29CE4F668
:10143000A39CE5F6A59CE6F6A69CE7F6A79CE8F635
:10144000A89CE9F6A99CEAF6AB9CEBF6AD9CECF601
:10145000AE9CEDF6B09CEEF6B19CEFF6B29CF0F6C9
:10146000B39CF1F6B49CF2F6B59CF3F6B69CF4F698
:10147000B79CF5F6BA9CF6F6BB9CF7F6BC9CF8F662
:10148000BD9CF9F6C49CFAF6C59CFBF6C69CFCF61E
:10149000C79CFDF6CA9CFEF6CB9C40F73C9C41F7EE
:1014A0003D9C42F73E9C43F73F9C44F7409C45F7E8
:1014B000419C46F7429C47F7439C48F7449C49F7B8
:1014C000459C4AF7469C4BF7479C4CF7489C4DF788
:1014D000499C4EF74A9C4FF74B9C50F74C9C51F758
:1014E0004D9C52F74E9C53F74F9C54F7509C55F728
:1014F000519C56F7529C57F7539C58F7549C59F7F8
:10150000559C5AF7569C5BF7579C5CF7589C5DF7C7
:10151000599C5EF75A9C5FF75B9C60F75C9C61F797
:101520005D9C62F75E9C63F75F9C64F7609C65F767
:10153000619C66F7629C67F7639C68F7649C69F737
:10154000659C6AF7669C6BF7679C6CF7689C6DF707
:10155000699C6EF76A9C6FF76B9C70F76C9C71F7D7
:101560006D9C72F76E9C73F76F9C74F7709C75F7A7
:10157000719C76F7729C77F7739C78F7749C79F777
:10158000759C7AF7769C7BF7779C7CF7789C7DF747
:10159000799C7EF77A9C80F77B9C81F77D9C82F713
:1015A0007E9C83F7809C84F7839C85F7849C86F7D8
:1015B000899C87F78A9C88F78C9C89F78F9C8AF78F
:1015C000939C8BF7969C8CF7979C8DF7989C8EF745
:1015D000999C8FF79D9C90F7AA9C91F7AC9C92F7F1
:1015E000AF9C93F7B99C94F7BE9C95F7BF9C96F778
:1015F000C09C97F7C19C98F7C29C99F7C89C9AF732
:10160000C99C9BF7D19C9CF7D29C9DF7DA9C9EF7D6
:10161000DB9C9FF7E09CA0F7E19CA1F7CC9CA2F794
:10162000CD9CA3F7CE9CA4F7CF9CA5F7D09CA6F7A2
:10163000D39CA7F7D49CA8F7D59CA9F7D79CAAF769
:10164000D89CABF7D99CACF7DC9CADF7DD9CAEF732
:10165000DF9CAFF7E29CB0F77C97B1F78597B2F7C4
:101660009197B3F79297B4F79497B5F7AF97B6F70A
:10167000AB97B7F7A397B8F7B297B9F7B497BAF79C
:10168000B19ABBF7B09ABCF7B79ABDF7589EBEF7B0
:10169000B69ABFF7BA9AC0F7BC9AC1F7C19AC2F717
:1016A000C09AC3F7C59AC4F7C29AC5F7CB9AC6F7D2
:1016B000CC9AC7F7D19AC8F7459BC9F7439BCAF79D
:1016C000479BCBF7499BCCF7489BCDF74D9BCEF77B
:1016D000519BCFF7E898D0F70D99D1F72E99D2F713
:1016E0005599D3F75499D4F7DF9AD5F7E19AD6F7FD
:1016F000E69AD7F7EF9AD8F7EB9AD9F7FB9ADAF789
:10170000ED9ADBF7F99ADCF7089BDDF70F9BDEF724
:10171000139BDFF71F9BE0F7239BE1F7BD9EE2F7EA
:10172000BE9EE3F73B7EE4F7829EE5F7879EE6F7F1
:10173000889EE7F78B9EE8F7929EE9F7D693EAF743
:101740009D9EEBF79F9EECF7DB9EEDF7DC9EEEF7A0
:10175000DD9EEFF7E09EF0F7DF9EF1F7E29EF2F7F5
:10176000E99EF3F7E79EF4F7E59EF5F7EA9EF6F7B4
:10177000EF9EF7F7229FF8F72C9FF9F72F9FFAF7C4
:10178000399FFBF7379FFCF73D9FFDF73E9FFEF724
:10179000449F40F8E39C41F8E49C42F8E59C43F800
:1017A000E69C44F8E79C45F8E89C46F8E99C47F835
:1017B000EA9C48F8EB9C49F8EC9C4AF8ED9C4BF805
:1017C000EE9C4CF8EF9C4DF8F09C4EF8F19C4FF8D5
:1017D000F29C50F8F39C51F8F49C52F8F59C53F8A5
:1017E000F69C54F8F79C55F8F89C56F8F99C57F875
:1017F000FA9C58F8FB9C59F8FC9C5AF8FD9C5BF845
:10180000FE9C5CF8FF9C5DF8009D5EF8019D5FF812
:10181000029D60F8039D61F8049D62F8059D63F8E0
:10182000069D64F8079D65F8089D66F8099D67F8B0
:101830000A9D68F80B9D69F80C9D6AF80D9D6BF880
:101840000E9D6CF80F9D6DF8109D6EF8119D6FF850
:10185000129D70F8139D71F8149D72F8159D73F820
:10186000169D74F8179D75F8189D76F8199D77F8F0
:101870001A9D78F81B9D79F81C9D7AF81D9D7BF8C0
:101880001E9D7CF81F9D7DF8209D7EF8219D80F88F
:10189000229D81F8239D82F8249D83F8259D84F85C
:1018A000269D85F8279D86F8289D87F8299D88F82C
:1018B0002A9D89F82B9D8AF82C9D8BF82D9D8CF8FC
:1018C0002E9D8DF82F9D8EF8309D8FF8319D90F8CC
:1018D000329D91F8339D92F8349D93F8359D94F89C
:1018E000369D95F8379D96F8389D97F8399D98F86C
:1018F0003A9D99F83B9D9AF83C9D9BF83D9D9CF83C
:101900003E9D9DF83F9D9EF8409D9FF8419DA0F80B
:10191000429D40F9439D41F9449D42F9459D43F95B
:10192000469D44F9479D45F9489D46F9499D47F92B
:101930004A9D48F94B9D49F94C9D4AF94D9D4BF9FB
:101940004E9D4CF94F9D4DF9509D4EF9519D4FF9CB
:10195000529D50F9539D51F9549D52F9559D53F99B
:10196000569D54F9579D55F9589D56F9599D57F96B
:101970005A9D58F95B9D59F95C9D5AF95D9D5BF93B
:101980005E9D5CF95F9D5DF9609D5EF9619D5FF90B
:10199000629D60F9639D61F9649D62F9659D63F9DB
:1019A000669D64F9679D65F9689D66F9699D67F9AB
:1019B0006A9D68F96B9D69F96C9D6AF96D9D6BF97B
:1019C0006E9D6CF96F9D6DF9709D6EF9719D6FF94B
:1019D000729D70F9739D71F9749D72F9759D73F91B
:1019E000769D74F9779D75F9789D76F9799D77F9EB
:1019F0007A9D78F97B9D79F97C9D7AF97D9D7BF9BB
:101A00007E9D7CF97F9D7DF9809D7EF9819D80F989
:101A1000829D81F9839D82F9849D83F9859D84F956
:101A2000869D85F9879D86F9889D87F9899D88F926
:101A30008A9D89F98B9D8AF98C9D8BF98D9D8CF9F6
:101A40008E9D8DF98F9D8EF9909D8FF9919D90F9C6
:101A5000929D91F9939D92F9949D93F9959D94F996
:101A6000969D95F9979D96F9989D97F9999D98F966
:101A70009A9D99F99B9D9AF99C9D9BF99D9D9CF936
:101A80009E9D9DF99F9D9EF9A09D9FF9A19DA0F906
:101A9000A29D40FAA39D41FAA49D42FAA59D43FA56
:101AA000A69D44FAA79D45FAA89D46FAA99D47FA26
:101AB000AA9D48FAAB9D49FAAC9D4AFAAD9D4BFAF6
:101AC000AE9D4CFAAF9D4DFAB09D4EFAB19D4FFAC6
:101AD000B29D50FAB39D51FAB49D52FAB59D53FA96
:101AE000B69D54FAB79D55FAB89D56FAB99D57FA66
:101AF000BA9D58FABB9D59FABC9D5AFABD9D5BFA36
:101B0000BE9D5CFABF9D5DFAC09D5EFAC19D5FFA05
:101B1000C29D60FAC39D61FAC49D62FAC59D63FAD5
:101B2000C69D64FAC79D65FAC89D66FAC99D67FAA5
:101B3000CA9D68FACB9D69FACC9D6AFACD9D6BFA75
:101B4000CE9D6CFACF9D6DFAD09D6EFAD19D6FFA45
:101B5000D29D70FAD39D71FAD49D72FAD59D73FA15
:101B6000D69D74FAD79D75FAD89D76FAD99D77FAE5
:101B7000DA9D78FADB9D79FADC9D7AFADD9D7BFAB5
:101B8000DE9D7CFADF9D7DFAE09D7EFAE19D80FA84
:101B9000E29D81FAE39D82FAE49D83FAE59D84FA51
:101BA000E69D85FAE79D86FAE89D87FAE99D88FA21
:101BB000EA9D89FAEB9D8AFAEC9D8BFAED9D8CFAF1
:101BC000EE9D8DFAEF9D8EFAF09D8FFAF19D90FAC1
:101BD000F29D91FAF39D92FAF49D93FAF59D94FA91
:101BE000F69D95FAF79D96FAF89D97FAF99D98FA61
:101BF000FA9D99FAFB9D9AFAFC9D9BFAFD9D9CFA31
:101C0000FE9D9DFAFF9D9EFA009E9FFA019EA0FAFE
:101C1000029E40FB039E41FB049E42FB059E43FB4C
:101C2000069E44FB079E45FB089E46FB099E47FB1C
:101C30000A9E48FB0B9E49FB0C9E4AFB0D9E4BFBEC
:101C40000E9E4CFB0F9E4DFB109E4EFB119E4FFBBC
:101C5000129E50FB139E51FB149E52FB159E53FB8C
:101C6000169E54FB179E55FB189E56FB199E57FB5C
:101C70001A9E58FB1B9E59FB1C9E5AFB1D9E5BFB2C
:101C80001E9E5CFB249E5DFB279E5EFB2E9E5FFBE3
:101C9000309E60FB349E61FB3B9E62FB3C9E63FB7F
:101CA000409E64FB4D9E65FB509E66FB529E67FB0B
:101CB000539E68FB549E69FB569E6AFB599E6BFBC4
:101CC0005D9E6CFB5F9E6DFB609E6EFB619E6FFB7D
:101CD000629E70FB659E71FB6E9E72FB6F9E73FB36
:101CE000729E74FB749E75FB759E76FB769E77FBE9
:101CF000779E78FB789E79FB799E7AFB7A9E7BFBB8
:101D00007B9E7CFB7C9E7DFB7D9E7EFB809E80FB84
:101D1000819E81FB839E82FB849E83FB859E84FB48
:101D2000869E85FB899E86FB8A9E87FB8C9E88FB10
:101D30008D9E89FB8E9E8AFB8F9E8BFB909E8CFBDB
:101D4000919E8DFB949E8EFB959E8FFB969E90FBA5
:101D5000979E91FB989E92FB999E93FB9A9E94FB73
:101D60009B9E95FB9C9E96FB9E9E97FBA09E98FB40
:101D7000A19E99FBA29E9AFBA39E9BFBA49E9CFB0B
:101D8000A59E9DFBA79E9EFBA89E9FFBA99EA0FBD8
:101D9000AA9E40FCAB9E41FCAC9E42FCAD9E43FC27
:101DA000AE9E44FCAF9E45FCB09E46FCB19E47FCF7
:101DB000B29E48FCB39E49FCB59E4AFCB69E4BFCC5
:101DC000B79E4CFCB99E4DFCBA9E4EFCBC9E4FFC8F
:101DD000BF9E50FCC09E51FCC19E52FCC29E53FC53
:101DE000C39E54FCC59E55FCC69E56FCC79E57FC20
:101DF000C89E58FCCA9E59FCCB9E5AFCCC9E5BFCEC
:101E0000D09E5CFCD29E5DFCD39E5EFCD59E5FFCAA
:101E1000D69E60FCD79E61FCD99E62FCDA9E63FC74
:101E2000DE9E64FCE19E65FCE39E66FCE49E67FC2E
:101E3000E69E68FCE89E69FCEB9E6AFCEC9E6BFCEF
:101E4000ED9E6CFCEE9E6DFCF09E6EFCF19E6FFCB8
:101E5000F29E70FCF39E71FCF49E72FCF59E73FC86
:101E6000F69E74FCF79E75FCF89E76FCFA9E77FC55
:101E7000FD9E78FCFF9E79FC009F7AFC019F7BFC15
:101E8000029F7CFC039F7DFC049F7EFC059F80FCE1
:101E9000069F81FC079F82FC089F83FC099F84FCAE
:101EA0000A9F85FC0C9F86FC0F9F87FC119F88FC76
:101EB000129F89FC149F8AFC159F8BFC169F8CFC3B
:101EC000189F8DFC1A9F8EFC1B9F8FFC1C9F90FC03
:101ED0001D9F91FC1E9F92FC1F9F93FC219F94FCD1
:101EE000239F95FC249F96FC259F97FC269F98FC9A
:101EF000279F99FC289F9AFC299F9BFC2A9F9CFC6A
:101F00002B9F9DFC2D9F9EFC2E9F9FFC309FA0FC35
:101F1000319F40FD329F41FD339F42FD349F43FD81
:101F2000359F44FD369F45FD389F46FD3A9F47FD4E
:101F30003C9F48FD3F9F49FD409F4AFD419F4BFD0F
:101F4000429F4CFD439F4DFD459F4EFD469F4FFDDB
:101F5000479F50FD489F51FD499F52FD4A9F53FDA9
:101F60004B9F54FD4C9F55FD4D9F56FD4E9F57FD79
:101F70004F9F58FD529F59FD539F5AFD549F5BFD43
:101F8000559F5CFD569F5DFD579F5EFD589F5FFD11
:101F9000599F60FD5A9F61FD5B9F62FD5C9F63FDE1
:101FA0005D9F64FD5E9F65FD5F9F66FD609F67FDB1
:101FB000619F68FD629F69FD639F6AFD649F6BFD81
:101FC000659F6CFD669F6DFD679F6EFD689F6FFD51
:101FD000699F70FD6A9F71FD6B9F72FD6C9F73FD21
:101FE0006D9F74FD6E9F75FD6F9F76FD709F77FDF1
:101FF000719F78FD729F79FD739F7AFD749F7BFDC1
:10200000759F7CFD769F7DFD779F7EFD789F80FD8F
:10201000799F81FD7A9F82FD7B9F83FD7C9F84FD5C
:102020007D9F85FD7E9F86FD819F87FD829F88FD28
:102030008D9F89FD8E9F8AFD8F9F8BFD909F8CFDCC
:10204000919F8DFD929F8EFD939F8FFD949F90FD9C
:10205000959F91FD969F92FD979F93FD989F94FD6C
:102060009C9F95FD9D9F96FD9E9F97FDA19F98FD2E
:10207000A29F99FDA39F9AFDA49F9BFDA59F9CFDF8
:102080002CF99DFD79F99EFD95F99FFDE7F9A0FDDD
:10209000F1F940FE0CFA41FE0DFA42FE0EFA43FE43
:1020A0000FFA44FE11FA45FE13FA46FE14FA47FEF3
:1020B00018FA48FE1FFA49FE20FA4AFE21FA4BFEA2
:1020C00023FA4CFE24FA4DFE27FA4EFE28FA4FFE64
:1020D00029FA0000000061001A03E0001703F8006D
:1020E0000703FF0001007801000130013201060101
:1020F000390110014A012E017901060180014D00CC
:1021000043028101820182018401840186018701E9
:10211000870189018A018B018B018D018E018F015D
:1021200090019101910193019401F60196019701AB
:10213000980198013D029B019C019D0120029F0195
:10214000A001A001A201A201A401A401A601A7016E
:10215000A701A901AA01AB01AC01AC01AE01AF011D
:10216000AF01B101B201B301B301B501B501B701CE
:10217000B801B801BA01BB01BC01BC01BE01F70145
:10218000C001C101C201C301C401C501C401C7012D
:10219000C801C701CA01CB01CA01CD011001DD018F
:1021A00001008E01DE011201F3010300F101F401CF
:1021B000F401F8012801220212013A020900652CFB
:1021C0003B023B023D02662C3F02400241024102BB
:1021D00046020A015302400081018601550289012D
:1021E0008A0158028F015A0290015C025D025E0270
:1021F0005F02930161026202940164026502660259
:102200006702970196016A02622C6C026D026E02EF
:102210009C01700271029D01730274029F0176029B
:102220007702780279027A027B027C02642C7E02B9
:102230007F02A60181028202A90184028502860230
:102240008702AE014402B101B20145028D028E0245
:102250008F0290029102B7017B030300FD03FE038E
:10226000FF03AC0304008603880389038A03B103D8
:102270001103C2030200A303A303C4030803CC0396
:1022800003008C038E038F03D8031801F2030A00A6
:10229000F903F303F403F503F603F703F703F90374
:1022A000FA03FA03300420035004100760042201EB
:1022B0008A043601C1040E01CF040100C004D00419
:1022C00044016105260400007D1D0100632C001EF1
:1022D0009601A01E5A01001F0806101F0606201FA7
:1022E0000806301F0806401F0606511F0700591F29
:1022F000521F5B1F541F5D1F561F5F1F601F080684
:10230000701F0E00BA1FBB1FC81FC91FCA1FCB1FDB
:10231000DA1FDB1FF81FF91FEA1FEB1FFA1FFB1F55
:10232000801F0806901F0806A01F0806B01F0400A3
:10233000B81FB91FB21FBC1FCC1F0100C31FD01F85
:102340000206E01F0206E51F0100EC1FF31F01005B
:10235000FC1F4E2101003221702110028421010056
:102360008321D0241A05302C2F04602C0201672C05
:102370000601752C0201802C6401002D260841FF06
:102380001A030000303132333435363738394142A0
:1023900043444546003031323334353637383941DD
:1023A0004243444546000000313A2F312E7669649D
:1023B00000000000313A2F322E76696400000000E0
:1023C000313A2F332E76696400000000313A2F3401
:1023D0002E76696400000000313A2F352E7669644C
:1023E000000000001424030800000020F86F010022
:1023F000D4030008F8260308000000100081000044
:10240000D40300082828030800810010E05F0000C2
:10241000C83B000801FF01FF01FF01FF01FF01FFB1
:1024200001FF01FF01FF01FF01FF01FF01FF01FFAC
:1024300001FF01FF01FF01FF01FF01FF01FF01FF9C
:1024400001FF01FF01FF01FF01FF01FF01FF01FF8C
:1024500001FF01FF01FF01FF01FF01FF01FF01FF7C
:1024600001FF01FF01FF01FF01FF01FF01FF01FF6C
:1024700001FF01FF01FF01FF01FF01FF01FF01FF5C
:1024800001FF01FF01FF01FF01FF01FF01FF01FF4C
:1024900001FF01FF01FF01FF01FF01FF01FF01FF3C
:1024A00001FF01FF01FF01FF01FF01FF01FF01FF2C
:1024B00001FF01FF01FF01FF01FF01FF01FF01FF1C
:1024C00001FF01FF01FF01FF01FF01FF01FF01FF0C
:1024D00001FF01FF01FF01FF01FF01FF01FF01FFFC
:1024E00001FF01FF01FF01FF01FF01FF01FF01FFEC
:1024F00001FF01FF01FF01FF01FF01FF01FF01FFDC
:1025000001FF01FF01FF01FF01FF01FF01FF01FFCB
:1025100001FF01FF01FF01FF01FF01FF01FF01FFBB
:1025200001FF01FF01FF01FF01FF01FF01FF01FFAB
:1025300001FF01FF01FF01FF01FF01FF01FF01FF9B
:1025400001FF01FF01FF01FF01FF01FF01FF01FF8B
:1025500001FF01FF01FF01FF01FF01FF01FF01FF7B
:1025600001FF01FF01FF01FF01FF01FF01FF01FF6B
:1025700001FF01FF01FF01FF01FF01FF01FF01FF5B
:1025800001FF01FF01FF01FF01FF01FF01FF01FF4B
:1025900001FF01FF01FF01FF01FF01FF01FF01FF3B
:1025A00001FF01FF01FF01FF01FF01FF01FF01FF2B
:1025B00001FF01FF01FF01FF01FF01FF01FF01FF1B
:1025C00001FF01FF01FF01FF01FF01FF01FF01FF0B
:1025D00001FF01FF01FF01FF01FF01FF01FF01FFFB
:1025E00001FF01FF01FF01FF01FF01FF01FF01FFEB
:1025F00001FF01FF01FF01FF01FF01FF01FF01FFDB
:1026000001FF01FF01FF01FF01FF01FF01FF01FFCA
:1026100001FF01FF01FF01FF01FF01FF01FF01FFBA
:1026200001FF01FF01FF01FF01FF01FF01FF01FFAA
:1026300001FF01FF01FF01FF01FF01FF01FF01FF9A
:1026400001FF01FF01FF01FF01FF01FF01FF01FF8A
:1026500001FF01FF01FF01FF01FF01FF01FF01FF7A
:1026600001FF01FF01FF01FF01FF01FF01FF01FF6A
:1026700001FF01FF01FF01FF01FF01FF01FF01FF5A
:1026800001FF01FF01FF01FF01FF01FF01FF01FF4A
:1026900001FF01FF01FF01FF01FF01FF01FF01FF3A
:1026A00001FF01FF01FF01FF01FF01FF01FF01FF2A
:1026B00001FF01FF01FF01FF01FF01FF01FF01FF1A
:1026C00001FF01FF01FF01FF01FF01FF01FF01FF0A
:1026D00001FF01FF01FF01FF01FF01FF01FF01FFFA
:1026E00001FF01FF01FF01FF01FF01FF01FF01FFEA
:1026F00001FF01FF01FF016901FF01FF01FF01FF70
:1027000001FF01FF01FF01FF01FF01FF01FF01FFC9
:1027100001FF01FF01FF01FF01FF01FF01FF01FFB9
:1027200001FF01FF01FF01FF01FF01FF01FF01FFA9
:1027300001FF01FF01FF01FF01FF01FF01FF01FF99
:1027400001FF01FF01FF01FF01FF01FF01FF01FF89
:1027500001FF01FF01FF01FF01FF01FF01FF01FF79
:1027600001FF01FF01FF01FF01FF01FF01FF01FF69
:1027700001FF01FF01FF01FF01FF01FF01FF01FF59
:1027800001FF01FF01FF01FF01FF01FF01FF01FF49
:1027900001FF01FF01FF01FF01FF01FF01FF01FF39
:1027A00001FF01FF01FF01FF01FF01FF01FF01FF29
:1027B00001FF01FF01FF01FF01FF01FF01FF01FF19
:1027C00001FF01FF01FF01FF01FF01FF01FF01FF09
:1027D00001FF01FF01FF01FF01FF01FF01FF01FFF9
:1027E00001FF01FF01FF01FF01FF01FF01FF01FFE9
:1027F00001FF01FF01FF01FF01842D010203040419
:10280000BD060708091802660102271E1AAA01015F
:102810001F0218021EA8230308B4041AC0041ACC0D
:08282000041AD8044100000075
:040000050800018965
:00000001FF
